RESIDENCE_TERR,CITIZENSHIP_MOTHER,MOTHER_AGE,OBS_VALUE
ITC1,FRG,Y_UN17,17
ITC1,FRG,Y18,32
ITC1,FRG,Y19,89
ITC1,FRG,Y20,120
ITC1,FRG,Y21,161
ITC1,FRG,Y22,208
ITC1,FRG,Y23,317
ITC1,FRG,Y24,327
ITC1,FRG,Y25,385
ITC1,ITL,Y_UN17,29
ITC1,ITL,Y18,46
ITC1,ITL,Y19,95
ITC1,ITL,Y20,136
ITC1,ITL,Y21,153
ITC1,ITL,Y22,209
ITC1,ITL,Y23,242
ITC1,ITL,Y24,353
ITC1,ITL,Y25,497
ITC1,TOTAL,Y_UN17,46
ITC1,TOTAL,Y18,78
ITC1,TOTAL,Y19,184
ITC1,TOTAL,Y20,256
ITC1,TOTAL,Y21,314
ITC1,TOTAL,Y22,417
ITC1,TOTAL,Y23,559
ITC1,TOTAL,Y24,680
ITC1,TOTAL,Y25,882
ITC2,FRG,Y_UN17,0
ITC2,FRG,Y18,1
ITC2,FRG,Y19,2
ITC2,FRG,Y20,3
ITC2,FRG,Y21,4
ITC2,FRG,Y22,4
ITC2,FRG,Y23,11
ITC2,FRG,Y24,3
ITC2,FRG,Y25,10
ITC2,ITL,Y_UN17,1
ITC2,ITL,Y18,0
ITC2,ITL,Y19,4
ITC2,ITL,Y20,4
ITC2,ITL,Y21,4
ITC2,ITL,Y22,5
ITC2,ITL,Y23,12
ITC2,ITL,Y24,14
ITC2,ITL,Y25,32
ITC2,TOTAL,Y_UN17,1
ITC2,TOTAL,Y18,1
ITC2,TOTAL,Y19,6
ITC2,TOTAL,Y20,7
ITC2,TOTAL,Y21,8
ITC2,TOTAL,Y22,9
ITC2,TOTAL,Y23,23
ITC2,TOTAL,Y24,17
ITC2,TOTAL,Y25,42
ITC3,FRG,Y_UN17,6
ITC3,FRG,Y18,11
ITC3,FRG,Y19,41
ITC3,FRG,Y20,62
ITC3,FRG,Y21,64
ITC3,FRG,Y22,108
ITC3,FRG,Y23,102
ITC3,FRG,Y24,143
ITC3,FRG,Y25,116
ITC3,ITL,Y_UN17,8
ITC3,ITL,Y18,10
ITC3,ITL,Y19,34
ITC3,ITL,Y20,33
ITC3,ITL,Y21,40
ITC3,ITL,Y22,47
ITC3,ITL,Y23,77
ITC3,ITL,Y24,112
ITC3,ITL,Y25,152
ITC3,TOTAL,Y_UN17,14
ITC3,TOTAL,Y18,21
ITC3,TOTAL,Y19,75
ITC3,TOTAL,Y20,95
ITC3,TOTAL,Y21,104
ITC3,TOTAL,Y22,155
ITC3,TOTAL,Y23,179
ITC3,TOTAL,Y24,255
ITC3,TOTAL,Y25,268
ITC4,FRG,Y_UN17,60
ITC4,FRG,Y18,62
ITC4,FRG,Y19,195
ITC4,FRG,Y20,345
ITC4,FRG,Y21,486
ITC4,FRG,Y22,627
ITC4,FRG,Y23,807
ITC4,FRG,Y24,907
ITC4,FRG,Y25,1065
ITC4,ITL,Y_UN17,74
ITC4,ITL,Y18,103
ITC4,ITL,Y19,182
ITC4,ITL,Y20,266
ITC4,ITL,Y21,324
ITC4,ITL,Y22,434
ITC4,ITL,Y23,577
ITC4,ITL,Y24,793
ITC4,ITL,Y25,1045
ITC4,TOTAL,Y_UN17,134
ITC4,TOTAL,Y18,165
ITC4,TOTAL,Y19,377
ITC4,TOTAL,Y20,611
ITC4,TOTAL,Y21,810
ITC4,TOTAL,Y22,1061
ITC4,TOTAL,Y23,1384
ITC4,TOTAL,Y24,1700
ITC4,TOTAL,Y25,2110
ITD1,FRG,Y_UN17,0
ITD1,FRG,Y18,5
ITD1,FRG,Y19,12
ITD1,FRG,Y20,12
ITD1,FRG,Y21,23
ITD1,FRG,Y22,31
ITD1,FRG,Y23,36
ITD1,FRG,Y24,53
ITD1,FRG,Y25,56
ITD1,ITL,Y_UN17,7
ITD1,ITL,Y18,6
ITD1,ITL,Y19,21
ITD1,ITL,Y20,29
ITD1,ITL,Y21,30
ITD1,ITL,Y22,45
ITD1,ITL,Y23,71
ITD1,ITL,Y24,109
ITD1,ITL,Y25,143
ITD1,TOTAL,Y_UN17,7
ITD1,TOTAL,Y18,11
ITD1,TOTAL,Y19,33
ITD1,TOTAL,Y20,41
ITD1,TOTAL,Y21,53
ITD1,TOTAL,Y22,76
ITD1,TOTAL,Y23,107
ITD1,TOTAL,Y24,162
ITD1,TOTAL,Y25,199
ITD2,FRG,Y_UN17,0
ITD2,FRG,Y18,4
ITD2,FRG,Y19,10
ITD2,FRG,Y20,12
ITD2,FRG,Y21,28
ITD2,FRG,Y22,37
ITD2,FRG,Y23,39
ITD2,FRG,Y24,46
ITD2,FRG,Y25,55
ITD2,ITL,Y_UN17,7
ITD2,ITL,Y18,3
ITD2,ITL,Y19,14
ITD2,ITL,Y20,17
ITD2,ITL,Y21,24
ITD2,ITL,Y22,31
ITD2,ITL,Y23,42
ITD2,ITL,Y24,45
ITD2,ITL,Y25,85
ITD2,TOTAL,Y_UN17,7
ITD2,TOTAL,Y18,7
ITD2,TOTAL,Y19,24
ITD2,TOTAL,Y20,29
ITD2,TOTAL,Y21,52
ITD2,TOTAL,Y22,68
ITD2,TOTAL,Y23,81
ITD2,TOTAL,Y24,91
ITD2,TOTAL,Y25,140
ITD3,FRG,Y_UN17,8
ITD3,FRG,Y18,28
ITD3,FRG,Y19,91
ITD3,FRG,Y20,160
ITD3,FRG,Y21,213
ITD3,FRG,Y22,291
ITD3,FRG,Y23,390
ITD3,FRG,Y24,425
ITD3,FRG,Y25,462
ITD3,ITL,Y_UN17,24
ITD3,ITL,Y18,53
ITD3,ITL,Y19,87
ITD3,ITL,Y20,117
ITD3,ITL,Y21,155
ITD3,ITL,Y22,221
ITD3,ITL,Y23,276
ITD3,ITL,Y24,372
ITD3,ITL,Y25,529
ITD3,TOTAL,Y_UN17,32
ITD3,TOTAL,Y18,81
ITD3,TOTAL,Y19,178
ITD3,TOTAL,Y20,277
ITD3,TOTAL,Y21,368
ITD3,TOTAL,Y22,512
ITD3,TOTAL,Y23,666
ITD3,TOTAL,Y24,797
ITD3,TOTAL,Y25,991
ITD4,FRG,Y_UN17,0
ITD4,FRG,Y18,5
ITD4,FRG,Y19,20
ITD4,FRG,Y20,22
ITD4,FRG,Y21,48
ITD4,FRG,Y22,72
ITD4,FRG,Y23,63
ITD4,FRG,Y24,89
ITD4,FRG,Y25,101
ITD4,ITL,Y_UN17,11
ITD4,ITL,Y18,17
ITD4,ITL,Y19,27
ITD4,ITL,Y20,21
ITD4,ITL,Y21,35
ITD4,ITL,Y22,59
ITD4,ITL,Y23,73
ITD4,ITL,Y24,97
ITD4,ITL,Y25,141
ITD4,TOTAL,Y_UN17,11
ITD4,TOTAL,Y18,22
ITD4,TOTAL,Y19,47
ITD4,TOTAL,Y20,43
ITD4,TOTAL,Y21,83
ITD4,TOTAL,Y22,131
ITD4,TOTAL,Y23,136
ITD4,TOTAL,Y24,186
ITD4,TOTAL,Y25,242
ITD5,FRG,Y_UN17,20
ITD5,FRG,Y18,41
ITD5,FRG,Y19,108
ITD5,FRG,Y20,164
ITD5,FRG,Y21,261
ITD5,FRG,Y22,336
ITD5,FRG,Y23,388
ITD5,FRG,Y24,447
ITD5,FRG,Y25,523
ITD5,ITL,Y_UN17,20
ITD5,ITL,Y18,25
ITD5,ITL,Y19,77
ITD5,ITL,Y20,114
ITD5,ITL,Y21,126
ITD5,ITL,Y22,188
ITD5,ITL,Y23,230
ITD5,ITL,Y24,327
ITD5,ITL,Y25,449
ITD5,TOTAL,Y_UN17,40
ITD5,TOTAL,Y18,66
ITD5,TOTAL,Y19,185
ITD5,TOTAL,Y20,278
ITD5,TOTAL,Y21,387
ITD5,TOTAL,Y22,524
ITD5,TOTAL,Y23,618
ITD5,TOTAL,Y24,774
ITD5,TOTAL,Y25,972
ITDA,FRG,Y_UN17,0
ITDA,FRG,Y18,9
ITDA,FRG,Y19,22
ITDA,FRG,Y20,24
ITDA,FRG,Y21,51
ITDA,FRG,Y22,68
ITDA,FRG,Y23,75
ITDA,FRG,Y24,99
ITDA,FRG,Y25,111
ITDA,ITL,Y_UN17,14
ITDA,ITL,Y18,9
ITDA,ITL,Y19,35
ITDA,ITL,Y20,46
ITDA,ITL,Y21,54
ITDA,ITL,Y22,76
ITDA,ITL,Y23,113
ITDA,ITL,Y24,154
ITDA,ITL,Y25,228
ITDA,TOTAL,Y_UN17,14
ITDA,TOTAL,Y18,18
ITDA,TOTAL,Y19,57
ITDA,TOTAL,Y20,70
ITDA,TOTAL,Y21,105
ITDA,TOTAL,Y22,144
ITDA,TOTAL,Y23,188
ITDA,TOTAL,Y24,253
ITDA,TOTAL,Y25,339
ITE1,FRG,Y_UN17,14
ITE1,FRG,Y18,32
ITE1,FRG,Y19,69
ITE1,FRG,Y20,130
ITE1,FRG,Y21,175
ITE1,FRG,Y22,240
ITE1,FRG,Y23,253
ITE1,FRG,Y24,306
ITE1,FRG,Y25,377
ITE1,ITL,Y_UN17,32
ITE1,ITL,Y18,42
ITE1,ITL,Y19,59
ITE1,ITL,Y20,78
ITE1,ITL,Y21,103
ITE1,ITL,Y22,130
ITE1,ITL,Y23,167
ITE1,ITL,Y24,253
ITE1,ITL,Y25,355
ITE1,TOTAL,Y_UN17,46
ITE1,TOTAL,Y18,74
ITE1,TOTAL,Y19,128
ITE1,TOTAL,Y20,208
ITE1,TOTAL,Y21,278
ITE1,TOTAL,Y22,370
ITE1,TOTAL,Y23,420
ITE1,TOTAL,Y24,559
ITE1,TOTAL,Y25,732
ITE2,FRG,Y_UN17,4
ITE2,FRG,Y18,14
ITE2,FRG,Y19,13
ITE2,FRG,Y20,40
ITE2,FRG,Y21,39
ITE2,FRG,Y22,45
ITE2,FRG,Y23,45
ITE2,FRG,Y24,64
ITE2,FRG,Y25,86
ITE2,ITL,Y_UN17,5
ITE2,ITL,Y18,3
ITE2,ITL,Y19,15
ITE2,ITL,Y20,22
ITE2,ITL,Y21,26
ITE2,ITL,Y22,35
ITE2,ITL,Y23,48
ITE2,ITL,Y24,85
ITE2,ITL,Y25,115
ITE2,TOTAL,Y_UN17,9
ITE2,TOTAL,Y18,17
ITE2,TOTAL,Y19,28
ITE2,TOTAL,Y20,62
ITE2,TOTAL,Y21,65
ITE2,TOTAL,Y22,80
ITE2,TOTAL,Y23,93
ITE2,TOTAL,Y24,149
ITE2,TOTAL,Y25,201
ITE3,FRG,Y_UN17,3
ITE3,FRG,Y18,14
ITE3,FRG,Y19,21
ITE3,FRG,Y20,41
ITE3,FRG,Y21,47
ITE3,FRG,Y22,80
ITE3,FRG,Y23,87
ITE3,FRG,Y24,116
ITE3,FRG,Y25,127
ITE3,ITL,Y_UN17,11
ITE3,ITL,Y18,10
ITE3,ITL,Y19,28
ITE3,ITL,Y20,35
ITE3,ITL,Y21,62
ITE3,ITL,Y22,71
ITE3,ITL,Y23,86
ITE3,ITL,Y24,104
ITE3,ITL,Y25,161
ITE3,TOTAL,Y_UN17,14
ITE3,TOTAL,Y18,24
ITE3,TOTAL,Y19,49
ITE3,TOTAL,Y20,76
ITE3,TOTAL,Y21,109
ITE3,TOTAL,Y22,151
ITE3,TOTAL,Y23,173
ITE3,TOTAL,Y24,220
ITE3,TOTAL,Y25,288
ITE4,FRG,Y_UN17,23
ITE4,FRG,Y18,42
ITE4,FRG,Y19,76
ITE4,FRG,Y20,110
ITE4,FRG,Y21,171
ITE4,FRG,Y22,201
ITE4,FRG,Y23,237
ITE4,FRG,Y24,331
ITE4,FRG,Y25,398
ITE4,ITL,Y_UN17,58
ITE4,ITL,Y18,74
ITE4,ITL,Y19,122
ITE4,ITL,Y20,182
ITE4,ITL,Y21,206
ITE4,ITL,Y22,362
ITE4,ITL,Y23,409
ITE4,ITL,Y24,535
ITE4,ITL,Y25,692
ITE4,TOTAL,Y_UN17,81
ITE4,TOTAL,Y18,116
ITE4,TOTAL,Y19,198
ITE4,TOTAL,Y20,292
ITE4,TOTAL,Y21,377
ITE4,TOTAL,Y22,563
ITE4,TOTAL,Y23,646
ITE4,TOTAL,Y24,866
ITE4,TOTAL,Y25,1090
ITF1,FRG,Y_UN17,1
ITF1,FRG,Y18,4
ITF1,FRG,Y19,17
ITF1,FRG,Y20,30
ITF1,FRG,Y21,32
ITF1,FRG,Y22,53
ITF1,FRG,Y23,44
ITF1,FRG,Y24,65
ITF1,FRG,Y25,68
ITF1,ITL,Y_UN17,7
ITF1,ITL,Y18,13
ITF1,ITL,Y19,46
ITF1,ITL,Y20,37
ITF1,ITL,Y21,63
ITF1,ITL,Y22,77
ITF1,ITL,Y23,126
ITF1,ITL,Y24,157
ITF1,ITL,Y25,184
ITF1,TOTAL,Y_UN17,8
ITF1,TOTAL,Y18,17
ITF1,TOTAL,Y19,63
ITF1,TOTAL,Y20,67
ITF1,TOTAL,Y21,95
ITF1,TOTAL,Y22,130
ITF1,TOTAL,Y23,170
ITF1,TOTAL,Y24,222
ITF1,TOTAL,Y25,252
ITF2,FRG,Y_UN17,0
ITF2,FRG,Y18,1
ITF2,FRG,Y19,1
ITF2,FRG,Y20,5
ITF2,FRG,Y21,3
ITF2,FRG,Y22,7
ITF2,FRG,Y23,6
ITF2,FRG,Y24,12
ITF2,FRG,Y25,9
ITF2,ITL,Y_UN17,2
ITF2,ITL,Y18,4
ITF2,ITL,Y19,12
ITF2,ITL,Y20,11
ITF2,ITL,Y21,16
ITF2,ITL,Y22,20
ITF2,ITL,Y23,19
ITF2,ITL,Y24,24
ITF2,ITL,Y25,58
ITF2,TOTAL,Y_UN17,2
ITF2,TOTAL,Y18,5
ITF2,TOTAL,Y19,13
ITF2,TOTAL,Y20,16
ITF2,TOTAL,Y21,19
ITF2,TOTAL,Y22,27
ITF2,TOTAL,Y23,25
ITF2,TOTAL,Y24,36
ITF2,TOTAL,Y25,67
ITF3,FRG,Y_UN17,20
ITF3,FRG,Y18,21
ITF3,FRG,Y19,40
ITF3,FRG,Y20,67
ITF3,FRG,Y21,90
ITF3,FRG,Y22,104
ITF3,FRG,Y23,117
ITF3,FRG,Y24,166
ITF3,FRG,Y25,171
ITF3,ITL,Y_UN17,207
ITF3,ITL,Y18,258
ITF3,ITL,Y19,401
ITF3,ITL,Y20,521
ITF3,ITL,Y21,620
ITF3,ITL,Y22,812
ITF3,ITL,Y23,936
ITF3,ITL,Y24,1207
ITF3,ITL,Y25,1459
ITF3,TOTAL,Y_UN17,227
ITF3,TOTAL,Y18,279
ITF3,TOTAL,Y19,441
ITF3,TOTAL,Y20,588
ITF3,TOTAL,Y21,710
ITF3,TOTAL,Y22,916
ITF3,TOTAL,Y23,1053
ITF3,TOTAL,Y24,1373
ITF3,TOTAL,Y25,1630
ITF4,FRG,Y_UN17,8
ITF4,FRG,Y18,32
ITF4,FRG,Y19,46
ITF4,FRG,Y20,53
ITF4,FRG,Y21,59
ITF4,FRG,Y22,92
ITF4,FRG,Y23,77
ITF4,FRG,Y24,111
ITF4,FRG,Y25,119
ITF4,ITL,Y_UN17,127
ITF4,ITL,Y18,107
ITF4,ITL,Y19,231
ITF4,ITL,Y20,305
ITF4,ITL,Y21,359
ITF4,ITL,Y22,404
ITF4,ITL,Y23,470
ITF4,ITL,Y24,602
ITF4,ITL,Y25,763
ITF4,TOTAL,Y_UN17,135
ITF4,TOTAL,Y18,139
ITF4,TOTAL,Y19,277
ITF4,TOTAL,Y20,358
ITF4,TOTAL,Y21,418
ITF4,TOTAL,Y22,496
ITF4,TOTAL,Y23,547
ITF4,TOTAL,Y24,713
ITF4,TOTAL,Y25,882
ITF5,FRG,Y_UN17,3
ITF5,FRG,Y18,5
ITF5,FRG,Y19,11
ITF5,FRG,Y20,8
ITF5,FRG,Y21,14
ITF5,FRG,Y22,9
ITF5,FRG,Y23,12
ITF5,FRG,Y24,20
ITF5,FRG,Y25,20
ITF5,ITL,Y_UN17,6
ITF5,ITL,Y18,11
ITF5,ITL,Y19,14
ITF5,ITL,Y20,19
ITF5,ITL,Y21,34
ITF5,ITL,Y22,25
ITF5,ITL,Y23,37
ITF5,ITL,Y24,68
ITF5,ITL,Y25,71
ITF5,TOTAL,Y_UN17,9
ITF5,TOTAL,Y18,16
ITF5,TOTAL,Y19,25
ITF5,TOTAL,Y20,27
ITF5,TOTAL,Y21,48
ITF5,TOTAL,Y22,34
ITF5,TOTAL,Y23,49
ITF5,TOTAL,Y24,88
ITF5,TOTAL,Y25,91
ITF6,FRG,Y_UN17,9
ITF6,FRG,Y18,22
ITF6,FRG,Y19,34
ITF6,FRG,Y20,34
ITF6,FRG,Y21,46
ITF6,FRG,Y22,34
ITF6,FRG,Y23,68
ITF6,FRG,Y24,63
ITF6,FRG,Y25,92
ITF6,ITL,Y_UN17,39
ITF6,ITL,Y18,46
ITF6,ITL,Y19,72
ITF6,ITL,Y20,97
ITF6,ITL,Y21,164
ITF6,ITL,Y22,198
ITF6,ITL,Y23,253
ITF6,ITL,Y24,323
ITF6,ITL,Y25,466
ITF6,TOTAL,Y_UN17,48
ITF6,TOTAL,Y18,68
ITF6,TOTAL,Y19,106
ITF6,TOTAL,Y20,131
ITF6,TOTAL,Y21,210
ITF6,TOTAL,Y22,232
ITF6,TOTAL,Y23,321
ITF6,TOTAL,Y24,386
ITF6,TOTAL,Y25,558
ITG1,FRG,Y_UN17,26
ITG1,FRG,Y18,27
ITG1,FRG,Y19,53
ITG1,FRG,Y20,75
ITG1,FRG,Y21,79
ITG1,FRG,Y22,126
ITG1,FRG,Y23,117
ITG1,FRG,Y24,153
ITG1,FRG,Y25,167
ITG1,ITL,Y_UN17,288
ITG1,ITL,Y18,258
ITG1,ITL,Y19,448
ITG1,ITL,Y20,551
ITG1,ITL,Y21,615
ITG1,ITL,Y22,805
ITG1,ITL,Y23,876
ITG1,ITL,Y24,1103
ITG1,ITL,Y25,1335
ITG1,TOTAL,Y_UN17,314
ITG1,TOTAL,Y18,285
ITG1,TOTAL,Y19,501
ITG1,TOTAL,Y20,626
ITG1,TOTAL,Y21,694
ITG1,TOTAL,Y22,931
ITG1,TOTAL,Y23,993
ITG1,TOTAL,Y24,1256
ITG1,TOTAL,Y25,1502
ITG2,FRG,Y_UN17,2
ITG2,FRG,Y18,4
ITG2,FRG,Y19,7
ITG2,FRG,Y20,12
ITG2,FRG,Y21,11
ITG2,FRG,Y22,23
ITG2,FRG,Y23,29
ITG2,FRG,Y24,35
ITG2,FRG,Y25,32
ITG2,ITL,Y_UN17,31
ITG2,ITL,Y18,20
ITG2,ITL,Y19,60
ITG2,ITL,Y20,68
ITG2,ITL,Y21,107
ITG2,ITL,Y22,116
ITG2,ITL,Y23,126
ITG2,ITL,Y24,153
ITG2,ITL,Y25,207
ITG2,TOTAL,Y_UN17,33
ITG2,TOTAL,Y18,24
ITG2,TOTAL,Y19,67
ITG2,TOTAL,Y20,80
ITG2,TOTAL,Y21,118
ITG2,TOTAL,Y22,139
ITG2,TOTAL,Y23,155
ITG2,TOTAL,Y24,188
ITG2,TOTAL,Y25,239
