DATAFLOW,FREQ,RESIDENCE_TERR,DATA_TYPE,CITIZENSHIP_MOTHER,MOTHER_AGE,FATHERS_AGE,YEAR_BIRTH_MOTHER,MARITAL_STATUS_MOTHER,MARITAL_STATUS_FATHER,COUPLE_OF_PARENTS,GEOG_AREA_BIRTH,CITIZEN_FOREIN_OFBIRTH,Y_BORN_ALIVE_MARRIAGE,TIME_PERIOD,OBS_VALUE,OBS_STATUS,NOTE_DS,NOTE_RESIDENCE_TERR,NOTE_DATA_TYPE,NOTE_CITIZENSHIP_MOTHER,NOTE_MOTHER_AGE,NOTE_FATHERS_AGE,NOTE_YEAR_BIRTH_MOTHER,NOTE_MARITAL_STATUS_MOTHER,NOTE_MARITAL_STATUS_FATHER,NOTE_COUPLE_OF_PARENTS,NOTE_GEOG_AREA_BIRTH,NOTE_CITIZEN_FOREIN_OFBIRTH,NOTE_Y_BORN_ALIVE_MARRIAGE,BASE_PER,UNIT_MEAS,UNIT_MULT
IT1:25_74_DF_DCIS_NATI1_8(1.0),A,ITC1,LBIRTHES_FROM2017,FRG,Y_UN17,TOTAL,ALL,99,99,ALL,ALL,WORLD,9,2018,17,,,,TIPO_DATO15__LBIRTHES_FROM2017_N1,,,,,,,,,,,,,
IT1:25_74_DF_DCIS_NATI1_8(1.0),A,ITC1,LBIRTHES_FROM2017,FRG,Y18,TOTAL,ALL,99,99,ALL,ALL,WORLD,9,2018,32,,,,TIPO_DATO15__LBIRTHES_FROM2017_N1,,,,,,,,,,,,,
IT1:25_74_DF_DCIS_NATI1_8(1.0),A,ITC1,LBIRTHES_FROM2017,FRG,Y19,TOTAL,ALL,99,99,ALL,ALL,WORLD,9,2018,89,,,,TIPO_DATO15__LBIRTHES_FROM2017_N1,,,,,,,,,,,,,
IT1:25_74_DF_DCIS_NATI1_8(1.0),A,ITC1,LBIRTHES_FROM2017,FRG,Y20,TOTAL,ALL,99,99,ALL,ALL,WORLD,9,2018,120,,,,TIPO_DATO15__LBIRTHES_FROM2017_N1,,,,,,,,,,,,,
IT1:25_74_DF_DCIS_NATI1_8(1.0),A,ITC1,LBIRTHES_FROM2017,FRG,Y21,TOTAL,ALL,99,99,ALL,ALL,WORLD,9,2018,161,,,,TIPO_DATO15__LBIRTHES_FROM2017_N1,,,,,,,,,,,,,
IT1:25_74_DF_DCIS_NATI1_8(1.0),A,ITC1,LBIRTHES_FROM2017,FRG,Y22,TOTAL,ALL,99,99,ALL,ALL,WORLD,9,2018,208,,,,TIPO_DATO15__LBIRTHES_FROM2017_N1,,,,,,,,,,,,,
IT1:25_74_DF_DCIS_NATI1_8(1.0),A,ITC1,LBIRTHES_FROM2017,FRG,Y23,TOTAL,ALL,99,99,ALL,ALL,WORLD,9,2018,317,,,,TIPO_DATO15__LBIRTHES_FROM2017_N1,,,,,,,,,,,,,
IT1:25_74_DF_DCIS_NATI1_8(1.0),A,ITC1,LBIRTHES_FROM2017,FRG,Y24,TOTAL,ALL,99,99,ALL,ALL,WORLD,9,2018,327,,,,TIPO_DATO15__LBIRTHES_FROM2017_N1,,,,,,,,,,,,,
IT1:25_74_DF_DCIS_NATI1_8(1.0),A,ITC1,LBIRTHES_FROM2017,FRG,Y25,TOTAL,ALL,99,99,ALL,ALL,WORLD,9,2018,385,,,,TIPO_DATO15__LBIRTHES_FROM2017_N1,,,,,,,,,,,,,
IT1:25_74_DF_DCIS_NATI1_8(1.0),A,ITC1,LBIRTHES_FROM2017,ITL,Y_UN17,TOTAL,ALL,99,99,ALL,ALL,WORLD,9,2018,29,,,,TIPO_DATO15__LBIRTHES_FROM2017_N1,,,,,,,,,,,,,
IT1:25_74_DF_DCIS_NATI1_8(1.0),A,ITC1,LBIRTHES_FROM2017,ITL,Y18,TOTAL,ALL,99,99,ALL,ALL,WORLD,9,2018,46,,,,TIPO_DATO15__LBIRTHES_FROM2017_N1,,,,,,,,,,,,,
IT1:25_74_DF_DCIS_NATI1_8(1.0),A,ITC1,LBIRTHES_FROM2017,ITL,Y19,TOTAL,ALL,99,99,ALL,ALL,WORLD,9,2018,95,,,,TIPO_DATO15__LBIRTHES_FROM2017_N1,,,,,,,,,,,,,
IT1:25_74_DF_DCIS_NATI1_8(1.0),A,ITC1,LBIRTHES_FROM2017,ITL,Y20,TOTAL,ALL,99,99,ALL,ALL,WORLD,9,2018,136,,,,TIPO_DATO15__LBIRTHES_FROM2017_N1,,,,,,,,,,,,,
IT1:25_74_DF_DCIS_NATI1_8(1.0),A,ITC1,LBIRTHES_FROM2017,ITL,Y21,TOTAL,ALL,99,99,ALL,ALL,WORLD,9,2018,153,,,,TIPO_DATO15__LBIRTHES_FROM2017_N1,,,,,,,,,,,,,
IT1:25_74_DF_DCIS_NATI1_8(1.0),A,ITC1,LBIRTHES_FROM2017,ITL,Y22,TOTAL,ALL,99,99,ALL,ALL,WORLD,9,2018,209,,,,TIPO_DATO15__LBIRTHES_FROM2017_N1,,,,,,,,,,,,,
IT1:25_74_DF_DCIS_NATI1_8(1.0),A,ITC1,LBIRTHES_FROM2017,ITL,Y23,TOTAL,ALL,99,99,ALL,ALL,WORLD,9,2018,242,,,,TIPO_DATO15__LBIRTHES_FROM2017_N1,,,,,,,,,,,,,
IT1:25_74_DF_DCIS_NATI1_8(1.0),A,ITC1,LBIRTHES_FROM2017,ITL,Y24,TOTAL,ALL,99,99,ALL,ALL,WORLD,9,2018,353,,,,TIPO_DATO15__LBIRTHES_FROM2017_N1,,,,,,,,,,,,,
IT1:25_74_DF_DCIS_NATI1_8(1.0),A,ITC1,LBIRTHES_FROM2017,ITL,Y25,TOTAL,ALL,99,99,ALL,ALL,WORLD,9,2018,497,,,,TIPO_DATO15__LBIRTHES_FROM2017_N1,,,,,,,,,,,,,
IT1:25_74_DF_DCIS_NATI1_8(1.0),A,ITC1,LBIRTHES_FROM2017,TOTAL,Y_UN17,TOTAL,ALL,99,99,ALL,ALL,WORLD,9,2018,46,,,,TIPO_DATO15__LBIRTHES_FROM2017_N1,,,,,,,,,,,,,
IT1:25_74_DF_DCIS_NATI1_8(1.0),A,ITC1,LBIRTHES_FROM2017,TOTAL,Y18,TOTAL,ALL,99,99,ALL,ALL,WORLD,9,2018,78,,,,TIPO_DATO15__LBIRTHES_FROM2017_N1,,,,,,,,,,,,,
IT1:25_74_DF_DCIS_NATI1_8(1.0),A,ITC1,LBIRTHES_FROM2017,TOTAL,Y19,TOTAL,ALL,99,99,ALL,ALL,WORLD,9,2018,184,,,,TIPO_DATO15__LBIRTHES_FROM2017_N1,,,,,,,,,,,,,
IT1:25_74_DF_DCIS_NATI1_8(1.0),A,ITC1,LBIRTHES_FROM2017,TOTAL,Y20,TOTAL,ALL,99,99,ALL,ALL,WORLD,9,2018,256,,,,TIPO_DATO15__LBIRTHES_FROM2017_N1,,,,,,,,,,,,,
IT1:25_74_DF_DCIS_NATI1_8(1.0),A,ITC1,LBIRTHES_FROM2017,TOTAL,Y21,TOTAL,ALL,99,99,ALL,ALL,WORLD,9,2018,314,,,,TIPO_DATO15__LBIRTHES_FROM2017_N1,,,,,,,,,,,,,
IT1:25_74_DF_DCIS_NATI1_8(1.0),A,ITC1,LBIRTHES_FROM2017,TOTAL,Y22,TOTAL,ALL,99,99,ALL,ALL,WORLD,9,2018,417,,,,TIPO_DATO15__LBIRTHES_FROM2017_N1,,,,,,,,,,,,,
IT1:25_74_DF_DCIS_NATI1_8(1.0),A,ITC1,LBIRTHES_FROM2017,TOTAL,Y23,TOTAL,ALL,99,99,ALL,ALL,WORLD,9,2018,559,,,,TIPO_DATO15__LBIRTHES_FROM2017_N1,,,,,,,,,,,,,
IT1:25_74_DF_DCIS_NATI1_8(1.0),A,ITC1,LBIRTHES_FROM2017,TOTAL,Y24,TOTAL,ALL,99,99,ALL,ALL,WORLD,9,2018,680,,,,TIPO_DATO15__LBIRTHES_FROM2017_N1,,,,,,,,,,,,,
IT1:25_74_DF_DCIS_NATI1_8(1.0),A,ITC1,LBIRTHES_FROM2017,TOTAL,Y25,TOTAL,ALL,99,99,ALL,ALL,WORLD,9,2018,882,,,,TIPO_DATO15__LBIRTHES_FROM2017_N1,,,,,,,,,,,,,
IT1:25_74_DF_DCIS_NATI1_8(1.0),A,ITC2,LBIRTHES_FROM2017,FRG,Y_UN17,TOTAL,ALL,99,99,ALL,ALL,WORLD,9,2018,0,,,,TIPO_DATO15__LBIRTHES_FROM2017_N1,,,,,,,,,,,,,
IT1:25_74_DF_DCIS_NATI1_8(1.0),A,ITC2,LBIRTHES_FROM2017,FRG,Y18,TOTAL,ALL,99,99,ALL,ALL,WORLD,9,2018,1,,,,TIPO_DATO15__LBIRTHES_FROM2017_N1,,,,,,,,,,,,,
IT1:25_74_DF_DCIS_NATI1_8(1.0),A,ITC2,LBIRTHES_FROM2017,FRG,Y19,TOTAL,ALL,99,99,ALL,ALL,WORLD,9,2018,2,,,,TIPO_DATO15__LBIRTHES_FROM2017_N1,,,,,,,,,,,,,
IT1:25_74_DF_DCIS_NATI1_8(1.0),A,ITC2,LBIRTHES_FROM2017,FRG,Y20,TOTAL,ALL,99,99,ALL,ALL,WORLD,9,2018,3,,,,TIPO_DATO15__LBIRTHES_FROM2017_N1,,,,,,,,,,,,,
IT1:25_74_DF_DCIS_NATI1_8(1.0),A,ITC2,LBIRTHES_FROM2017,FRG,Y21,TOTAL,ALL,99,99,ALL,ALL,WORLD,9,2018,4,,,,TIPO_DATO15__LBIRTHES_FROM2017_N1,,,,,,,,,,,,,
IT1:25_74_DF_DCIS_NATI1_8(1.0),A,ITC2,LBIRTHES_FROM2017,FRG,Y22,TOTAL,ALL,99,99,ALL,ALL,WORLD,9,2018,4,,,,TIPO_DATO15__LBIRTHES_FROM2017_N1,,,,,,,,,,,,,
IT1:25_74_DF_DCIS_NATI1_8(1.0),A,ITC2,LBIRTHES_FROM2017,FRG,Y23,TOTAL,ALL,99,99,ALL,ALL,WORLD,9,2018,11,,,,TIPO_DATO15__LBIRTHES_FROM2017_N1,,,,,,,,,,,,,
IT1:25_74_DF_DCIS_NATI1_8(1.0),A,ITC2,LBIRTHES_FROM2017,FRG,Y24,TOTAL,ALL,99,99,ALL,ALL,WORLD,9,2018,3,,,,TIPO_DATO15__LBIRTHES_FROM2017_N1,,,,,,,,,,,,,
IT1:25_74_DF_DCIS_NATI1_8(1.0),A,ITC2,LBIRTHES_FROM2017,FRG,Y25,TOTAL,ALL,99,99,ALL,ALL,WORLD,9,2018,10,,,,TIPO_DATO15__LBIRTHES_FROM2017_N1,,,,,,,,,,,,,
IT1:25_74_DF_DCIS_NATI1_8(1.0),A,ITC2,LBIRTHES_FROM2017,ITL,Y_UN17,TOTAL,ALL,99,99,ALL,ALL,WORLD,9,2018,1,,,,TIPO_DATO15__LBIRTHES_FROM2017_N1,,,,,,,,,,,,,
IT1:25_74_DF_DCIS_NATI1_8(1.0),A,ITC2,LBIRTHES_FROM2017,ITL,Y18,TOTAL,ALL,99,99,ALL,ALL,WORLD,9,2018,0,,,,TIPO_DATO15__LBIRTHES_FROM2017_N1,,,,,,,,,,,,,
IT1:25_74_DF_DCIS_NATI1_8(1.0),A,ITC2,LBIRTHES_FROM2017,ITL,Y19,TOTAL,ALL,99,99,ALL,ALL,WORLD,9,2018,4,,,,TIPO_DATO15__LBIRTHES_FROM2017_N1,,,,,,,,,,,,,
IT1:25_74_DF_DCIS_NATI1_8(1.0),A,ITC2,LBIRTHES_FROM2017,ITL,Y20,TOTAL,ALL,99,99,ALL,ALL,WORLD,9,2018,4,,,,TIPO_DATO15__LBIRTHES_FROM2017_N1,,,,,,,,,,,,,
IT1:25_74_DF_DCIS_NATI1_8(1.0),A,ITC2,LBIRTHES_FROM2017,ITL,Y21,TOTAL,ALL,99,99,ALL,ALL,WORLD,9,2018,4,,,,TIPO_DATO15__LBIRTHES_FROM2017_N1,,,,,,,,,,,,,
IT1:25_74_DF_DCIS_NATI1_8(1.0),A,ITC2,LBIRTHES_FROM2017,ITL,Y22,TOTAL,ALL,99,99,ALL,ALL,WORLD,9,2018,5,,,,TIPO_DATO15__LBIRTHES_FROM2017_N1,,,,,,,,,,,,,
IT1:25_74_DF_DCIS_NATI1_8(1.0),A,ITC2,LBIRTHES_FROM2017,ITL,Y23,TOTAL,ALL,99,99,ALL,ALL,WORLD,9,2018,12,,,,TIPO_DATO15__LBIRTHES_FROM2017_N1,,,,,,,,,,,,,
IT1:25_74_DF_DCIS_NATI1_8(1.0),A,ITC2,LBIRTHES_FROM2017,ITL,Y24,TOTAL,ALL,99,99,ALL,ALL,WORLD,9,2018,14,,,,TIPO_DATO15__LBIRTHES_FROM2017_N1,,,,,,,,,,,,,
IT1:25_74_DF_DCIS_NATI1_8(1.0),A,ITC2,LBIRTHES_FROM2017,ITL,Y25,TOTAL,ALL,99,99,ALL,ALL,WORLD,9,2018,32,,,,TIPO_DATO15__LBIRTHES_FROM2017_N1,,,,,,,,,,,,,
IT1:25_74_DF_DCIS_NATI1_8(1.0),A,ITC2,LBIRTHES_FROM2017,TOTAL,Y_UN17,TOTAL,ALL,99,99,ALL,ALL,WORLD,9,2018,1,,,,TIPO_DATO15__LBIRTHES_FROM2017_N1,,,,,,,,,,,,,
IT1:25_74_DF_DCIS_NATI1_8(1.0),A,ITC2,LBIRTHES_FROM2017,TOTAL,Y18,TOTAL,ALL,99,99,ALL,ALL,WORLD,9,2018,1,,,,TIPO_DATO15__LBIRTHES_FROM2017_N1,,,,,,,,,,,,,
IT1:25_74_DF_DCIS_NATI1_8(1.0),A,ITC2,LBIRTHES_FROM2017,TOTAL,Y19,TOTAL,ALL,99,99,ALL,ALL,WORLD,9,2018,6,,,,TIPO_DATO15__LBIRTHES_FROM2017_N1,,,,,,,,,,,,,
IT1:25_74_DF_DCIS_NATI1_8(1.0),A,ITC2,LBIRTHES_FROM2017,TOTAL,Y20,TOTAL,ALL,99,99,ALL,ALL,WORLD,9,2018,7,,,,TIPO_DATO15__LBIRTHES_FROM2017_N1,,,,,,,,,,,,,
IT1:25_74_DF_DCIS_NATI1_8(1.0),A,ITC2,LBIRTHES_FROM2017,TOTAL,Y21,TOTAL,ALL,99,99,ALL,ALL,WORLD,9,2018,8,,,,TIPO_DATO15__LBIRTHES_FROM2017_N1,,,,,,,,,,,,,
IT1:25_74_DF_DCIS_NATI1_8(1.0),A,ITC2,LBIRTHES_FROM2017,TOTAL,Y22,TOTAL,ALL,99,99,ALL,ALL,WORLD,9,2018,9,,,,TIPO_DATO15__LBIRTHES_FROM2017_N1,,,,,,,,,,,,,
IT1:25_74_DF_DCIS_NATI1_8(1.0),A,ITC2,LBIRTHES_FROM2017,TOTAL,Y23,TOTAL,ALL,99,99,ALL,ALL,WORLD,9,2018,23,,,,TIPO_DATO15__LBIRTHES_FROM2017_N1,,,,,,,,,,,,,
IT1:25_74_DF_DCIS_NATI1_8(1.0),A,ITC2,LBIRTHES_FROM2017,TOTAL,Y24,TOTAL,ALL,99,99,ALL,ALL,WORLD,9,2018,17,,,,TIPO_DATO15__LBIRTHES_FROM2017_N1,,,,,,,,,,,,,
IT1:25_74_DF_DCIS_NATI1_8(1.0),A,ITC2,LBIRTHES_FROM2017,TOTAL,Y25,TOTAL,ALL,99,99,ALL,ALL,WORLD,9,2018,42,,,,TIPO_DATO15__LBIRTHES_FROM2017_N1,,,,,,,,,,,,,
IT1:25_74_DF_DCIS_NATI1_8(1.0),A,ITC3,LBIRTHES_FROM2017,FRG,Y_UN17,TOTAL,ALL,99,99,ALL,ALL,WORLD,9,2018,6,,,,TIPO_DATO15__LBIRTHES_FROM2017_N1,,,,,,,,,,,,,
IT1:25_74_DF_DCIS_NATI1_8(1.0),A,ITC3,LBIRTHES_FROM2017,FRG,Y18,TOTAL,ALL,99,99,ALL,ALL,WORLD,9,2018,11,,,,TIPO_DATO15__LBIRTHES_FROM2017_N1,,,,,,,,,,,,,
IT1:25_74_DF_DCIS_NATI1_8(1.0),A,ITC3,LBIRTHES_FROM2017,FRG,Y19,TOTAL,ALL,99,99,ALL,ALL,WORLD,9,2018,41,,,,TIPO_DATO15__LBIRTHES_FROM2017_N1,,,,,,,,,,,,,
IT1:25_74_DF_DCIS_NATI1_8(1.0),A,ITC3,LBIRTHES_FROM2017,FRG,Y20,TOTAL,ALL,99,99,ALL,ALL,WORLD,9,2018,62,,,,TIPO_DATO15__LBIRTHES_FROM2017_N1,,,,,,,,,,,,,
IT1:25_74_DF_DCIS_NATI1_8(1.0),A,ITC3,LBIRTHES_FROM2017,FRG,Y21,TOTAL,ALL,99,99,ALL,ALL,WORLD,9,2018,64,,,,TIPO_DATO15__LBIRTHES_FROM2017_N1,,,,,,,,,,,,,
IT1:25_74_DF_DCIS_NATI1_8(1.0),A,ITC3,LBIRTHES_FROM2017,FRG,Y22,TOTAL,ALL,99,99,ALL,ALL,WORLD,9,2018,108,,,,TIPO_DATO15__LBIRTHES_FROM2017_N1,,,,,,,,,,,,,
IT1:25_74_DF_DCIS_NATI1_8(1.0),A,ITC3,LBIRTHES_FROM2017,FRG,Y23,TOTAL,ALL,99,99,ALL,ALL,WORLD,9,2018,102,,,,TIPO_DATO15__LBIRTHES_FROM2017_N1,,,,,,,,,,,,,
IT1:25_74_DF_DCIS_NATI1_8(1.0),A,ITC3,LBIRTHES_FROM2017,FRG,Y24,TOTAL,ALL,99,99,ALL,ALL,WORLD,9,2018,143,,,,TIPO_DATO15__LBIRTHES_FROM2017_N1,,,,,,,,,,,,,
IT1:25_74_DF_DCIS_NATI1_8(1.0),A,ITC3,LBIRTHES_FROM2017,FRG,Y25,TOTAL,ALL,99,99,ALL,ALL,WORLD,9,2018,116,,,,TIPO_DATO15__LBIRTHES_FROM2017_N1,,,,,,,,,,,,,
IT1:25_74_DF_DCIS_NATI1_8(1.0),A,ITC3,LBIRTHES_FROM2017,ITL,Y_UN17,TOTAL,ALL,99,99,ALL,ALL,WORLD,9,2018,8,,,,TIPO_DATO15__LBIRTHES_FROM2017_N1,,,,,,,,,,,,,
IT1:25_74_DF_DCIS_NATI1_8(1.0),A,ITC3,LBIRTHES_FROM2017,ITL,Y18,TOTAL,ALL,99,99,ALL,ALL,WORLD,9,2018,10,,,,TIPO_DATO15__LBIRTHES_FROM2017_N1,,,,,,,,,,,,,
IT1:25_74_DF_DCIS_NATI1_8(1.0),A,ITC3,LBIRTHES_FROM2017,ITL,Y19,TOTAL,ALL,99,99,ALL,ALL,WORLD,9,2018,34,,,,TIPO_DATO15__LBIRTHES_FROM2017_N1,,,,,,,,,,,,,
IT1:25_74_DF_DCIS_NATI1_8(1.0),A,ITC3,LBIRTHES_FROM2017,ITL,Y20,TOTAL,ALL,99,99,ALL,ALL,WORLD,9,2018,33,,,,TIPO_DATO15__LBIRTHES_FROM2017_N1,,,,,,,,,,,,,
IT1:25_74_DF_DCIS_NATI1_8(1.0),A,ITC3,LBIRTHES_FROM2017,ITL,Y21,TOTAL,ALL,99,99,ALL,ALL,WORLD,9,2018,40,,,,TIPO_DATO15__LBIRTHES_FROM2017_N1,,,,,,,,,,,,,
IT1:25_74_DF_DCIS_NATI1_8(1.0),A,ITC3,LBIRTHES_FROM2017,ITL,Y22,TOTAL,ALL,99,99,ALL,ALL,WORLD,9,2018,47,,,,TIPO_DATO15__LBIRTHES_FROM2017_N1,,,,,,,,,,,,,
IT1:25_74_DF_DCIS_NATI1_8(1.0),A,ITC3,LBIRTHES_FROM2017,ITL,Y23,TOTAL,ALL,99,99,ALL,ALL,WORLD,9,2018,77,,,,TIPO_DATO15__LBIRTHES_FROM2017_N1,,,,,,,,,,,,,
IT1:25_74_DF_DCIS_NATI1_8(1.0),A,ITC3,LBIRTHES_FROM2017,ITL,Y24,TOTAL,ALL,99,99,ALL,ALL,WORLD,9,2018,112,,,,TIPO_DATO15__LBIRTHES_FROM2017_N1,,,,,,,,,,,,,
IT1:25_74_DF_DCIS_NATI1_8(1.0),A,ITC3,LBIRTHES_FROM2017,ITL,Y25,TOTAL,ALL,99,99,ALL,ALL,WORLD,9,2018,152,,,,TIPO_DATO15__LBIRTHES_FROM2017_N1,,,,,,,,,,,,,
IT1:25_74_DF_DCIS_NATI1_8(1.0),A,ITC3,LBIRTHES_FROM2017,TOTAL,Y_UN17,TOTAL,ALL,99,99,ALL,ALL,WORLD,9,2018,14,,,,TIPO_DATO15__LBIRTHES_FROM2017_N1,,,,,,,,,,,,,
IT1:25_74_DF_DCIS_NATI1_8(1.0),A,ITC3,LBIRTHES_FROM2017,TOTAL,Y18,TOTAL,ALL,99,99,ALL,ALL,WORLD,9,2018,21,,,,TIPO_DATO15__LBIRTHES_FROM2017_N1,,,,,,,,,,,,,
IT1:25_74_DF_DCIS_NATI1_8(1.0),A,ITC3,LBIRTHES_FROM2017,TOTAL,Y19,TOTAL,ALL,99,99,ALL,ALL,WORLD,9,2018,75,,,,TIPO_DATO15__LBIRTHES_FROM2017_N1,,,,,,,,,,,,,
IT1:25_74_DF_DCIS_NATI1_8(1.0),A,ITC3,LBIRTHES_FROM2017,TOTAL,Y20,TOTAL,ALL,99,99,ALL,ALL,WORLD,9,2018,95,,,,TIPO_DATO15__LBIRTHES_FROM2017_N1,,,,,,,,,,,,,
IT1:25_74_DF_DCIS_NATI1_8(1.0),A,ITC3,LBIRTHES_FROM2017,TOTAL,Y21,TOTAL,ALL,99,99,ALL,ALL,WORLD,9,2018,104,,,,TIPO_DATO15__LBIRTHES_FROM2017_N1,,,,,,,,,,,,,
IT1:25_74_DF_DCIS_NATI1_8(1.0),A,ITC3,LBIRTHES_FROM2017,TOTAL,Y22,TOTAL,ALL,99,99,ALL,ALL,WORLD,9,2018,155,,,,TIPO_DATO15__LBIRTHES_FROM2017_N1,,,,,,,,,,,,,
IT1:25_74_DF_DCIS_NATI1_8(1.0),A,ITC3,LBIRTHES_FROM2017,TOTAL,Y23,TOTAL,ALL,99,99,ALL,ALL,WORLD,9,2018,179,,,,TIPO_DATO15__LBIRTHES_FROM2017_N1,,,,,,,,,,,,,
IT1:25_74_DF_DCIS_NATI1_8(1.0),A,ITC3,LBIRTHES_FROM2017,TOTAL,Y24,TOTAL,ALL,99,99,ALL,ALL,WORLD,9,2018,255,,,,TIPO_DATO15__LBIRTHES_FROM2017_N1,,,,,,,,,,,,,
IT1:25_74_DF_DCIS_NATI1_8(1.0),A,ITC3,LBIRTHES_FROM2017,TOTAL,Y25,TOTAL,ALL,99,99,ALL,ALL,WORLD,9,2018,268,,,,TIPO_DATO15__LBIRTHES_FROM2017_N1,,,,,,,,,,,,,
IT1:25_74_DF_DCIS_NATI1_8(1.0),A,ITC4,LBIRTHES_FROM2017,FRG,Y_UN17,TOTAL,ALL,99,99,ALL,ALL,WORLD,9,2018,60,,,,TIPO_DATO15__LBIRTHES_FROM2017_N1,,,,,,,,,,,,,
IT1:25_74_DF_DCIS_NATI1_8(1.0),A,ITC4,LBIRTHES_FROM2017,FRG,Y18,TOTAL,ALL,99,99,ALL,ALL,WORLD,9,2018,62,,,,TIPO_DATO15__LBIRTHES_FROM2017_N1,,,,,,,,,,,,,
IT1:25_74_DF_DCIS_NATI1_8(1.0),A,ITC4,LBIRTHES_FROM2017,FRG,Y19,TOTAL,ALL,99,99,ALL,ALL,WORLD,9,2018,195,,,,TIPO_DATO15__LBIRTHES_FROM2017_N1,,,,,,,,,,,,,
IT1:25_74_DF_DCIS_NATI1_8(1.0),A,ITC4,LBIRTHES_FROM2017,FRG,Y20,TOTAL,ALL,99,99,ALL,ALL,WORLD,9,2018,345,,,,TIPO_DATO15__LBIRTHES_FROM2017_N1,,,,,,,,,,,,,
IT1:25_74_DF_DCIS_NATI1_8(1.0),A,ITC4,LBIRTHES_FROM2017,FRG,Y21,TOTAL,ALL,99,99,ALL,ALL,WORLD,9,2018,486,,,,TIPO_DATO15__LBIRTHES_FROM2017_N1,,,,,,,,,,,,,
IT1:25_74_DF_DCIS_NATI1_8(1.0),A,ITC4,LBIRTHES_FROM2017,FRG,Y22,TOTAL,ALL,99,99,ALL,ALL,WORLD,9,2018,627,,,,TIPO_DATO15__LBIRTHES_FROM2017_N1,,,,,,,,,,,,,
IT1:25_74_DF_DCIS_NATI1_8(1.0),A,ITC4,LBIRTHES_FROM2017,FRG,Y23,TOTAL,ALL,99,99,ALL,ALL,WORLD,9,2018,807,,,,TIPO_DATO15__LBIRTHES_FROM2017_N1,,,,,,,,,,,,,
IT1:25_74_DF_DCIS_NATI1_8(1.0),A,ITC4,LBIRTHES_FROM2017,FRG,Y24,TOTAL,ALL,99,99,ALL,ALL,WORLD,9,2018,907,,,,TIPO_DATO15__LBIRTHES_FROM2017_N1,,,,,,,,,,,,,
IT1:25_74_DF_DCIS_NATI1_8(1.0),A,ITC4,LBIRTHES_FROM2017,FRG,Y25,TOTAL,ALL,99,99,ALL,ALL,WORLD,9,2018,1065,,,,TIPO_DATO15__LBIRTHES_FROM2017_N1,,,,,,,,,,,,,
IT1:25_74_DF_DCIS_NATI1_8(1.0),A,ITC4,LBIRTHES_FROM2017,ITL,Y_UN17,TOTAL,ALL,99,99,ALL,ALL,WORLD,9,2018,74,,,,TIPO_DATO15__LBIRTHES_FROM2017_N1,,,,,,,,,,,,,
IT1:25_74_DF_DCIS_NATI1_8(1.0),A,ITC4,LBIRTHES_FROM2017,ITL,Y18,TOTAL,ALL,99,99,ALL,ALL,WORLD,9,2018,103,,,,TIPO_DATO15__LBIRTHES_FROM2017_N1,,,,,,,,,,,,,
IT1:25_74_DF_DCIS_NATI1_8(1.0),A,ITC4,LBIRTHES_FROM2017,ITL,Y19,TOTAL,ALL,99,99,ALL,ALL,WORLD,9,2018,182,,,,TIPO_DATO15__LBIRTHES_FROM2017_N1,,,,,,,,,,,,,
IT1:25_74_DF_DCIS_NATI1_8(1.0),A,ITC4,LBIRTHES_FROM2017,ITL,Y20,TOTAL,ALL,99,99,ALL,ALL,WORLD,9,2018,266,,,,TIPO_DATO15__LBIRTHES_FROM2017_N1,,,,,,,,,,,,,
IT1:25_74_DF_DCIS_NATI1_8(1.0),A,ITC4,LBIRTHES_FROM2017,ITL,Y21,TOTAL,ALL,99,99,ALL,ALL,WORLD,9,2018,324,,,,TIPO_DATO15__LBIRTHES_FROM2017_N1,,,,,,,,,,,,,
IT1:25_74_DF_DCIS_NATI1_8(1.0),A,ITC4,LBIRTHES_FROM2017,ITL,Y22,TOTAL,ALL,99,99,ALL,ALL,WORLD,9,2018,434,,,,TIPO_DATO15__LBIRTHES_FROM2017_N1,,,,,,,,,,,,,
IT1:25_74_DF_DCIS_NATI1_8(1.0),A,ITC4,LBIRTHES_FROM2017,ITL,Y23,TOTAL,ALL,99,99,ALL,ALL,WORLD,9,2018,577,,,,TIPO_DATO15__LBIRTHES_FROM2017_N1,,,,,,,,,,,,,
IT1:25_74_DF_DCIS_NATI1_8(1.0),A,ITC4,LBIRTHES_FROM2017,ITL,Y24,TOTAL,ALL,99,99,ALL,ALL,WORLD,9,2018,793,,,,TIPO_DATO15__LBIRTHES_FROM2017_N1,,,,,,,,,,,,,
IT1:25_74_DF_DCIS_NATI1_8(1.0),A,ITC4,LBIRTHES_FROM2017,ITL,Y25,TOTAL,ALL,99,99,ALL,ALL,WORLD,9,2018,1045,,,,TIPO_DATO15__LBIRTHES_FROM2017_N1,,,,,,,,,,,,,
IT1:25_74_DF_DCIS_NATI1_8(1.0),A,ITC4,LBIRTHES_FROM2017,TOTAL,Y_UN17,TOTAL,ALL,99,99,ALL,ALL,WORLD,9,2018,134,,,,TIPO_DATO15__LBIRTHES_FROM2017_N1,,,,,,,,,,,,,
IT1:25_74_DF_DCIS_NATI1_8(1.0),A,ITC4,LBIRTHES_FROM2017,TOTAL,Y18,TOTAL,ALL,99,99,ALL,ALL,WORLD,9,2018,165,,,,TIPO_DATO15__LBIRTHES_FROM2017_N1,,,,,,,,,,,,,
IT1:25_74_DF_DCIS_NATI1_8(1.0),A,ITC4,LBIRTHES_FROM2017,TOTAL,Y19,TOTAL,ALL,99,99,ALL,ALL,WORLD,9,2018,377,,,,TIPO_DATO15__LBIRTHES_FROM2017_N1,,,,,,,,,,,,,
IT1:25_74_DF_DCIS_NATI1_8(1.0),A,ITC4,LBIRTHES_FROM2017,TOTAL,Y20,TOTAL,ALL,99,99,ALL,ALL,WORLD,9,2018,611,,,,TIPO_DATO15__LBIRTHES_FROM2017_N1,,,,,,,,,,,,,
IT1:25_74_DF_DCIS_NATI1_8(1.0),A,ITC4,LBIRTHES_FROM2017,TOTAL,Y21,TOTAL,ALL,99,99,ALL,ALL,WORLD,9,2018,810,,,,TIPO_DATO15__LBIRTHES_FROM2017_N1,,,,,,,,,,,,,
IT1:25_74_DF_DCIS_NATI1_8(1.0),A,ITC4,LBIRTHES_FROM2017,TOTAL,Y22,TOTAL,ALL,99,99,ALL,ALL,WORLD,9,2018,1061,,,,TIPO_DATO15__LBIRTHES_FROM2017_N1,,,,,,,,,,,,,
IT1:25_74_DF_DCIS_NATI1_8(1.0),A,ITC4,LBIRTHES_FROM2017,TOTAL,Y23,TOTAL,ALL,99,99,ALL,ALL,WORLD,9,2018,1384,,,,TIPO_DATO15__LBIRTHES_FROM2017_N1,,,,,,,,,,,,,
IT1:25_74_DF_DCIS_NATI1_8(1.0),A,ITC4,LBIRTHES_FROM2017,TOTAL,Y24,TOTAL,ALL,99,99,ALL,ALL,WORLD,9,2018,1700,,,,TIPO_DATO15__LBIRTHES_FROM2017_N1,,,,,,,,,,,,,
IT1:25_74_DF_DCIS_NATI1_8(1.0),A,ITC4,LBIRTHES_FROM2017,TOTAL,Y25,TOTAL,ALL,99,99,ALL,ALL,WORLD,9,2018,2110,,,,TIPO_DATO15__LBIRTHES_FROM2017_N1,,,,,,,,,,,,,
IT1:25_74_DF_DCIS_NATI1_8(1.0),A,ITD1,LBIRTHES_FROM2017,FRG,Y_UN17,TOTAL,ALL,99,99,ALL,ALL,WORLD,9,2018,0,,,,TIPO_DATO15__LBIRTHES_FROM2017_N1,,,,,,,,,,,,,
IT1:25_74_DF_DCIS_NATI1_8(1.0),A,ITD1,LBIRTHES_FROM2017,FRG,Y18,TOTAL,ALL,99,99,ALL,ALL,WORLD,9,2018,5,,,,TIPO_DATO15__LBIRTHES_FROM2017_N1,,,,,,,,,,,,,
IT1:25_74_DF_DCIS_NATI1_8(1.0),A,ITD1,LBIRTHES_FROM2017,FRG,Y19,TOTAL,ALL,99,99,ALL,ALL,WORLD,9,2018,12,,,,TIPO_DATO15__LBIRTHES_FROM2017_N1,,,,,,,,,,,,,
IT1:25_74_DF_DCIS_NATI1_8(1.0),A,ITD1,LBIRTHES_FROM2017,FRG,Y20,TOTAL,ALL,99,99,ALL,ALL,WORLD,9,2018,12,,,,TIPO_DATO15__LBIRTHES_FROM2017_N1,,,,,,,,,,,,,
IT1:25_74_DF_DCIS_NATI1_8(1.0),A,ITD1,LBIRTHES_FROM2017,FRG,Y21,TOTAL,ALL,99,99,ALL,ALL,WORLD,9,2018,23,,,,TIPO_DATO15__LBIRTHES_FROM2017_N1,,,,,,,,,,,,,
IT1:25_74_DF_DCIS_NATI1_8(1.0),A,ITD1,LBIRTHES_FROM2017,FRG,Y22,TOTAL,ALL,99,99,ALL,ALL,WORLD,9,2018,31,,,,TIPO_DATO15__LBIRTHES_FROM2017_N1,,,,,,,,,,,,,
IT1:25_74_DF_DCIS_NATI1_8(1.0),A,ITD1,LBIRTHES_FROM2017,FRG,Y23,TOTAL,ALL,99,99,ALL,ALL,WORLD,9,2018,36,,,,TIPO_DATO15__LBIRTHES_FROM2017_N1,,,,,,,,,,,,,
IT1:25_74_DF_DCIS_NATI1_8(1.0),A,ITD1,LBIRTHES_FROM2017,FRG,Y24,TOTAL,ALL,99,99,ALL,ALL,WORLD,9,2018,53,,,,TIPO_DATO15__LBIRTHES_FROM2017_N1,,,,,,,,,,,,,
IT1:25_74_DF_DCIS_NATI1_8(1.0),A,ITD1,LBIRTHES_FROM2017,FRG,Y25,TOTAL,ALL,99,99,ALL,ALL,WORLD,9,2018,56,,,,TIPO_DATO15__LBIRTHES_FROM2017_N1,,,,,,,,,,,,,
IT1:25_74_DF_DCIS_NATI1_8(1.0),A,ITD1,LBIRTHES_FROM2017,ITL,Y_UN17,TOTAL,ALL,99,99,ALL,ALL,WORLD,9,2018,7,,,,TIPO_DATO15__LBIRTHES_FROM2017_N1,,,,,,,,,,,,,
IT1:25_74_DF_DCIS_NATI1_8(1.0),A,ITD1,LBIRTHES_FROM2017,ITL,Y18,TOTAL,ALL,99,99,ALL,ALL,WORLD,9,2018,6,,,,TIPO_DATO15__LBIRTHES_FROM2017_N1,,,,,,,,,,,,,
IT1:25_74_DF_DCIS_NATI1_8(1.0),A,ITD1,LBIRTHES_FROM2017,ITL,Y19,TOTAL,ALL,99,99,ALL,ALL,WORLD,9,2018,21,,,,TIPO_DATO15__LBIRTHES_FROM2017_N1,,,,,,,,,,,,,
IT1:25_74_DF_DCIS_NATI1_8(1.0),A,ITD1,LBIRTHES_FROM2017,ITL,Y20,TOTAL,ALL,99,99,ALL,ALL,WORLD,9,2018,29,,,,TIPO_DATO15__LBIRTHES_FROM2017_N1,,,,,,,,,,,,,
IT1:25_74_DF_DCIS_NATI1_8(1.0),A,ITD1,LBIRTHES_FROM2017,ITL,Y21,TOTAL,ALL,99,99,ALL,ALL,WORLD,9,2018,30,,,,TIPO_DATO15__LBIRTHES_FROM2017_N1,,,,,,,,,,,,,
IT1:25_74_DF_DCIS_NATI1_8(1.0),A,ITD1,LBIRTHES_FROM2017,ITL,Y22,TOTAL,ALL,99,99,ALL,ALL,WORLD,9,2018,45,,,,TIPO_DATO15__LBIRTHES_FROM2017_N1,,,,,,,,,,,,,
IT1:25_74_DF_DCIS_NATI1_8(1.0),A,ITD1,LBIRTHES_FROM2017,ITL,Y23,TOTAL,ALL,99,99,ALL,ALL,WORLD,9,2018,71,,,,TIPO_DATO15__LBIRTHES_FROM2017_N1,,,,,,,,,,,,,
IT1:25_74_DF_DCIS_NATI1_8(1.0),A,ITD1,LBIRTHES_FROM2017,ITL,Y24,TOTAL,ALL,99,99,ALL,ALL,WORLD,9,2018,109,,,,TIPO_DATO15__LBIRTHES_FROM2017_N1,,,,,,,,,,,,,
IT1:25_74_DF_DCIS_NATI1_8(1.0),A,ITD1,LBIRTHES_FROM2017,ITL,Y25,TOTAL,ALL,99,99,ALL,ALL,WORLD,9,2018,143,,,,TIPO_DATO15__LBIRTHES_FROM2017_N1,,,,,,,,,,,,,
IT1:25_74_DF_DCIS_NATI1_8(1.0),A,ITD1,LBIRTHES_FROM2017,TOTAL,Y_UN17,TOTAL,ALL,99,99,ALL,ALL,WORLD,9,2018,7,,,,TIPO_DATO15__LBIRTHES_FROM2017_N1,,,,,,,,,,,,,
IT1:25_74_DF_DCIS_NATI1_8(1.0),A,ITD1,LBIRTHES_FROM2017,TOTAL,Y18,TOTAL,ALL,99,99,ALL,ALL,WORLD,9,2018,11,,,,TIPO_DATO15__LBIRTHES_FROM2017_N1,,,,,,,,,,,,,
IT1:25_74_DF_DCIS_NATI1_8(1.0),A,ITD1,LBIRTHES_FROM2017,TOTAL,Y19,TOTAL,ALL,99,99,ALL,ALL,WORLD,9,2018,33,,,,TIPO_DATO15__LBIRTHES_FROM2017_N1,,,,,,,,,,,,,
IT1:25_74_DF_DCIS_NATI1_8(1.0),A,ITD1,LBIRTHES_FROM2017,TOTAL,Y20,TOTAL,ALL,99,99,ALL,ALL,WORLD,9,2018,41,,,,TIPO_DATO15__LBIRTHES_FROM2017_N1,,,,,,,,,,,,,
IT1:25_74_DF_DCIS_NATI1_8(1.0),A,ITD1,LBIRTHES_FROM2017,TOTAL,Y21,TOTAL,ALL,99,99,ALL,ALL,WORLD,9,2018,53,,,,TIPO_DATO15__LBIRTHES_FROM2017_N1,,,,,,,,,,,,,
IT1:25_74_DF_DCIS_NATI1_8(1.0),A,ITD1,LBIRTHES_FROM2017,TOTAL,Y22,TOTAL,ALL,99,99,ALL,ALL,WORLD,9,2018,76,,,,TIPO_DATO15__LBIRTHES_FROM2017_N1,,,,,,,,,,,,,
IT1:25_74_DF_DCIS_NATI1_8(1.0),A,ITD1,LBIRTHES_FROM2017,TOTAL,Y23,TOTAL,ALL,99,99,ALL,ALL,WORLD,9,2018,107,,,,TIPO_DATO15__LBIRTHES_FROM2017_N1,,,,,,,,,,,,,
IT1:25_74_DF_DCIS_NATI1_8(1.0),A,ITD1,LBIRTHES_FROM2017,TOTAL,Y24,TOTAL,ALL,99,99,ALL,ALL,WORLD,9,2018,162,,,,TIPO_DATO15__LBIRTHES_FROM2017_N1,,,,,,,,,,,,,
IT1:25_74_DF_DCIS_NATI1_8(1.0),A,ITD1,LBIRTHES_FROM2017,TOTAL,Y25,TOTAL,ALL,99,99,ALL,ALL,WORLD,9,2018,199,,,,TIPO_DATO15__LBIRTHES_FROM2017_N1,,,,,,,,,,,,,
IT1:25_74_DF_DCIS_NATI1_8(1.0),A,ITD2,LBIRTHES_FROM2017,FRG,Y_UN17,TOTAL,ALL,99,99,ALL,ALL,WORLD,9,2018,0,,,,TIPO_DATO15__LBIRTHES_FROM2017_N1,,,,,,,,,,,,,
IT1:25_74_DF_DCIS_NATI1_8(1.0),A,ITD2,LBIRTHES_FROM2017,FRG,Y18,TOTAL,ALL,99,99,ALL,ALL,WORLD,9,2018,4,,,,TIPO_DATO15__LBIRTHES_FROM2017_N1,,,,,,,,,,,,,
IT1:25_74_DF_DCIS_NATI1_8(1.0),A,ITD2,LBIRTHES_FROM2017,FRG,Y19,TOTAL,ALL,99,99,ALL,ALL,WORLD,9,2018,10,,,,TIPO_DATO15__LBIRTHES_FROM2017_N1,,,,,,,,,,,,,
IT1:25_74_DF_DCIS_NATI1_8(1.0),A,ITD2,LBIRTHES_FROM2017,FRG,Y20,TOTAL,ALL,99,99,ALL,ALL,WORLD,9,2018,12,,,,TIPO_DATO15__LBIRTHES_FROM2017_N1,,,,,,,,,,,,,
IT1:25_74_DF_DCIS_NATI1_8(1.0),A,ITD2,LBIRTHES_FROM2017,FRG,Y21,TOTAL,ALL,99,99,ALL,ALL,WORLD,9,2018,28,,,,TIPO_DATO15__LBIRTHES_FROM2017_N1,,,,,,,,,,,,,
IT1:25_74_DF_DCIS_NATI1_8(1.0),A,ITD2,LBIRTHES_FROM2017,FRG,Y22,TOTAL,ALL,99,99,ALL,ALL,WORLD,9,2018,37,,,,TIPO_DATO15__LBIRTHES_FROM2017_N1,,,,,,,,,,,,,
IT1:25_74_DF_DCIS_NATI1_8(1.0),A,ITD2,LBIRTHES_FROM2017,FRG,Y23,TOTAL,ALL,99,99,ALL,ALL,WORLD,9,2018,39,,,,TIPO_DATO15__LBIRTHES_FROM2017_N1,,,,,,,,,,,,,
IT1:25_74_DF_DCIS_NATI1_8(1.0),A,ITD2,LBIRTHES_FROM2017,FRG,Y24,TOTAL,ALL,99,99,ALL,ALL,WORLD,9,2018,46,,,,TIPO_DATO15__LBIRTHES_FROM2017_N1,,,,,,,,,,,,,
IT1:25_74_DF_DCIS_NATI1_8(1.0),A,ITD2,LBIRTHES_FROM2017,FRG,Y25,TOTAL,ALL,99,99,ALL,ALL,WORLD,9,2018,55,,,,TIPO_DATO15__LBIRTHES_FROM2017_N1,,,,,,,,,,,,,
IT1:25_74_DF_DCIS_NATI1_8(1.0),A,ITD2,LBIRTHES_FROM2017,ITL,Y_UN17,TOTAL,ALL,99,99,ALL,ALL,WORLD,9,2018,7,,,,TIPO_DATO15__LBIRTHES_FROM2017_N1,,,,,,,,,,,,,
IT1:25_74_DF_DCIS_NATI1_8(1.0),A,ITD2,LBIRTHES_FROM2017,ITL,Y18,TOTAL,ALL,99,99,ALL,ALL,WORLD,9,2018,3,,,,TIPO_DATO15__LBIRTHES_FROM2017_N1,,,,,,,,,,,,,
IT1:25_74_DF_DCIS_NATI1_8(1.0),A,ITD2,LBIRTHES_FROM2017,ITL,Y19,TOTAL,ALL,99,99,ALL,ALL,WORLD,9,2018,14,,,,TIPO_DATO15__LBIRTHES_FROM2017_N1,,,,,,,,,,,,,
IT1:25_74_DF_DCIS_NATI1_8(1.0),A,ITD2,LBIRTHES_FROM2017,ITL,Y20,TOTAL,ALL,99,99,ALL,ALL,WORLD,9,2018,17,,,,TIPO_DATO15__LBIRTHES_FROM2017_N1,,,,,,,,,,,,,
IT1:25_74_DF_DCIS_NATI1_8(1.0),A,ITD2,LBIRTHES_FROM2017,ITL,Y21,TOTAL,ALL,99,99,ALL,ALL,WORLD,9,2018,24,,,,TIPO_DATO15__LBIRTHES_FROM2017_N1,,,,,,,,,,,,,
IT1:25_74_DF_DCIS_NATI1_8(1.0),A,ITD2,LBIRTHES_FROM2017,ITL,Y22,TOTAL,ALL,99,99,ALL,ALL,WORLD,9,2018,31,,,,TIPO_DATO15__LBIRTHES_FROM2017_N1,,,,,,,,,,,,,
IT1:25_74_DF_DCIS_NATI1_8(1.0),A,ITD2,LBIRTHES_FROM2017,ITL,Y23,TOTAL,ALL,99,99,ALL,ALL,WORLD,9,2018,42,,,,TIPO_DATO15__LBIRTHES_FROM2017_N1,,,,,,,,,,,,,
IT1:25_74_DF_DCIS_NATI1_8(1.0),A,ITD2,LBIRTHES_FROM2017,ITL,Y24,TOTAL,ALL,99,99,ALL,ALL,WORLD,9,2018,45,,,,TIPO_DATO15__LBIRTHES_FROM2017_N1,,,,,,,,,,,,,
IT1:25_74_DF_DCIS_NATI1_8(1.0),A,ITD2,LBIRTHES_FROM2017,ITL,Y25,TOTAL,ALL,99,99,ALL,ALL,WORLD,9,2018,85,,,,TIPO_DATO15__LBIRTHES_FROM2017_N1,,,,,,,,,,,,,
IT1:25_74_DF_DCIS_NATI1_8(1.0),A,ITD2,LBIRTHES_FROM2017,TOTAL,Y_UN17,TOTAL,ALL,99,99,ALL,ALL,WORLD,9,2018,7,,,,TIPO_DATO15__LBIRTHES_FROM2017_N1,,,,,,,,,,,,,
IT1:25_74_DF_DCIS_NATI1_8(1.0),A,ITD2,LBIRTHES_FROM2017,TOTAL,Y18,TOTAL,ALL,99,99,ALL,ALL,WORLD,9,2018,7,,,,TIPO_DATO15__LBIRTHES_FROM2017_N1,,,,,,,,,,,,,
IT1:25_74_DF_DCIS_NATI1_8(1.0),A,ITD2,LBIRTHES_FROM2017,TOTAL,Y19,TOTAL,ALL,99,99,ALL,ALL,WORLD,9,2018,24,,,,TIPO_DATO15__LBIRTHES_FROM2017_N1,,,,,,,,,,,,,
IT1:25_74_DF_DCIS_NATI1_8(1.0),A,ITD2,LBIRTHES_FROM2017,TOTAL,Y20,TOTAL,ALL,99,99,ALL,ALL,WORLD,9,2018,29,,,,TIPO_DATO15__LBIRTHES_FROM2017_N1,,,,,,,,,,,,,
IT1:25_74_DF_DCIS_NATI1_8(1.0),A,ITD2,LBIRTHES_FROM2017,TOTAL,Y21,TOTAL,ALL,99,99,ALL,ALL,WORLD,9,2018,52,,,,TIPO_DATO15__LBIRTHES_FROM2017_N1,,,,,,,,,,,,,
IT1:25_74_DF_DCIS_NATI1_8(1.0),A,ITD2,LBIRTHES_FROM2017,TOTAL,Y22,TOTAL,ALL,99,99,ALL,ALL,WORLD,9,2018,68,,,,TIPO_DATO15__LBIRTHES_FROM2017_N1,,,,,,,,,,,,,
IT1:25_74_DF_DCIS_NATI1_8(1.0),A,ITD2,LBIRTHES_FROM2017,TOTAL,Y23,TOTAL,ALL,99,99,ALL,ALL,WORLD,9,2018,81,,,,TIPO_DATO15__LBIRTHES_FROM2017_N1,,,,,,,,,,,,,
IT1:25_74_DF_DCIS_NATI1_8(1.0),A,ITD2,LBIRTHES_FROM2017,TOTAL,Y24,TOTAL,ALL,99,99,ALL,ALL,WORLD,9,2018,91,,,,TIPO_DATO15__LBIRTHES_FROM2017_N1,,,,,,,,,,,,,
IT1:25_74_DF_DCIS_NATI1_8(1.0),A,ITD2,LBIRTHES_FROM2017,TOTAL,Y25,TOTAL,ALL,99,99,ALL,ALL,WORLD,9,2018,140,,,,TIPO_DATO15__LBIRTHES_FROM2017_N1,,,,,,,,,,,,,
IT1:25_74_DF_DCIS_NATI1_8(1.0),A,ITD3,LBIRTHES_FROM2017,FRG,Y_UN17,TOTAL,ALL,99,99,ALL,ALL,WORLD,9,2018,8,,,,TIPO_DATO15__LBIRTHES_FROM2017_N1,,,,,,,,,,,,,
IT1:25_74_DF_DCIS_NATI1_8(1.0),A,ITD3,LBIRTHES_FROM2017,FRG,Y18,TOTAL,ALL,99,99,ALL,ALL,WORLD,9,2018,28,,,,TIPO_DATO15__LBIRTHES_FROM2017_N1,,,,,,,,,,,,,
IT1:25_74_DF_DCIS_NATI1_8(1.0),A,ITD3,LBIRTHES_FROM2017,FRG,Y19,TOTAL,ALL,99,99,ALL,ALL,WORLD,9,2018,91,,,,TIPO_DATO15__LBIRTHES_FROM2017_N1,,,,,,,,,,,,,
IT1:25_74_DF_DCIS_NATI1_8(1.0),A,ITD3,LBIRTHES_FROM2017,FRG,Y20,TOTAL,ALL,99,99,ALL,ALL,WORLD,9,2018,160,,,,TIPO_DATO15__LBIRTHES_FROM2017_N1,,,,,,,,,,,,,
IT1:25_74_DF_DCIS_NATI1_8(1.0),A,ITD3,LBIRTHES_FROM2017,FRG,Y21,TOTAL,ALL,99,99,ALL,ALL,WORLD,9,2018,213,,,,TIPO_DATO15__LBIRTHES_FROM2017_N1,,,,,,,,,,,,,
IT1:25_74_DF_DCIS_NATI1_8(1.0),A,ITD3,LBIRTHES_FROM2017,FRG,Y22,TOTAL,ALL,99,99,ALL,ALL,WORLD,9,2018,291,,,,TIPO_DATO15__LBIRTHES_FROM2017_N1,,,,,,,,,,,,,
IT1:25_74_DF_DCIS_NATI1_8(1.0),A,ITD3,LBIRTHES_FROM2017,FRG,Y23,TOTAL,ALL,99,99,ALL,ALL,WORLD,9,2018,390,,,,TIPO_DATO15__LBIRTHES_FROM2017_N1,,,,,,,,,,,,,
IT1:25_74_DF_DCIS_NATI1_8(1.0),A,ITD3,LBIRTHES_FROM2017,FRG,Y24,TOTAL,ALL,99,99,ALL,ALL,WORLD,9,2018,425,,,,TIPO_DATO15__LBIRTHES_FROM2017_N1,,,,,,,,,,,,,
IT1:25_74_DF_DCIS_NATI1_8(1.0),A,ITD3,LBIRTHES_FROM2017,FRG,Y25,TOTAL,ALL,99,99,ALL,ALL,WORLD,9,2018,462,,,,TIPO_DATO15__LBIRTHES_FROM2017_N1,,,,,,,,,,,,,
IT1:25_74_DF_DCIS_NATI1_8(1.0),A,ITD3,LBIRTHES_FROM2017,ITL,Y_UN17,TOTAL,ALL,99,99,ALL,ALL,WORLD,9,2018,24,,,,TIPO_DATO15__LBIRTHES_FROM2017_N1,,,,,,,,,,,,,
IT1:25_74_DF_DCIS_NATI1_8(1.0),A,ITD3,LBIRTHES_FROM2017,ITL,Y18,TOTAL,ALL,99,99,ALL,ALL,WORLD,9,2018,53,,,,TIPO_DATO15__LBIRTHES_FROM2017_N1,,,,,,,,,,,,,
IT1:25_74_DF_DCIS_NATI1_8(1.0),A,ITD3,LBIRTHES_FROM2017,ITL,Y19,TOTAL,ALL,99,99,ALL,ALL,WORLD,9,2018,87,,,,TIPO_DATO15__LBIRTHES_FROM2017_N1,,,,,,,,,,,,,
IT1:25_74_DF_DCIS_NATI1_8(1.0),A,ITD3,LBIRTHES_FROM2017,ITL,Y20,TOTAL,ALL,99,99,ALL,ALL,WORLD,9,2018,117,,,,TIPO_DATO15__LBIRTHES_FROM2017_N1,,,,,,,,,,,,,
IT1:25_74_DF_DCIS_NATI1_8(1.0),A,ITD3,LBIRTHES_FROM2017,ITL,Y21,TOTAL,ALL,99,99,ALL,ALL,WORLD,9,2018,155,,,,TIPO_DATO15__LBIRTHES_FROM2017_N1,,,,,,,,,,,,,
IT1:25_74_DF_DCIS_NATI1_8(1.0),A,ITD3,LBIRTHES_FROM2017,ITL,Y22,TOTAL,ALL,99,99,ALL,ALL,WORLD,9,2018,221,,,,TIPO_DATO15__LBIRTHES_FROM2017_N1,,,,,,,,,,,,,
IT1:25_74_DF_DCIS_NATI1_8(1.0),A,ITD3,LBIRTHES_FROM2017,ITL,Y23,TOTAL,ALL,99,99,ALL,ALL,WORLD,9,2018,276,,,,TIPO_DATO15__LBIRTHES_FROM2017_N1,,,,,,,,,,,,,
IT1:25_74_DF_DCIS_NATI1_8(1.0),A,ITD3,LBIRTHES_FROM2017,ITL,Y24,TOTAL,ALL,99,99,ALL,ALL,WORLD,9,2018,372,,,,TIPO_DATO15__LBIRTHES_FROM2017_N1,,,,,,,,,,,,,
IT1:25_74_DF_DCIS_NATI1_8(1.0),A,ITD3,LBIRTHES_FROM2017,ITL,Y25,TOTAL,ALL,99,99,ALL,ALL,WORLD,9,2018,529,,,,TIPO_DATO15__LBIRTHES_FROM2017_N1,,,,,,,,,,,,,
IT1:25_74_DF_DCIS_NATI1_8(1.0),A,ITD3,LBIRTHES_FROM2017,TOTAL,Y_UN17,TOTAL,ALL,99,99,ALL,ALL,WORLD,9,2018,32,,,,TIPO_DATO15__LBIRTHES_FROM2017_N1,,,,,,,,,,,,,
IT1:25_74_DF_DCIS_NATI1_8(1.0),A,ITD3,LBIRTHES_FROM2017,TOTAL,Y18,TOTAL,ALL,99,99,ALL,ALL,WORLD,9,2018,81,,,,TIPO_DATO15__LBIRTHES_FROM2017_N1,,,,,,,,,,,,,
IT1:25_74_DF_DCIS_NATI1_8(1.0),A,ITD3,LBIRTHES_FROM2017,TOTAL,Y19,TOTAL,ALL,99,99,ALL,ALL,WORLD,9,2018,178,,,,TIPO_DATO15__LBIRTHES_FROM2017_N1,,,,,,,,,,,,,
IT1:25_74_DF_DCIS_NATI1_8(1.0),A,ITD3,LBIRTHES_FROM2017,TOTAL,Y20,TOTAL,ALL,99,99,ALL,ALL,WORLD,9,2018,277,,,,TIPO_DATO15__LBIRTHES_FROM2017_N1,,,,,,,,,,,,,
IT1:25_74_DF_DCIS_NATI1_8(1.0),A,ITD3,LBIRTHES_FROM2017,TOTAL,Y21,TOTAL,ALL,99,99,ALL,ALL,WORLD,9,2018,368,,,,TIPO_DATO15__LBIRTHES_FROM2017_N1,,,,,,,,,,,,,
IT1:25_74_DF_DCIS_NATI1_8(1.0),A,ITD3,LBIRTHES_FROM2017,TOTAL,Y22,TOTAL,ALL,99,99,ALL,ALL,WORLD,9,2018,512,,,,TIPO_DATO15__LBIRTHES_FROM2017_N1,,,,,,,,,,,,,
IT1:25_74_DF_DCIS_NATI1_8(1.0),A,ITD3,LBIRTHES_FROM2017,TOTAL,Y23,TOTAL,ALL,99,99,ALL,ALL,WORLD,9,2018,666,,,,TIPO_DATO15__LBIRTHES_FROM2017_N1,,,,,,,,,,,,,
IT1:25_74_DF_DCIS_NATI1_8(1.0),A,ITD3,LBIRTHES_FROM2017,TOTAL,Y24,TOTAL,ALL,99,99,ALL,ALL,WORLD,9,2018,797,,,,TIPO_DATO15__LBIRTHES_FROM2017_N1,,,,,,,,,,,,,
IT1:25_74_DF_DCIS_NATI1_8(1.0),A,ITD3,LBIRTHES_FROM2017,TOTAL,Y25,TOTAL,ALL,99,99,ALL,ALL,WORLD,9,2018,991,,,,TIPO_DATO15__LBIRTHES_FROM2017_N1,,,,,,,,,,,,,
IT1:25_74_DF_DCIS_NATI1_8(1.0),A,ITD4,LBIRTHES_FROM2017,FRG,Y_UN17,TOTAL,ALL,99,99,ALL,ALL,WORLD,9,2018,0,,,,TIPO_DATO15__LBIRTHES_FROM2017_N1,,,,,,,,,,,,,
IT1:25_74_DF_DCIS_NATI1_8(1.0),A,ITD4,LBIRTHES_FROM2017,FRG,Y18,TOTAL,ALL,99,99,ALL,ALL,WORLD,9,2018,5,,,,TIPO_DATO15__LBIRTHES_FROM2017_N1,,,,,,,,,,,,,
IT1:25_74_DF_DCIS_NATI1_8(1.0),A,ITD4,LBIRTHES_FROM2017,FRG,Y19,TOTAL,ALL,99,99,ALL,ALL,WORLD,9,2018,20,,,,TIPO_DATO15__LBIRTHES_FROM2017_N1,,,,,,,,,,,,,
IT1:25_74_DF_DCIS_NATI1_8(1.0),A,ITD4,LBIRTHES_FROM2017,FRG,Y20,TOTAL,ALL,99,99,ALL,ALL,WORLD,9,2018,22,,,,TIPO_DATO15__LBIRTHES_FROM2017_N1,,,,,,,,,,,,,
IT1:25_74_DF_DCIS_NATI1_8(1.0),A,ITD4,LBIRTHES_FROM2017,FRG,Y21,TOTAL,ALL,99,99,ALL,ALL,WORLD,9,2018,48,,,,TIPO_DATO15__LBIRTHES_FROM2017_N1,,,,,,,,,,,,,
IT1:25_74_DF_DCIS_NATI1_8(1.0),A,ITD4,LBIRTHES_FROM2017,FRG,Y22,TOTAL,ALL,99,99,ALL,ALL,WORLD,9,2018,72,,,,TIPO_DATO15__LBIRTHES_FROM2017_N1,,,,,,,,,,,,,
IT1:25_74_DF_DCIS_NATI1_8(1.0),A,ITD4,LBIRTHES_FROM2017,FRG,Y23,TOTAL,ALL,99,99,ALL,ALL,WORLD,9,2018,63,,,,TIPO_DATO15__LBIRTHES_FROM2017_N1,,,,,,,,,,,,,
IT1:25_74_DF_DCIS_NATI1_8(1.0),A,ITD4,LBIRTHES_FROM2017,FRG,Y24,TOTAL,ALL,99,99,ALL,ALL,WORLD,9,2018,89,,,,TIPO_DATO15__LBIRTHES_FROM2017_N1,,,,,,,,,,,,,
IT1:25_74_DF_DCIS_NATI1_8(1.0),A,ITD4,LBIRTHES_FROM2017,FRG,Y25,TOTAL,ALL,99,99,ALL,ALL,WORLD,9,2018,101,,,,TIPO_DATO15__LBIRTHES_FROM2017_N1,,,,,,,,,,,,,
IT1:25_74_DF_DCIS_NATI1_8(1.0),A,ITD4,LBIRTHES_FROM2017,ITL,Y_UN17,TOTAL,ALL,99,99,ALL,ALL,WORLD,9,2018,11,,,,TIPO_DATO15__LBIRTHES_FROM2017_N1,,,,,,,,,,,,,
IT1:25_74_DF_DCIS_NATI1_8(1.0),A,ITD4,LBIRTHES_FROM2017,ITL,Y18,TOTAL,ALL,99,99,ALL,ALL,WORLD,9,2018,17,,,,TIPO_DATO15__LBIRTHES_FROM2017_N1,,,,,,,,,,,,,
IT1:25_74_DF_DCIS_NATI1_8(1.0),A,ITD4,LBIRTHES_FROM2017,ITL,Y19,TOTAL,ALL,99,99,ALL,ALL,WORLD,9,2018,27,,,,TIPO_DATO15__LBIRTHES_FROM2017_N1,,,,,,,,,,,,,
IT1:25_74_DF_DCIS_NATI1_8(1.0),A,ITD4,LBIRTHES_FROM2017,ITL,Y20,TOTAL,ALL,99,99,ALL,ALL,WORLD,9,2018,21,,,,TIPO_DATO15__LBIRTHES_FROM2017_N1,,,,,,,,,,,,,
IT1:25_74_DF_DCIS_NATI1_8(1.0),A,ITD4,LBIRTHES_FROM2017,ITL,Y21,TOTAL,ALL,99,99,ALL,ALL,WORLD,9,2018,35,,,,TIPO_DATO15__LBIRTHES_FROM2017_N1,,,,,,,,,,,,,
IT1:25_74_DF_DCIS_NATI1_8(1.0),A,ITD4,LBIRTHES_FROM2017,ITL,Y22,TOTAL,ALL,99,99,ALL,ALL,WORLD,9,2018,59,,,,TIPO_DATO15__LBIRTHES_FROM2017_N1,,,,,,,,,,,,,
IT1:25_74_DF_DCIS_NATI1_8(1.0),A,ITD4,LBIRTHES_FROM2017,ITL,Y23,TOTAL,ALL,99,99,ALL,ALL,WORLD,9,2018,73,,,,TIPO_DATO15__LBIRTHES_FROM2017_N1,,,,,,,,,,,,,
IT1:25_74_DF_DCIS_NATI1_8(1.0),A,ITD4,LBIRTHES_FROM2017,ITL,Y24,TOTAL,ALL,99,99,ALL,ALL,WORLD,9,2018,97,,,,TIPO_DATO15__LBIRTHES_FROM2017_N1,,,,,,,,,,,,,
IT1:25_74_DF_DCIS_NATI1_8(1.0),A,ITD4,LBIRTHES_FROM2017,ITL,Y25,TOTAL,ALL,99,99,ALL,ALL,WORLD,9,2018,141,,,,TIPO_DATO15__LBIRTHES_FROM2017_N1,,,,,,,,,,,,,
IT1:25_74_DF_DCIS_NATI1_8(1.0),A,ITD4,LBIRTHES_FROM2017,TOTAL,Y_UN17,TOTAL,ALL,99,99,ALL,ALL,WORLD,9,2018,11,,,,TIPO_DATO15__LBIRTHES_FROM2017_N1,,,,,,,,,,,,,
IT1:25_74_DF_DCIS_NATI1_8(1.0),A,ITD4,LBIRTHES_FROM2017,TOTAL,Y18,TOTAL,ALL,99,99,ALL,ALL,WORLD,9,2018,22,,,,TIPO_DATO15__LBIRTHES_FROM2017_N1,,,,,,,,,,,,,
IT1:25_74_DF_DCIS_NATI1_8(1.0),A,ITD4,LBIRTHES_FROM2017,TOTAL,Y19,TOTAL,ALL,99,99,ALL,ALL,WORLD,9,2018,47,,,,TIPO_DATO15__LBIRTHES_FROM2017_N1,,,,,,,,,,,,,
IT1:25_74_DF_DCIS_NATI1_8(1.0),A,ITD4,LBIRTHES_FROM2017,TOTAL,Y20,TOTAL,ALL,99,99,ALL,ALL,WORLD,9,2018,43,,,,TIPO_DATO15__LBIRTHES_FROM2017_N1,,,,,,,,,,,,,
IT1:25_74_DF_DCIS_NATI1_8(1.0),A,ITD4,LBIRTHES_FROM2017,TOTAL,Y21,TOTAL,ALL,99,99,ALL,ALL,WORLD,9,2018,83,,,,TIPO_DATO15__LBIRTHES_FROM2017_N1,,,,,,,,,,,,,
IT1:25_74_DF_DCIS_NATI1_8(1.0),A,ITD4,LBIRTHES_FROM2017,TOTAL,Y22,TOTAL,ALL,99,99,ALL,ALL,WORLD,9,2018,131,,,,TIPO_DATO15__LBIRTHES_FROM2017_N1,,,,,,,,,,,,,
IT1:25_74_DF_DCIS_NATI1_8(1.0),A,ITD4,LBIRTHES_FROM2017,TOTAL,Y23,TOTAL,ALL,99,99,ALL,ALL,WORLD,9,2018,136,,,,TIPO_DATO15__LBIRTHES_FROM2017_N1,,,,,,,,,,,,,
IT1:25_74_DF_DCIS_NATI1_8(1.0),A,ITD4,LBIRTHES_FROM2017,TOTAL,Y24,TOTAL,ALL,99,99,ALL,ALL,WORLD,9,2018,186,,,,TIPO_DATO15__LBIRTHES_FROM2017_N1,,,,,,,,,,,,,
IT1:25_74_DF_DCIS_NATI1_8(1.0),A,ITD4,LBIRTHES_FROM2017,TOTAL,Y25,TOTAL,ALL,99,99,ALL,ALL,WORLD,9,2018,242,,,,TIPO_DATO15__LBIRTHES_FROM2017_N1,,,,,,,,,,,,,
IT1:25_74_DF_DCIS_NATI1_8(1.0),A,ITD5,LBIRTHES_FROM2017,FRG,Y_UN17,TOTAL,ALL,99,99,ALL,ALL,WORLD,9,2018,20,,,,TIPO_DATO15__LBIRTHES_FROM2017_N1,,,,,,,,,,,,,
IT1:25_74_DF_DCIS_NATI1_8(1.0),A,ITD5,LBIRTHES_FROM2017,FRG,Y18,TOTAL,ALL,99,99,ALL,ALL,WORLD,9,2018,41,,,,TIPO_DATO15__LBIRTHES_FROM2017_N1,,,,,,,,,,,,,
IT1:25_74_DF_DCIS_NATI1_8(1.0),A,ITD5,LBIRTHES_FROM2017,FRG,Y19,TOTAL,ALL,99,99,ALL,ALL,WORLD,9,2018,108,,,,TIPO_DATO15__LBIRTHES_FROM2017_N1,,,,,,,,,,,,,
IT1:25_74_DF_DCIS_NATI1_8(1.0),A,ITD5,LBIRTHES_FROM2017,FRG,Y20,TOTAL,ALL,99,99,ALL,ALL,WORLD,9,2018,164,,,,TIPO_DATO15__LBIRTHES_FROM2017_N1,,,,,,,,,,,,,
IT1:25_74_DF_DCIS_NATI1_8(1.0),A,ITD5,LBIRTHES_FROM2017,FRG,Y21,TOTAL,ALL,99,99,ALL,ALL,WORLD,9,2018,261,,,,TIPO_DATO15__LBIRTHES_FROM2017_N1,,,,,,,,,,,,,
IT1:25_74_DF_DCIS_NATI1_8(1.0),A,ITD5,LBIRTHES_FROM2017,FRG,Y22,TOTAL,ALL,99,99,ALL,ALL,WORLD,9,2018,336,,,,TIPO_DATO15__LBIRTHES_FROM2017_N1,,,,,,,,,,,,,
IT1:25_74_DF_DCIS_NATI1_8(1.0),A,ITD5,LBIRTHES_FROM2017,FRG,Y23,TOTAL,ALL,99,99,ALL,ALL,WORLD,9,2018,388,,,,TIPO_DATO15__LBIRTHES_FROM2017_N1,,,,,,,,,,,,,
IT1:25_74_DF_DCIS_NATI1_8(1.0),A,ITD5,LBIRTHES_FROM2017,FRG,Y24,TOTAL,ALL,99,99,ALL,ALL,WORLD,9,2018,447,,,,TIPO_DATO15__LBIRTHES_FROM2017_N1,,,,,,,,,,,,,
IT1:25_74_DF_DCIS_NATI1_8(1.0),A,ITD5,LBIRTHES_FROM2017,FRG,Y25,TOTAL,ALL,99,99,ALL,ALL,WORLD,9,2018,523,,,,TIPO_DATO15__LBIRTHES_FROM2017_N1,,,,,,,,,,,,,
IT1:25_74_DF_DCIS_NATI1_8(1.0),A,ITD5,LBIRTHES_FROM2017,ITL,Y_UN17,TOTAL,ALL,99,99,ALL,ALL,WORLD,9,2018,20,,,,TIPO_DATO15__LBIRTHES_FROM2017_N1,,,,,,,,,,,,,
IT1:25_74_DF_DCIS_NATI1_8(1.0),A,ITD5,LBIRTHES_FROM2017,ITL,Y18,TOTAL,ALL,99,99,ALL,ALL,WORLD,9,2018,25,,,,TIPO_DATO15__LBIRTHES_FROM2017_N1,,,,,,,,,,,,,
IT1:25_74_DF_DCIS_NATI1_8(1.0),A,ITD5,LBIRTHES_FROM2017,ITL,Y19,TOTAL,ALL,99,99,ALL,ALL,WORLD,9,2018,77,,,,TIPO_DATO15__LBIRTHES_FROM2017_N1,,,,,,,,,,,,,
IT1:25_74_DF_DCIS_NATI1_8(1.0),A,ITD5,LBIRTHES_FROM2017,ITL,Y20,TOTAL,ALL,99,99,ALL,ALL,WORLD,9,2018,114,,,,TIPO_DATO15__LBIRTHES_FROM2017_N1,,,,,,,,,,,,,
IT1:25_74_DF_DCIS_NATI1_8(1.0),A,ITD5,LBIRTHES_FROM2017,ITL,Y21,TOTAL,ALL,99,99,ALL,ALL,WORLD,9,2018,126,,,,TIPO_DATO15__LBIRTHES_FROM2017_N1,,,,,,,,,,,,,
IT1:25_74_DF_DCIS_NATI1_8(1.0),A,ITD5,LBIRTHES_FROM2017,ITL,Y22,TOTAL,ALL,99,99,ALL,ALL,WORLD,9,2018,188,,,,TIPO_DATO15__LBIRTHES_FROM2017_N1,,,,,,,,,,,,,
IT1:25_74_DF_DCIS_NATI1_8(1.0),A,ITD5,LBIRTHES_FROM2017,ITL,Y23,TOTAL,ALL,99,99,ALL,ALL,WORLD,9,2018,230,,,,TIPO_DATO15__LBIRTHES_FROM2017_N1,,,,,,,,,,,,,
IT1:25_74_DF_DCIS_NATI1_8(1.0),A,ITD5,LBIRTHES_FROM2017,ITL,Y24,TOTAL,ALL,99,99,ALL,ALL,WORLD,9,2018,327,,,,TIPO_DATO15__LBIRTHES_FROM2017_N1,,,,,,,,,,,,,
IT1:25_74_DF_DCIS_NATI1_8(1.0),A,ITD5,LBIRTHES_FROM2017,ITL,Y25,TOTAL,ALL,99,99,ALL,ALL,WORLD,9,2018,449,,,,TIPO_DATO15__LBIRTHES_FROM2017_N1,,,,,,,,,,,,,
IT1:25_74_DF_DCIS_NATI1_8(1.0),A,ITD5,LBIRTHES_FROM2017,TOTAL,Y_UN17,TOTAL,ALL,99,99,ALL,ALL,WORLD,9,2018,40,,,,TIPO_DATO15__LBIRTHES_FROM2017_N1,,,,,,,,,,,,,
IT1:25_74_DF_DCIS_NATI1_8(1.0),A,ITD5,LBIRTHES_FROM2017,TOTAL,Y18,TOTAL,ALL,99,99,ALL,ALL,WORLD,9,2018,66,,,,TIPO_DATO15__LBIRTHES_FROM2017_N1,,,,,,,,,,,,,
IT1:25_74_DF_DCIS_NATI1_8(1.0),A,ITD5,LBIRTHES_FROM2017,TOTAL,Y19,TOTAL,ALL,99,99,ALL,ALL,WORLD,9,2018,185,,,,TIPO_DATO15__LBIRTHES_FROM2017_N1,,,,,,,,,,,,,
IT1:25_74_DF_DCIS_NATI1_8(1.0),A,ITD5,LBIRTHES_FROM2017,TOTAL,Y20,TOTAL,ALL,99,99,ALL,ALL,WORLD,9,2018,278,,,,TIPO_DATO15__LBIRTHES_FROM2017_N1,,,,,,,,,,,,,
IT1:25_74_DF_DCIS_NATI1_8(1.0),A,ITD5,LBIRTHES_FROM2017,TOTAL,Y21,TOTAL,ALL,99,99,ALL,ALL,WORLD,9,2018,387,,,,TIPO_DATO15__LBIRTHES_FROM2017_N1,,,,,,,,,,,,,
IT1:25_74_DF_DCIS_NATI1_8(1.0),A,ITD5,LBIRTHES_FROM2017,TOTAL,Y22,TOTAL,ALL,99,99,ALL,ALL,WORLD,9,2018,524,,,,TIPO_DATO15__LBIRTHES_FROM2017_N1,,,,,,,,,,,,,
IT1:25_74_DF_DCIS_NATI1_8(1.0),A,ITD5,LBIRTHES_FROM2017,TOTAL,Y23,TOTAL,ALL,99,99,ALL,ALL,WORLD,9,2018,618,,,,TIPO_DATO15__LBIRTHES_FROM2017_N1,,,,,,,,,,,,,
IT1:25_74_DF_DCIS_NATI1_8(1.0),A,ITD5,LBIRTHES_FROM2017,TOTAL,Y24,TOTAL,ALL,99,99,ALL,ALL,WORLD,9,2018,774,,,,TIPO_DATO15__LBIRTHES_FROM2017_N1,,,,,,,,,,,,,
IT1:25_74_DF_DCIS_NATI1_8(1.0),A,ITD5,LBIRTHES_FROM2017,TOTAL,Y25,TOTAL,ALL,99,99,ALL,ALL,WORLD,9,2018,972,,,,TIPO_DATO15__LBIRTHES_FROM2017_N1,,,,,,,,,,,,,
IT1:25_74_DF_DCIS_NATI1_8(1.0),A,ITDA,LBIRTHES_FROM2017,FRG,Y_UN17,TOTAL,ALL,99,99,ALL,ALL,WORLD,9,2018,0,,,,TIPO_DATO15__LBIRTHES_FROM2017_N1,,,,,,,,,,,,,
IT1:25_74_DF_DCIS_NATI1_8(1.0),A,ITDA,LBIRTHES_FROM2017,FRG,Y18,TOTAL,ALL,99,99,ALL,ALL,WORLD,9,2018,9,,,,TIPO_DATO15__LBIRTHES_FROM2017_N1,,,,,,,,,,,,,
IT1:25_74_DF_DCIS_NATI1_8(1.0),A,ITDA,LBIRTHES_FROM2017,FRG,Y19,TOTAL,ALL,99,99,ALL,ALL,WORLD,9,2018,22,,,,TIPO_DATO15__LBIRTHES_FROM2017_N1,,,,,,,,,,,,,
IT1:25_74_DF_DCIS_NATI1_8(1.0),A,ITDA,LBIRTHES_FROM2017,FRG,Y20,TOTAL,ALL,99,99,ALL,ALL,WORLD,9,2018,24,,,,TIPO_DATO15__LBIRTHES_FROM2017_N1,,,,,,,,,,,,,
IT1:25_74_DF_DCIS_NATI1_8(1.0),A,ITDA,LBIRTHES_FROM2017,FRG,Y21,TOTAL,ALL,99,99,ALL,ALL,WORLD,9,2018,51,,,,TIPO_DATO15__LBIRTHES_FROM2017_N1,,,,,,,,,,,,,
IT1:25_74_DF_DCIS_NATI1_8(1.0),A,ITDA,LBIRTHES_FROM2017,FRG,Y22,TOTAL,ALL,99,99,ALL,ALL,WORLD,9,2018,68,,,,TIPO_DATO15__LBIRTHES_FROM2017_N1,,,,,,,,,,,,,
IT1:25_74_DF_DCIS_NATI1_8(1.0),A,ITDA,LBIRTHES_FROM2017,FRG,Y23,TOTAL,ALL,99,99,ALL,ALL,WORLD,9,2018,75,,,,TIPO_DATO15__LBIRTHES_FROM2017_N1,,,,,,,,,,,,,
IT1:25_74_DF_DCIS_NATI1_8(1.0),A,ITDA,LBIRTHES_FROM2017,FRG,Y24,TOTAL,ALL,99,99,ALL,ALL,WORLD,9,2018,99,,,,TIPO_DATO15__LBIRTHES_FROM2017_N1,,,,,,,,,,,,,
IT1:25_74_DF_DCIS_NATI1_8(1.0),A,ITDA,LBIRTHES_FROM2017,FRG,Y25,TOTAL,ALL,99,99,ALL,ALL,WORLD,9,2018,111,,,,TIPO_DATO15__LBIRTHES_FROM2017_N1,,,,,,,,,,,,,
IT1:25_74_DF_DCIS_NATI1_8(1.0),A,ITDA,LBIRTHES_FROM2017,ITL,Y_UN17,TOTAL,ALL,99,99,ALL,ALL,WORLD,9,2018,14,,,,TIPO_DATO15__LBIRTHES_FROM2017_N1,,,,,,,,,,,,,
IT1:25_74_DF_DCIS_NATI1_8(1.0),A,ITDA,LBIRTHES_FROM2017,ITL,Y18,TOTAL,ALL,99,99,ALL,ALL,WORLD,9,2018,9,,,,TIPO_DATO15__LBIRTHES_FROM2017_N1,,,,,,,,,,,,,
IT1:25_74_DF_DCIS_NATI1_8(1.0),A,ITDA,LBIRTHES_FROM2017,ITL,Y19,TOTAL,ALL,99,99,ALL,ALL,WORLD,9,2018,35,,,,TIPO_DATO15__LBIRTHES_FROM2017_N1,,,,,,,,,,,,,
IT1:25_74_DF_DCIS_NATI1_8(1.0),A,ITDA,LBIRTHES_FROM2017,ITL,Y20,TOTAL,ALL,99,99,ALL,ALL,WORLD,9,2018,46,,,,TIPO_DATO15__LBIRTHES_FROM2017_N1,,,,,,,,,,,,,
IT1:25_74_DF_DCIS_NATI1_8(1.0),A,ITDA,LBIRTHES_FROM2017,ITL,Y21,TOTAL,ALL,99,99,ALL,ALL,WORLD,9,2018,54,,,,TIPO_DATO15__LBIRTHES_FROM2017_N1,,,,,,,,,,,,,
IT1:25_74_DF_DCIS_NATI1_8(1.0),A,ITDA,LBIRTHES_FROM2017,ITL,Y22,TOTAL,ALL,99,99,ALL,ALL,WORLD,9,2018,76,,,,TIPO_DATO15__LBIRTHES_FROM2017_N1,,,,,,,,,,,,,
IT1:25_74_DF_DCIS_NATI1_8(1.0),A,ITDA,LBIRTHES_FROM2017,ITL,Y23,TOTAL,ALL,99,99,ALL,ALL,WORLD,9,2018,113,,,,TIPO_DATO15__LBIRTHES_FROM2017_N1,,,,,,,,,,,,,
IT1:25_74_DF_DCIS_NATI1_8(1.0),A,ITDA,LBIRTHES_FROM2017,ITL,Y24,TOTAL,ALL,99,99,ALL,ALL,WORLD,9,2018,154,,,,TIPO_DATO15__LBIRTHES_FROM2017_N1,,,,,,,,,,,,,
IT1:25_74_DF_DCIS_NATI1_8(1.0),A,ITDA,LBIRTHES_FROM2017,ITL,Y25,TOTAL,ALL,99,99,ALL,ALL,WORLD,9,2018,228,,,,TIPO_DATO15__LBIRTHES_FROM2017_N1,,,,,,,,,,,,,
IT1:25_74_DF_DCIS_NATI1_8(1.0),A,ITDA,LBIRTHES_FROM2017,TOTAL,Y_UN17,TOTAL,ALL,99,99,ALL,ALL,WORLD,9,2018,14,,,,TIPO_DATO15__LBIRTHES_FROM2017_N1,,,,,,,,,,,,,
IT1:25_74_DF_DCIS_NATI1_8(1.0),A,ITDA,LBIRTHES_FROM2017,TOTAL,Y18,TOTAL,ALL,99,99,ALL,ALL,WORLD,9,2018,18,,,,TIPO_DATO15__LBIRTHES_FROM2017_N1,,,,,,,,,,,,,
IT1:25_74_DF_DCIS_NATI1_8(1.0),A,ITDA,LBIRTHES_FROM2017,TOTAL,Y19,TOTAL,ALL,99,99,ALL,ALL,WORLD,9,2018,57,,,,TIPO_DATO15__LBIRTHES_FROM2017_N1,,,,,,,,,,,,,
IT1:25_74_DF_DCIS_NATI1_8(1.0),A,ITDA,LBIRTHES_FROM2017,TOTAL,Y20,TOTAL,ALL,99,99,ALL,ALL,WORLD,9,2018,70,,,,TIPO_DATO15__LBIRTHES_FROM2017_N1,,,,,,,,,,,,,
IT1:25_74_DF_DCIS_NATI1_8(1.0),A,ITDA,LBIRTHES_FROM2017,TOTAL,Y21,TOTAL,ALL,99,99,ALL,ALL,WORLD,9,2018,105,,,,TIPO_DATO15__LBIRTHES_FROM2017_N1,,,,,,,,,,,,,
IT1:25_74_DF_DCIS_NATI1_8(1.0),A,ITDA,LBIRTHES_FROM2017,TOTAL,Y22,TOTAL,ALL,99,99,ALL,ALL,WORLD,9,2018,144,,,,TIPO_DATO15__LBIRTHES_FROM2017_N1,,,,,,,,,,,,,
IT1:25_74_DF_DCIS_NATI1_8(1.0),A,ITDA,LBIRTHES_FROM2017,TOTAL,Y23,TOTAL,ALL,99,99,ALL,ALL,WORLD,9,2018,188,,,,TIPO_DATO15__LBIRTHES_FROM2017_N1,,,,,,,,,,,,,
IT1:25_74_DF_DCIS_NATI1_8(1.0),A,ITDA,LBIRTHES_FROM2017,TOTAL,Y24,TOTAL,ALL,99,99,ALL,ALL,WORLD,9,2018,253,,,,TIPO_DATO15__LBIRTHES_FROM2017_N1,,,,,,,,,,,,,
IT1:25_74_DF_DCIS_NATI1_8(1.0),A,ITDA,LBIRTHES_FROM2017,TOTAL,Y25,TOTAL,ALL,99,99,ALL,ALL,WORLD,9,2018,339,,,,TIPO_DATO15__LBIRTHES_FROM2017_N1,,,,,,,,,,,,,
IT1:25_74_DF_DCIS_NATI1_8(1.0),A,ITE1,LBIRTHES_FROM2017,FRG,Y_UN17,TOTAL,ALL,99,99,ALL,ALL,WORLD,9,2018,14,,,,TIPO_DATO15__LBIRTHES_FROM2017_N1,,,,,,,,,,,,,
IT1:25_74_DF_DCIS_NATI1_8(1.0),A,ITE1,LBIRTHES_FROM2017,FRG,Y18,TOTAL,ALL,99,99,ALL,ALL,WORLD,9,2018,32,,,,TIPO_DATO15__LBIRTHES_FROM2017_N1,,,,,,,,,,,,,
IT1:25_74_DF_DCIS_NATI1_8(1.0),A,ITE1,LBIRTHES_FROM2017,FRG,Y19,TOTAL,ALL,99,99,ALL,ALL,WORLD,9,2018,69,,,,TIPO_DATO15__LBIRTHES_FROM2017_N1,,,,,,,,,,,,,
IT1:25_74_DF_DCIS_NATI1_8(1.0),A,ITE1,LBIRTHES_FROM2017,FRG,Y20,TOTAL,ALL,99,99,ALL,ALL,WORLD,9,2018,130,,,,TIPO_DATO15__LBIRTHES_FROM2017_N1,,,,,,,,,,,,,
IT1:25_74_DF_DCIS_NATI1_8(1.0),A,ITE1,LBIRTHES_FROM2017,FRG,Y21,TOTAL,ALL,99,99,ALL,ALL,WORLD,9,2018,175,,,,TIPO_DATO15__LBIRTHES_FROM2017_N1,,,,,,,,,,,,,
IT1:25_74_DF_DCIS_NATI1_8(1.0),A,ITE1,LBIRTHES_FROM2017,FRG,Y22,TOTAL,ALL,99,99,ALL,ALL,WORLD,9,2018,240,,,,TIPO_DATO15__LBIRTHES_FROM2017_N1,,,,,,,,,,,,,
IT1:25_74_DF_DCIS_NATI1_8(1.0),A,ITE1,LBIRTHES_FROM2017,FRG,Y23,TOTAL,ALL,99,99,ALL,ALL,WORLD,9,2018,253,,,,TIPO_DATO15__LBIRTHES_FROM2017_N1,,,,,,,,,,,,,
IT1:25_74_DF_DCIS_NATI1_8(1.0),A,ITE1,LBIRTHES_FROM2017,FRG,Y24,TOTAL,ALL,99,99,ALL,ALL,WORLD,9,2018,306,,,,TIPO_DATO15__LBIRTHES_FROM2017_N1,,,,,,,,,,,,,
IT1:25_74_DF_DCIS_NATI1_8(1.0),A,ITE1,LBIRTHES_FROM2017,FRG,Y25,TOTAL,ALL,99,99,ALL,ALL,WORLD,9,2018,377,,,,TIPO_DATO15__LBIRTHES_FROM2017_N1,,,,,,,,,,,,,
IT1:25_74_DF_DCIS_NATI1_8(1.0),A,ITE1,LBIRTHES_FROM2017,ITL,Y_UN17,TOTAL,ALL,99,99,ALL,ALL,WORLD,9,2018,32,,,,TIPO_DATO15__LBIRTHES_FROM2017_N1,,,,,,,,,,,,,
IT1:25_74_DF_DCIS_NATI1_8(1.0),A,ITE1,LBIRTHES_FROM2017,ITL,Y18,TOTAL,ALL,99,99,ALL,ALL,WORLD,9,2018,42,,,,TIPO_DATO15__LBIRTHES_FROM2017_N1,,,,,,,,,,,,,
IT1:25_74_DF_DCIS_NATI1_8(1.0),A,ITE1,LBIRTHES_FROM2017,ITL,Y19,TOTAL,ALL,99,99,ALL,ALL,WORLD,9,2018,59,,,,TIPO_DATO15__LBIRTHES_FROM2017_N1,,,,,,,,,,,,,
IT1:25_74_DF_DCIS_NATI1_8(1.0),A,ITE1,LBIRTHES_FROM2017,ITL,Y20,TOTAL,ALL,99,99,ALL,ALL,WORLD,9,2018,78,,,,TIPO_DATO15__LBIRTHES_FROM2017_N1,,,,,,,,,,,,,
IT1:25_74_DF_DCIS_NATI1_8(1.0),A,ITE1,LBIRTHES_FROM2017,ITL,Y21,TOTAL,ALL,99,99,ALL,ALL,WORLD,9,2018,103,,,,TIPO_DATO15__LBIRTHES_FROM2017_N1,,,,,,,,,,,,,
IT1:25_74_DF_DCIS_NATI1_8(1.0),A,ITE1,LBIRTHES_FROM2017,ITL,Y22,TOTAL,ALL,99,99,ALL,ALL,WORLD,9,2018,130,,,,TIPO_DATO15__LBIRTHES_FROM2017_N1,,,,,,,,,,,,,
IT1:25_74_DF_DCIS_NATI1_8(1.0),A,ITE1,LBIRTHES_FROM2017,ITL,Y23,TOTAL,ALL,99,99,ALL,ALL,WORLD,9,2018,167,,,,TIPO_DATO15__LBIRTHES_FROM2017_N1,,,,,,,,,,,,,
IT1:25_74_DF_DCIS_NATI1_8(1.0),A,ITE1,LBIRTHES_FROM2017,ITL,Y24,TOTAL,ALL,99,99,ALL,ALL,WORLD,9,2018,253,,,,TIPO_DATO15__LBIRTHES_FROM2017_N1,,,,,,,,,,,,,
IT1:25_74_DF_DCIS_NATI1_8(1.0),A,ITE1,LBIRTHES_FROM2017,ITL,Y25,TOTAL,ALL,99,99,ALL,ALL,WORLD,9,2018,355,,,,TIPO_DATO15__LBIRTHES_FROM2017_N1,,,,,,,,,,,,,
IT1:25_74_DF_DCIS_NATI1_8(1.0),A,ITE1,LBIRTHES_FROM2017,TOTAL,Y_UN17,TOTAL,ALL,99,99,ALL,ALL,WORLD,9,2018,46,,,,TIPO_DATO15__LBIRTHES_FROM2017_N1,,,,,,,,,,,,,
IT1:25_74_DF_DCIS_NATI1_8(1.0),A,ITE1,LBIRTHES_FROM2017,TOTAL,Y18,TOTAL,ALL,99,99,ALL,ALL,WORLD,9,2018,74,,,,TIPO_DATO15__LBIRTHES_FROM2017_N1,,,,,,,,,,,,,
IT1:25_74_DF_DCIS_NATI1_8(1.0),A,ITE1,LBIRTHES_FROM2017,TOTAL,Y19,TOTAL,ALL,99,99,ALL,ALL,WORLD,9,2018,128,,,,TIPO_DATO15__LBIRTHES_FROM2017_N1,,,,,,,,,,,,,
IT1:25_74_DF_DCIS_NATI1_8(1.0),A,ITE1,LBIRTHES_FROM2017,TOTAL,Y20,TOTAL,ALL,99,99,ALL,ALL,WORLD,9,2018,208,,,,TIPO_DATO15__LBIRTHES_FROM2017_N1,,,,,,,,,,,,,
IT1:25_74_DF_DCIS_NATI1_8(1.0),A,ITE1,LBIRTHES_FROM2017,TOTAL,Y21,TOTAL,ALL,99,99,ALL,ALL,WORLD,9,2018,278,,,,TIPO_DATO15__LBIRTHES_FROM2017_N1,,,,,,,,,,,,,
IT1:25_74_DF_DCIS_NATI1_8(1.0),A,ITE1,LBIRTHES_FROM2017,TOTAL,Y22,TOTAL,ALL,99,99,ALL,ALL,WORLD,9,2018,370,,,,TIPO_DATO15__LBIRTHES_FROM2017_N1,,,,,,,,,,,,,
IT1:25_74_DF_DCIS_NATI1_8(1.0),A,ITE1,LBIRTHES_FROM2017,TOTAL,Y23,TOTAL,ALL,99,99,ALL,ALL,WORLD,9,2018,420,,,,TIPO_DATO15__LBIRTHES_FROM2017_N1,,,,,,,,,,,,,
IT1:25_74_DF_DCIS_NATI1_8(1.0),A,ITE1,LBIRTHES_FROM2017,TOTAL,Y24,TOTAL,ALL,99,99,ALL,ALL,WORLD,9,2018,559,,,,TIPO_DATO15__LBIRTHES_FROM2017_N1,,,,,,,,,,,,,
IT1:25_74_DF_DCIS_NATI1_8(1.0),A,ITE1,LBIRTHES_FROM2017,TOTAL,Y25,TOTAL,ALL,99,99,ALL,ALL,WORLD,9,2018,732,,,,TIPO_DATO15__LBIRTHES_FROM2017_N1,,,,,,,,,,,,,
IT1:25_74_DF_DCIS_NATI1_8(1.0),A,ITE2,LBIRTHES_FROM2017,FRG,Y_UN17,TOTAL,ALL,99,99,ALL,ALL,WORLD,9,2018,4,,,,TIPO_DATO15__LBIRTHES_FROM2017_N1,,,,,,,,,,,,,
IT1:25_74_DF_DCIS_NATI1_8(1.0),A,ITE2,LBIRTHES_FROM2017,FRG,Y18,TOTAL,ALL,99,99,ALL,ALL,WORLD,9,2018,14,,,,TIPO_DATO15__LBIRTHES_FROM2017_N1,,,,,,,,,,,,,
IT1:25_74_DF_DCIS_NATI1_8(1.0),A,ITE2,LBIRTHES_FROM2017,FRG,Y19,TOTAL,ALL,99,99,ALL,ALL,WORLD,9,2018,13,,,,TIPO_DATO15__LBIRTHES_FROM2017_N1,,,,,,,,,,,,,
IT1:25_74_DF_DCIS_NATI1_8(1.0),A,ITE2,LBIRTHES_FROM2017,FRG,Y20,TOTAL,ALL,99,99,ALL,ALL,WORLD,9,2018,40,,,,TIPO_DATO15__LBIRTHES_FROM2017_N1,,,,,,,,,,,,,
IT1:25_74_DF_DCIS_NATI1_8(1.0),A,ITE2,LBIRTHES_FROM2017,FRG,Y21,TOTAL,ALL,99,99,ALL,ALL,WORLD,9,2018,39,,,,TIPO_DATO15__LBIRTHES_FROM2017_N1,,,,,,,,,,,,,
IT1:25_74_DF_DCIS_NATI1_8(1.0),A,ITE2,LBIRTHES_FROM2017,FRG,Y22,TOTAL,ALL,99,99,ALL,ALL,WORLD,9,2018,45,,,,TIPO_DATO15__LBIRTHES_FROM2017_N1,,,,,,,,,,,,,
IT1:25_74_DF_DCIS_NATI1_8(1.0),A,ITE2,LBIRTHES_FROM2017,FRG,Y23,TOTAL,ALL,99,99,ALL,ALL,WORLD,9,2018,45,,,,TIPO_DATO15__LBIRTHES_FROM2017_N1,,,,,,,,,,,,,
IT1:25_74_DF_DCIS_NATI1_8(1.0),A,ITE2,LBIRTHES_FROM2017,FRG,Y24,TOTAL,ALL,99,99,ALL,ALL,WORLD,9,2018,64,,,,TIPO_DATO15__LBIRTHES_FROM2017_N1,,,,,,,,,,,,,
IT1:25_74_DF_DCIS_NATI1_8(1.0),A,ITE2,LBIRTHES_FROM2017,FRG,Y25,TOTAL,ALL,99,99,ALL,ALL,WORLD,9,2018,86,,,,TIPO_DATO15__LBIRTHES_FROM2017_N1,,,,,,,,,,,,,
IT1:25_74_DF_DCIS_NATI1_8(1.0),A,ITE2,LBIRTHES_FROM2017,ITL,Y_UN17,TOTAL,ALL,99,99,ALL,ALL,WORLD,9,2018,5,,,,TIPO_DATO15__LBIRTHES_FROM2017_N1,,,,,,,,,,,,,
IT1:25_74_DF_DCIS_NATI1_8(1.0),A,ITE2,LBIRTHES_FROM2017,ITL,Y18,TOTAL,ALL,99,99,ALL,ALL,WORLD,9,2018,3,,,,TIPO_DATO15__LBIRTHES_FROM2017_N1,,,,,,,,,,,,,
IT1:25_74_DF_DCIS_NATI1_8(1.0),A,ITE2,LBIRTHES_FROM2017,ITL,Y19,TOTAL,ALL,99,99,ALL,ALL,WORLD,9,2018,15,,,,TIPO_DATO15__LBIRTHES_FROM2017_N1,,,,,,,,,,,,,
IT1:25_74_DF_DCIS_NATI1_8(1.0),A,ITE2,LBIRTHES_FROM2017,ITL,Y20,TOTAL,ALL,99,99,ALL,ALL,WORLD,9,2018,22,,,,TIPO_DATO15__LBIRTHES_FROM2017_N1,,,,,,,,,,,,,
IT1:25_74_DF_DCIS_NATI1_8(1.0),A,ITE2,LBIRTHES_FROM2017,ITL,Y21,TOTAL,ALL,99,99,ALL,ALL,WORLD,9,2018,26,,,,TIPO_DATO15__LBIRTHES_FROM2017_N1,,,,,,,,,,,,,
IT1:25_74_DF_DCIS_NATI1_8(1.0),A,ITE2,LBIRTHES_FROM2017,ITL,Y22,TOTAL,ALL,99,99,ALL,ALL,WORLD,9,2018,35,,,,TIPO_DATO15__LBIRTHES_FROM2017_N1,,,,,,,,,,,,,
IT1:25_74_DF_DCIS_NATI1_8(1.0),A,ITE2,LBIRTHES_FROM2017,ITL,Y23,TOTAL,ALL,99,99,ALL,ALL,WORLD,9,2018,48,,,,TIPO_DATO15__LBIRTHES_FROM2017_N1,,,,,,,,,,,,,
IT1:25_74_DF_DCIS_NATI1_8(1.0),A,ITE2,LBIRTHES_FROM2017,ITL,Y24,TOTAL,ALL,99,99,ALL,ALL,WORLD,9,2018,85,,,,TIPO_DATO15__LBIRTHES_FROM2017_N1,,,,,,,,,,,,,
IT1:25_74_DF_DCIS_NATI1_8(1.0),A,ITE2,LBIRTHES_FROM2017,ITL,Y25,TOTAL,ALL,99,99,ALL,ALL,WORLD,9,2018,115,,,,TIPO_DATO15__LBIRTHES_FROM2017_N1,,,,,,,,,,,,,
IT1:25_74_DF_DCIS_NATI1_8(1.0),A,ITE2,LBIRTHES_FROM2017,TOTAL,Y_UN17,TOTAL,ALL,99,99,ALL,ALL,WORLD,9,2018,9,,,,TIPO_DATO15__LBIRTHES_FROM2017_N1,,,,,,,,,,,,,
IT1:25_74_DF_DCIS_NATI1_8(1.0),A,ITE2,LBIRTHES_FROM2017,TOTAL,Y18,TOTAL,ALL,99,99,ALL,ALL,WORLD,9,2018,17,,,,TIPO_DATO15__LBIRTHES_FROM2017_N1,,,,,,,,,,,,,
IT1:25_74_DF_DCIS_NATI1_8(1.0),A,ITE2,LBIRTHES_FROM2017,TOTAL,Y19,TOTAL,ALL,99,99,ALL,ALL,WORLD,9,2018,28,,,,TIPO_DATO15__LBIRTHES_FROM2017_N1,,,,,,,,,,,,,
IT1:25_74_DF_DCIS_NATI1_8(1.0),A,ITE2,LBIRTHES_FROM2017,TOTAL,Y20,TOTAL,ALL,99,99,ALL,ALL,WORLD,9,2018,62,,,,TIPO_DATO15__LBIRTHES_FROM2017_N1,,,,,,,,,,,,,
IT1:25_74_DF_DCIS_NATI1_8(1.0),A,ITE2,LBIRTHES_FROM2017,TOTAL,Y21,TOTAL,ALL,99,99,ALL,ALL,WORLD,9,2018,65,,,,TIPO_DATO15__LBIRTHES_FROM2017_N1,,,,,,,,,,,,,
IT1:25_74_DF_DCIS_NATI1_8(1.0),A,ITE2,LBIRTHES_FROM2017,TOTAL,Y22,TOTAL,ALL,99,99,ALL,ALL,WORLD,9,2018,80,,,,TIPO_DATO15__LBIRTHES_FROM2017_N1,,,,,,,,,,,,,
IT1:25_74_DF_DCIS_NATI1_8(1.0),A,ITE2,LBIRTHES_FROM2017,TOTAL,Y23,TOTAL,ALL,99,99,ALL,ALL,WORLD,9,2018,93,,,,TIPO_DATO15__LBIRTHES_FROM2017_N1,,,,,,,,,,,,,
IT1:25_74_DF_DCIS_NATI1_8(1.0),A,ITE2,LBIRTHES_FROM2017,TOTAL,Y24,TOTAL,ALL,99,99,ALL,ALL,WORLD,9,2018,149,,,,TIPO_DATO15__LBIRTHES_FROM2017_N1,,,,,,,,,,,,,
IT1:25_74_DF_DCIS_NATI1_8(1.0),A,ITE2,LBIRTHES_FROM2017,TOTAL,Y25,TOTAL,ALL,99,99,ALL,ALL,WORLD,9,2018,201,,,,TIPO_DATO15__LBIRTHES_FROM2017_N1,,,,,,,,,,,,,
IT1:25_74_DF_DCIS_NATI1_8(1.0),A,ITE3,LBIRTHES_FROM2017,FRG,Y_UN17,TOTAL,ALL,99,99,ALL,ALL,WORLD,9,2018,3,,,,TIPO_DATO15__LBIRTHES_FROM2017_N1,,,,,,,,,,,,,
IT1:25_74_DF_DCIS_NATI1_8(1.0),A,ITE3,LBIRTHES_FROM2017,FRG,Y18,TOTAL,ALL,99,99,ALL,ALL,WORLD,9,2018,14,,,,TIPO_DATO15__LBIRTHES_FROM2017_N1,,,,,,,,,,,,,
IT1:25_74_DF_DCIS_NATI1_8(1.0),A,ITE3,LBIRTHES_FROM2017,FRG,Y19,TOTAL,ALL,99,99,ALL,ALL,WORLD,9,2018,21,,,,TIPO_DATO15__LBIRTHES_FROM2017_N1,,,,,,,,,,,,,
IT1:25_74_DF_DCIS_NATI1_8(1.0),A,ITE3,LBIRTHES_FROM2017,FRG,Y20,TOTAL,ALL,99,99,ALL,ALL,WORLD,9,2018,41,,,,TIPO_DATO15__LBIRTHES_FROM2017_N1,,,,,,,,,,,,,
IT1:25_74_DF_DCIS_NATI1_8(1.0),A,ITE3,LBIRTHES_FROM2017,FRG,Y21,TOTAL,ALL,99,99,ALL,ALL,WORLD,9,2018,47,,,,TIPO_DATO15__LBIRTHES_FROM2017_N1,,,,,,,,,,,,,
IT1:25_74_DF_DCIS_NATI1_8(1.0),A,ITE3,LBIRTHES_FROM2017,FRG,Y22,TOTAL,ALL,99,99,ALL,ALL,WORLD,9,2018,80,,,,TIPO_DATO15__LBIRTHES_FROM2017_N1,,,,,,,,,,,,,
IT1:25_74_DF_DCIS_NATI1_8(1.0),A,ITE3,LBIRTHES_FROM2017,FRG,Y23,TOTAL,ALL,99,99,ALL,ALL,WORLD,9,2018,87,,,,TIPO_DATO15__LBIRTHES_FROM2017_N1,,,,,,,,,,,,,
IT1:25_74_DF_DCIS_NATI1_8(1.0),A,ITE3,LBIRTHES_FROM2017,FRG,Y24,TOTAL,ALL,99,99,ALL,ALL,WORLD,9,2018,116,,,,TIPO_DATO15__LBIRTHES_FROM2017_N1,,,,,,,,,,,,,
IT1:25_74_DF_DCIS_NATI1_8(1.0),A,ITE3,LBIRTHES_FROM2017,FRG,Y25,TOTAL,ALL,99,99,ALL,ALL,WORLD,9,2018,127,,,,TIPO_DATO15__LBIRTHES_FROM2017_N1,,,,,,,,,,,,,
IT1:25_74_DF_DCIS_NATI1_8(1.0),A,ITE3,LBIRTHES_FROM2017,ITL,Y_UN17,TOTAL,ALL,99,99,ALL,ALL,WORLD,9,2018,11,,,,TIPO_DATO15__LBIRTHES_FROM2017_N1,,,,,,,,,,,,,
IT1:25_74_DF_DCIS_NATI1_8(1.0),A,ITE3,LBIRTHES_FROM2017,ITL,Y18,TOTAL,ALL,99,99,ALL,ALL,WORLD,9,2018,10,,,,TIPO_DATO15__LBIRTHES_FROM2017_N1,,,,,,,,,,,,,
IT1:25_74_DF_DCIS_NATI1_8(1.0),A,ITE3,LBIRTHES_FROM2017,ITL,Y19,TOTAL,ALL,99,99,ALL,ALL,WORLD,9,2018,28,,,,TIPO_DATO15__LBIRTHES_FROM2017_N1,,,,,,,,,,,,,
IT1:25_74_DF_DCIS_NATI1_8(1.0),A,ITE3,LBIRTHES_FROM2017,ITL,Y20,TOTAL,ALL,99,99,ALL,ALL,WORLD,9,2018,35,,,,TIPO_DATO15__LBIRTHES_FROM2017_N1,,,,,,,,,,,,,
IT1:25_74_DF_DCIS_NATI1_8(1.0),A,ITE3,LBIRTHES_FROM2017,ITL,Y21,TOTAL,ALL,99,99,ALL,ALL,WORLD,9,2018,62,,,,TIPO_DATO15__LBIRTHES_FROM2017_N1,,,,,,,,,,,,,
IT1:25_74_DF_DCIS_NATI1_8(1.0),A,ITE3,LBIRTHES_FROM2017,ITL,Y22,TOTAL,ALL,99,99,ALL,ALL,WORLD,9,2018,71,,,,TIPO_DATO15__LBIRTHES_FROM2017_N1,,,,,,,,,,,,,
IT1:25_74_DF_DCIS_NATI1_8(1.0),A,ITE3,LBIRTHES_FROM2017,ITL,Y23,TOTAL,ALL,99,99,ALL,ALL,WORLD,9,2018,86,,,,TIPO_DATO15__LBIRTHES_FROM2017_N1,,,,,,,,,,,,,
IT1:25_74_DF_DCIS_NATI1_8(1.0),A,ITE3,LBIRTHES_FROM2017,ITL,Y24,TOTAL,ALL,99,99,ALL,ALL,WORLD,9,2018,104,,,,TIPO_DATO15__LBIRTHES_FROM2017_N1,,,,,,,,,,,,,
IT1:25_74_DF_DCIS_NATI1_8(1.0),A,ITE3,LBIRTHES_FROM2017,ITL,Y25,TOTAL,ALL,99,99,ALL,ALL,WORLD,9,2018,161,,,,TIPO_DATO15__LBIRTHES_FROM2017_N1,,,,,,,,,,,,,
IT1:25_74_DF_DCIS_NATI1_8(1.0),A,ITE3,LBIRTHES_FROM2017,TOTAL,Y_UN17,TOTAL,ALL,99,99,ALL,ALL,WORLD,9,2018,14,,,,TIPO_DATO15__LBIRTHES_FROM2017_N1,,,,,,,,,,,,,
IT1:25_74_DF_DCIS_NATI1_8(1.0),A,ITE3,LBIRTHES_FROM2017,TOTAL,Y18,TOTAL,ALL,99,99,ALL,ALL,WORLD,9,2018,24,,,,TIPO_DATO15__LBIRTHES_FROM2017_N1,,,,,,,,,,,,,
IT1:25_74_DF_DCIS_NATI1_8(1.0),A,ITE3,LBIRTHES_FROM2017,TOTAL,Y19,TOTAL,ALL,99,99,ALL,ALL,WORLD,9,2018,49,,,,TIPO_DATO15__LBIRTHES_FROM2017_N1,,,,,,,,,,,,,
IT1:25_74_DF_DCIS_NATI1_8(1.0),A,ITE3,LBIRTHES_FROM2017,TOTAL,Y20,TOTAL,ALL,99,99,ALL,ALL,WORLD,9,2018,76,,,,TIPO_DATO15__LBIRTHES_FROM2017_N1,,,,,,,,,,,,,
IT1:25_74_DF_DCIS_NATI1_8(1.0),A,ITE3,LBIRTHES_FROM2017,TOTAL,Y21,TOTAL,ALL,99,99,ALL,ALL,WORLD,9,2018,109,,,,TIPO_DATO15__LBIRTHES_FROM2017_N1,,,,,,,,,,,,,
IT1:25_74_DF_DCIS_NATI1_8(1.0),A,ITE3,LBIRTHES_FROM2017,TOTAL,Y22,TOTAL,ALL,99,99,ALL,ALL,WORLD,9,2018,151,,,,TIPO_DATO15__LBIRTHES_FROM2017_N1,,,,,,,,,,,,,
IT1:25_74_DF_DCIS_NATI1_8(1.0),A,ITE3,LBIRTHES_FROM2017,TOTAL,Y23,TOTAL,ALL,99,99,ALL,ALL,WORLD,9,2018,173,,,,TIPO_DATO15__LBIRTHES_FROM2017_N1,,,,,,,,,,,,,
IT1:25_74_DF_DCIS_NATI1_8(1.0),A,ITE3,LBIRTHES_FROM2017,TOTAL,Y24,TOTAL,ALL,99,99,ALL,ALL,WORLD,9,2018,220,,,,TIPO_DATO15__LBIRTHES_FROM2017_N1,,,,,,,,,,,,,
IT1:25_74_DF_DCIS_NATI1_8(1.0),A,ITE3,LBIRTHES_FROM2017,TOTAL,Y25,TOTAL,ALL,99,99,ALL,ALL,WORLD,9,2018,288,,,,TIPO_DATO15__LBIRTHES_FROM2017_N1,,,,,,,,,,,,,
IT1:25_74_DF_DCIS_NATI1_8(1.0),A,ITE4,LBIRTHES_FROM2017,FRG,Y_UN17,TOTAL,ALL,99,99,ALL,ALL,WORLD,9,2018,23,,,,TIPO_DATO15__LBIRTHES_FROM2017_N1,,,,,,,,,,,,,
IT1:25_74_DF_DCIS_NATI1_8(1.0),A,ITE4,LBIRTHES_FROM2017,FRG,Y18,TOTAL,ALL,99,99,ALL,ALL,WORLD,9,2018,42,,,,TIPO_DATO15__LBIRTHES_FROM2017_N1,,,,,,,,,,,,,
IT1:25_74_DF_DCIS_NATI1_8(1.0),A,ITE4,LBIRTHES_FROM2017,FRG,Y19,TOTAL,ALL,99,99,ALL,ALL,WORLD,9,2018,76,,,,TIPO_DATO15__LBIRTHES_FROM2017_N1,,,,,,,,,,,,,
IT1:25_74_DF_DCIS_NATI1_8(1.0),A,ITE4,LBIRTHES_FROM2017,FRG,Y20,TOTAL,ALL,99,99,ALL,ALL,WORLD,9,2018,110,,,,TIPO_DATO15__LBIRTHES_FROM2017_N1,,,,,,,,,,,,,
IT1:25_74_DF_DCIS_NATI1_8(1.0),A,ITE4,LBIRTHES_FROM2017,FRG,Y21,TOTAL,ALL,99,99,ALL,ALL,WORLD,9,2018,171,,,,TIPO_DATO15__LBIRTHES_FROM2017_N1,,,,,,,,,,,,,
IT1:25_74_DF_DCIS_NATI1_8(1.0),A,ITE4,LBIRTHES_FROM2017,FRG,Y22,TOTAL,ALL,99,99,ALL,ALL,WORLD,9,2018,201,,,,TIPO_DATO15__LBIRTHES_FROM2017_N1,,,,,,,,,,,,,
IT1:25_74_DF_DCIS_NATI1_8(1.0),A,ITE4,LBIRTHES_FROM2017,FRG,Y23,TOTAL,ALL,99,99,ALL,ALL,WORLD,9,2018,237,,,,TIPO_DATO15__LBIRTHES_FROM2017_N1,,,,,,,,,,,,,
IT1:25_74_DF_DCIS_NATI1_8(1.0),A,ITE4,LBIRTHES_FROM2017,FRG,Y24,TOTAL,ALL,99,99,ALL,ALL,WORLD,9,2018,331,,,,TIPO_DATO15__LBIRTHES_FROM2017_N1,,,,,,,,,,,,,
IT1:25_74_DF_DCIS_NATI1_8(1.0),A,ITE4,LBIRTHES_FROM2017,FRG,Y25,TOTAL,ALL,99,99,ALL,ALL,WORLD,9,2018,398,,,,TIPO_DATO15__LBIRTHES_FROM2017_N1,,,,,,,,,,,,,
IT1:25_74_DF_DCIS_NATI1_8(1.0),A,ITE4,LBIRTHES_FROM2017,ITL,Y_UN17,TOTAL,ALL,99,99,ALL,ALL,WORLD,9,2018,58,,,,TIPO_DATO15__LBIRTHES_FROM2017_N1,,,,,,,,,,,,,
IT1:25_74_DF_DCIS_NATI1_8(1.0),A,ITE4,LBIRTHES_FROM2017,ITL,Y18,TOTAL,ALL,99,99,ALL,ALL,WORLD,9,2018,74,,,,TIPO_DATO15__LBIRTHES_FROM2017_N1,,,,,,,,,,,,,
IT1:25_74_DF_DCIS_NATI1_8(1.0),A,ITE4,LBIRTHES_FROM2017,ITL,Y19,TOTAL,ALL,99,99,ALL,ALL,WORLD,9,2018,122,,,,TIPO_DATO15__LBIRTHES_FROM2017_N1,,,,,,,,,,,,,
IT1:25_74_DF_DCIS_NATI1_8(1.0),A,ITE4,LBIRTHES_FROM2017,ITL,Y20,TOTAL,ALL,99,99,ALL,ALL,WORLD,9,2018,182,,,,TIPO_DATO15__LBIRTHES_FROM2017_N1,,,,,,,,,,,,,
IT1:25_74_DF_DCIS_NATI1_8(1.0),A,ITE4,LBIRTHES_FROM2017,ITL,Y21,TOTAL,ALL,99,99,ALL,ALL,WORLD,9,2018,206,,,,TIPO_DATO15__LBIRTHES_FROM2017_N1,,,,,,,,,,,,,
IT1:25_74_DF_DCIS_NATI1_8(1.0),A,ITE4,LBIRTHES_FROM2017,ITL,Y22,TOTAL,ALL,99,99,ALL,ALL,WORLD,9,2018,362,,,,TIPO_DATO15__LBIRTHES_FROM2017_N1,,,,,,,,,,,,,
IT1:25_74_DF_DCIS_NATI1_8(1.0),A,ITE4,LBIRTHES_FROM2017,ITL,Y23,TOTAL,ALL,99,99,ALL,ALL,WORLD,9,2018,409,,,,TIPO_DATO15__LBIRTHES_FROM2017_N1,,,,,,,,,,,,,
IT1:25_74_DF_DCIS_NATI1_8(1.0),A,ITE4,LBIRTHES_FROM2017,ITL,Y24,TOTAL,ALL,99,99,ALL,ALL,WORLD,9,2018,535,,,,TIPO_DATO15__LBIRTHES_FROM2017_N1,,,,,,,,,,,,,
IT1:25_74_DF_DCIS_NATI1_8(1.0),A,ITE4,LBIRTHES_FROM2017,ITL,Y25,TOTAL,ALL,99,99,ALL,ALL,WORLD,9,2018,692,,,,TIPO_DATO15__LBIRTHES_FROM2017_N1,,,,,,,,,,,,,
IT1:25_74_DF_DCIS_NATI1_8(1.0),A,ITE4,LBIRTHES_FROM2017,TOTAL,Y_UN17,TOTAL,ALL,99,99,ALL,ALL,WORLD,9,2018,81,,,,TIPO_DATO15__LBIRTHES_FROM2017_N1,,,,,,,,,,,,,
IT1:25_74_DF_DCIS_NATI1_8(1.0),A,ITE4,LBIRTHES_FROM2017,TOTAL,Y18,TOTAL,ALL,99,99,ALL,ALL,WORLD,9,2018,116,,,,TIPO_DATO15__LBIRTHES_FROM2017_N1,,,,,,,,,,,,,
IT1:25_74_DF_DCIS_NATI1_8(1.0),A,ITE4,LBIRTHES_FROM2017,TOTAL,Y19,TOTAL,ALL,99,99,ALL,ALL,WORLD,9,2018,198,,,,TIPO_DATO15__LBIRTHES_FROM2017_N1,,,,,,,,,,,,,
IT1:25_74_DF_DCIS_NATI1_8(1.0),A,ITE4,LBIRTHES_FROM2017,TOTAL,Y20,TOTAL,ALL,99,99,ALL,ALL,WORLD,9,2018,292,,,,TIPO_DATO15__LBIRTHES_FROM2017_N1,,,,,,,,,,,,,
IT1:25_74_DF_DCIS_NATI1_8(1.0),A,ITE4,LBIRTHES_FROM2017,TOTAL,Y21,TOTAL,ALL,99,99,ALL,ALL,WORLD,9,2018,377,,,,TIPO_DATO15__LBIRTHES_FROM2017_N1,,,,,,,,,,,,,
IT1:25_74_DF_DCIS_NATI1_8(1.0),A,ITE4,LBIRTHES_FROM2017,TOTAL,Y22,TOTAL,ALL,99,99,ALL,ALL,WORLD,9,2018,563,,,,TIPO_DATO15__LBIRTHES_FROM2017_N1,,,,,,,,,,,,,
IT1:25_74_DF_DCIS_NATI1_8(1.0),A,ITE4,LBIRTHES_FROM2017,TOTAL,Y23,TOTAL,ALL,99,99,ALL,ALL,WORLD,9,2018,646,,,,TIPO_DATO15__LBIRTHES_FROM2017_N1,,,,,,,,,,,,,
IT1:25_74_DF_DCIS_NATI1_8(1.0),A,ITE4,LBIRTHES_FROM2017,TOTAL,Y24,TOTAL,ALL,99,99,ALL,ALL,WORLD,9,2018,866,,,,TIPO_DATO15__LBIRTHES_FROM2017_N1,,,,,,,,,,,,,
IT1:25_74_DF_DCIS_NATI1_8(1.0),A,ITE4,LBIRTHES_FROM2017,TOTAL,Y25,TOTAL,ALL,99,99,ALL,ALL,WORLD,9,2018,1090,,,,TIPO_DATO15__LBIRTHES_FROM2017_N1,,,,,,,,,,,,,
IT1:25_74_DF_DCIS_NATI1_8(1.0),A,ITF1,LBIRTHES_FROM2017,FRG,Y_UN17,TOTAL,ALL,99,99,ALL,ALL,WORLD,9,2018,1,,,,TIPO_DATO15__LBIRTHES_FROM2017_N1,,,,,,,,,,,,,
IT1:25_74_DF_DCIS_NATI1_8(1.0),A,ITF1,LBIRTHES_FROM2017,FRG,Y18,TOTAL,ALL,99,99,ALL,ALL,WORLD,9,2018,4,,,,TIPO_DATO15__LBIRTHES_FROM2017_N1,,,,,,,,,,,,,
IT1:25_74_DF_DCIS_NATI1_8(1.0),A,ITF1,LBIRTHES_FROM2017,FRG,Y19,TOTAL,ALL,99,99,ALL,ALL,WORLD,9,2018,17,,,,TIPO_DATO15__LBIRTHES_FROM2017_N1,,,,,,,,,,,,,
IT1:25_74_DF_DCIS_NATI1_8(1.0),A,ITF1,LBIRTHES_FROM2017,FRG,Y20,TOTAL,ALL,99,99,ALL,ALL,WORLD,9,2018,30,,,,TIPO_DATO15__LBIRTHES_FROM2017_N1,,,,,,,,,,,,,
IT1:25_74_DF_DCIS_NATI1_8(1.0),A,ITF1,LBIRTHES_FROM2017,FRG,Y21,TOTAL,ALL,99,99,ALL,ALL,WORLD,9,2018,32,,,,TIPO_DATO15__LBIRTHES_FROM2017_N1,,,,,,,,,,,,,
IT1:25_74_DF_DCIS_NATI1_8(1.0),A,ITF1,LBIRTHES_FROM2017,FRG,Y22,TOTAL,ALL,99,99,ALL,ALL,WORLD,9,2018,53,,,,TIPO_DATO15__LBIRTHES_FROM2017_N1,,,,,,,,,,,,,
IT1:25_74_DF_DCIS_NATI1_8(1.0),A,ITF1,LBIRTHES_FROM2017,FRG,Y23,TOTAL,ALL,99,99,ALL,ALL,WORLD,9,2018,44,,,,TIPO_DATO15__LBIRTHES_FROM2017_N1,,,,,,,,,,,,,
IT1:25_74_DF_DCIS_NATI1_8(1.0),A,ITF1,LBIRTHES_FROM2017,FRG,Y24,TOTAL,ALL,99,99,ALL,ALL,WORLD,9,2018,65,,,,TIPO_DATO15__LBIRTHES_FROM2017_N1,,,,,,,,,,,,,
IT1:25_74_DF_DCIS_NATI1_8(1.0),A,ITF1,LBIRTHES_FROM2017,FRG,Y25,TOTAL,ALL,99,99,ALL,ALL,WORLD,9,2018,68,,,,TIPO_DATO15__LBIRTHES_FROM2017_N1,,,,,,,,,,,,,
IT1:25_74_DF_DCIS_NATI1_8(1.0),A,ITF1,LBIRTHES_FROM2017,ITL,Y_UN17,TOTAL,ALL,99,99,ALL,ALL,WORLD,9,2018,7,,,,TIPO_DATO15__LBIRTHES_FROM2017_N1,,,,,,,,,,,,,
IT1:25_74_DF_DCIS_NATI1_8(1.0),A,ITF1,LBIRTHES_FROM2017,ITL,Y18,TOTAL,ALL,99,99,ALL,ALL,WORLD,9,2018,13,,,,TIPO_DATO15__LBIRTHES_FROM2017_N1,,,,,,,,,,,,,
IT1:25_74_DF_DCIS_NATI1_8(1.0),A,ITF1,LBIRTHES_FROM2017,ITL,Y19,TOTAL,ALL,99,99,ALL,ALL,WORLD,9,2018,46,,,,TIPO_DATO15__LBIRTHES_FROM2017_N1,,,,,,,,,,,,,
IT1:25_74_DF_DCIS_NATI1_8(1.0),A,ITF1,LBIRTHES_FROM2017,ITL,Y20,TOTAL,ALL,99,99,ALL,ALL,WORLD,9,2018,37,,,,TIPO_DATO15__LBIRTHES_FROM2017_N1,,,,,,,,,,,,,
IT1:25_74_DF_DCIS_NATI1_8(1.0),A,ITF1,LBIRTHES_FROM2017,ITL,Y21,TOTAL,ALL,99,99,ALL,ALL,WORLD,9,2018,63,,,,TIPO_DATO15__LBIRTHES_FROM2017_N1,,,,,,,,,,,,,
IT1:25_74_DF_DCIS_NATI1_8(1.0),A,ITF1,LBIRTHES_FROM2017,ITL,Y22,TOTAL,ALL,99,99,ALL,ALL,WORLD,9,2018,77,,,,TIPO_DATO15__LBIRTHES_FROM2017_N1,,,,,,,,,,,,,
IT1:25_74_DF_DCIS_NATI1_8(1.0),A,ITF1,LBIRTHES_FROM2017,ITL,Y23,TOTAL,ALL,99,99,ALL,ALL,WORLD,9,2018,126,,,,TIPO_DATO15__LBIRTHES_FROM2017_N1,,,,,,,,,,,,,
IT1:25_74_DF_DCIS_NATI1_8(1.0),A,ITF1,LBIRTHES_FROM2017,ITL,Y24,TOTAL,ALL,99,99,ALL,ALL,WORLD,9,2018,157,,,,TIPO_DATO15__LBIRTHES_FROM2017_N1,,,,,,,,,,,,,
IT1:25_74_DF_DCIS_NATI1_8(1.0),A,ITF1,LBIRTHES_FROM2017,ITL,Y25,TOTAL,ALL,99,99,ALL,ALL,WORLD,9,2018,184,,,,TIPO_DATO15__LBIRTHES_FROM2017_N1,,,,,,,,,,,,,
IT1:25_74_DF_DCIS_NATI1_8(1.0),A,ITF1,LBIRTHES_FROM2017,TOTAL,Y_UN17,TOTAL,ALL,99,99,ALL,ALL,WORLD,9,2018,8,,,,TIPO_DATO15__LBIRTHES_FROM2017_N1,,,,,,,,,,,,,
IT1:25_74_DF_DCIS_NATI1_8(1.0),A,ITF1,LBIRTHES_FROM2017,TOTAL,Y18,TOTAL,ALL,99,99,ALL,ALL,WORLD,9,2018,17,,,,TIPO_DATO15__LBIRTHES_FROM2017_N1,,,,,,,,,,,,,
IT1:25_74_DF_DCIS_NATI1_8(1.0),A,ITF1,LBIRTHES_FROM2017,TOTAL,Y19,TOTAL,ALL,99,99,ALL,ALL,WORLD,9,2018,63,,,,TIPO_DATO15__LBIRTHES_FROM2017_N1,,,,,,,,,,,,,
IT1:25_74_DF_DCIS_NATI1_8(1.0),A,ITF1,LBIRTHES_FROM2017,TOTAL,Y20,TOTAL,ALL,99,99,ALL,ALL,WORLD,9,2018,67,,,,TIPO_DATO15__LBIRTHES_FROM2017_N1,,,,,,,,,,,,,
IT1:25_74_DF_DCIS_NATI1_8(1.0),A,ITF1,LBIRTHES_FROM2017,TOTAL,Y21,TOTAL,ALL,99,99,ALL,ALL,WORLD,9,2018,95,,,,TIPO_DATO15__LBIRTHES_FROM2017_N1,,,,,,,,,,,,,
IT1:25_74_DF_DCIS_NATI1_8(1.0),A,ITF1,LBIRTHES_FROM2017,TOTAL,Y22,TOTAL,ALL,99,99,ALL,ALL,WORLD,9,2018,130,,,,TIPO_DATO15__LBIRTHES_FROM2017_N1,,,,,,,,,,,,,
IT1:25_74_DF_DCIS_NATI1_8(1.0),A,ITF1,LBIRTHES_FROM2017,TOTAL,Y23,TOTAL,ALL,99,99,ALL,ALL,WORLD,9,2018,170,,,,TIPO_DATO15__LBIRTHES_FROM2017_N1,,,,,,,,,,,,,
IT1:25_74_DF_DCIS_NATI1_8(1.0),A,ITF1,LBIRTHES_FROM2017,TOTAL,Y24,TOTAL,ALL,99,99,ALL,ALL,WORLD,9,2018,222,,,,TIPO_DATO15__LBIRTHES_FROM2017_N1,,,,,,,,,,,,,
IT1:25_74_DF_DCIS_NATI1_8(1.0),A,ITF1,LBIRTHES_FROM2017,TOTAL,Y25,TOTAL,ALL,99,99,ALL,ALL,WORLD,9,2018,252,,,,TIPO_DATO15__LBIRTHES_FROM2017_N1,,,,,,,,,,,,,
IT1:25_74_DF_DCIS_NATI1_8(1.0),A,ITF2,LBIRTHES_FROM2017,FRG,Y_UN17,TOTAL,ALL,99,99,ALL,ALL,WORLD,9,2018,0,,,,TIPO_DATO15__LBIRTHES_FROM2017_N1,,,,,,,,,,,,,
IT1:25_74_DF_DCIS_NATI1_8(1.0),A,ITF2,LBIRTHES_FROM2017,FRG,Y18,TOTAL,ALL,99,99,ALL,ALL,WORLD,9,2018,1,,,,TIPO_DATO15__LBIRTHES_FROM2017_N1,,,,,,,,,,,,,
IT1:25_74_DF_DCIS_NATI1_8(1.0),A,ITF2,LBIRTHES_FROM2017,FRG,Y19,TOTAL,ALL,99,99,ALL,ALL,WORLD,9,2018,1,,,,TIPO_DATO15__LBIRTHES_FROM2017_N1,,,,,,,,,,,,,
IT1:25_74_DF_DCIS_NATI1_8(1.0),A,ITF2,LBIRTHES_FROM2017,FRG,Y20,TOTAL,ALL,99,99,ALL,ALL,WORLD,9,2018,5,,,,TIPO_DATO15__LBIRTHES_FROM2017_N1,,,,,,,,,,,,,
IT1:25_74_DF_DCIS_NATI1_8(1.0),A,ITF2,LBIRTHES_FROM2017,FRG,Y21,TOTAL,ALL,99,99,ALL,ALL,WORLD,9,2018,3,,,,TIPO_DATO15__LBIRTHES_FROM2017_N1,,,,,,,,,,,,,
IT1:25_74_DF_DCIS_NATI1_8(1.0),A,ITF2,LBIRTHES_FROM2017,FRG,Y22,TOTAL,ALL,99,99,ALL,ALL,WORLD,9,2018,7,,,,TIPO_DATO15__LBIRTHES_FROM2017_N1,,,,,,,,,,,,,
IT1:25_74_DF_DCIS_NATI1_8(1.0),A,ITF2,LBIRTHES_FROM2017,FRG,Y23,TOTAL,ALL,99,99,ALL,ALL,WORLD,9,2018,6,,,,TIPO_DATO15__LBIRTHES_FROM2017_N1,,,,,,,,,,,,,
IT1:25_74_DF_DCIS_NATI1_8(1.0),A,ITF2,LBIRTHES_FROM2017,FRG,Y24,TOTAL,ALL,99,99,ALL,ALL,WORLD,9,2018,12,,,,TIPO_DATO15__LBIRTHES_FROM2017_N1,,,,,,,,,,,,,
IT1:25_74_DF_DCIS_NATI1_8(1.0),A,ITF2,LBIRTHES_FROM2017,FRG,Y25,TOTAL,ALL,99,99,ALL,ALL,WORLD,9,2018,9,,,,TIPO_DATO15__LBIRTHES_FROM2017_N1,,,,,,,,,,,,,
IT1:25_74_DF_DCIS_NATI1_8(1.0),A,ITF2,LBIRTHES_FROM2017,ITL,Y_UN17,TOTAL,ALL,99,99,ALL,ALL,WORLD,9,2018,2,,,,TIPO_DATO15__LBIRTHES_FROM2017_N1,,,,,,,,,,,,,
IT1:25_74_DF_DCIS_NATI1_8(1.0),A,ITF2,LBIRTHES_FROM2017,ITL,Y18,TOTAL,ALL,99,99,ALL,ALL,WORLD,9,2018,4,,,,TIPO_DATO15__LBIRTHES_FROM2017_N1,,,,,,,,,,,,,
IT1:25_74_DF_DCIS_NATI1_8(1.0),A,ITF2,LBIRTHES_FROM2017,ITL,Y19,TOTAL,ALL,99,99,ALL,ALL,WORLD,9,2018,12,,,,TIPO_DATO15__LBIRTHES_FROM2017_N1,,,,,,,,,,,,,
IT1:25_74_DF_DCIS_NATI1_8(1.0),A,ITF2,LBIRTHES_FROM2017,ITL,Y20,TOTAL,ALL,99,99,ALL,ALL,WORLD,9,2018,11,,,,TIPO_DATO15__LBIRTHES_FROM2017_N1,,,,,,,,,,,,,
IT1:25_74_DF_DCIS_NATI1_8(1.0),A,ITF2,LBIRTHES_FROM2017,ITL,Y21,TOTAL,ALL,99,99,ALL,ALL,WORLD,9,2018,16,,,,TIPO_DATO15__LBIRTHES_FROM2017_N1,,,,,,,,,,,,,
IT1:25_74_DF_DCIS_NATI1_8(1.0),A,ITF2,LBIRTHES_FROM2017,ITL,Y22,TOTAL,ALL,99,99,ALL,ALL,WORLD,9,2018,20,,,,TIPO_DATO15__LBIRTHES_FROM2017_N1,,,,,,,,,,,,,
IT1:25_74_DF_DCIS_NATI1_8(1.0),A,ITF2,LBIRTHES_FROM2017,ITL,Y23,TOTAL,ALL,99,99,ALL,ALL,WORLD,9,2018,19,,,,TIPO_DATO15__LBIRTHES_FROM2017_N1,,,,,,,,,,,,,
IT1:25_74_DF_DCIS_NATI1_8(1.0),A,ITF2,LBIRTHES_FROM2017,ITL,Y24,TOTAL,ALL,99,99,ALL,ALL,WORLD,9,2018,24,,,,TIPO_DATO15__LBIRTHES_FROM2017_N1,,,,,,,,,,,,,
IT1:25_74_DF_DCIS_NATI1_8(1.0),A,ITF2,LBIRTHES_FROM2017,ITL,Y25,TOTAL,ALL,99,99,ALL,ALL,WORLD,9,2018,58,,,,TIPO_DATO15__LBIRTHES_FROM2017_N1,,,,,,,,,,,,,
IT1:25_74_DF_DCIS_NATI1_8(1.0),A,ITF2,LBIRTHES_FROM2017,TOTAL,Y_UN17,TOTAL,ALL,99,99,ALL,ALL,WORLD,9,2018,2,,,,TIPO_DATO15__LBIRTHES_FROM2017_N1,,,,,,,,,,,,,
IT1:25_74_DF_DCIS_NATI1_8(1.0),A,ITF2,LBIRTHES_FROM2017,TOTAL,Y18,TOTAL,ALL,99,99,ALL,ALL,WORLD,9,2018,5,,,,TIPO_DATO15__LBIRTHES_FROM2017_N1,,,,,,,,,,,,,
IT1:25_74_DF_DCIS_NATI1_8(1.0),A,ITF2,LBIRTHES_FROM2017,TOTAL,Y19,TOTAL,ALL,99,99,ALL,ALL,WORLD,9,2018,13,,,,TIPO_DATO15__LBIRTHES_FROM2017_N1,,,,,,,,,,,,,
IT1:25_74_DF_DCIS_NATI1_8(1.0),A,ITF2,LBIRTHES_FROM2017,TOTAL,Y20,TOTAL,ALL,99,99,ALL,ALL,WORLD,9,2018,16,,,,TIPO_DATO15__LBIRTHES_FROM2017_N1,,,,,,,,,,,,,
IT1:25_74_DF_DCIS_NATI1_8(1.0),A,ITF2,LBIRTHES_FROM2017,TOTAL,Y21,TOTAL,ALL,99,99,ALL,ALL,WORLD,9,2018,19,,,,TIPO_DATO15__LBIRTHES_FROM2017_N1,,,,,,,,,,,,,
IT1:25_74_DF_DCIS_NATI1_8(1.0),A,ITF2,LBIRTHES_FROM2017,TOTAL,Y22,TOTAL,ALL,99,99,ALL,ALL,WORLD,9,2018,27,,,,TIPO_DATO15__LBIRTHES_FROM2017_N1,,,,,,,,,,,,,
IT1:25_74_DF_DCIS_NATI1_8(1.0),A,ITF2,LBIRTHES_FROM2017,TOTAL,Y23,TOTAL,ALL,99,99,ALL,ALL,WORLD,9,2018,25,,,,TIPO_DATO15__LBIRTHES_FROM2017_N1,,,,,,,,,,,,,
IT1:25_74_DF_DCIS_NATI1_8(1.0),A,ITF2,LBIRTHES_FROM2017,TOTAL,Y24,TOTAL,ALL,99,99,ALL,ALL,WORLD,9,2018,36,,,,TIPO_DATO15__LBIRTHES_FROM2017_N1,,,,,,,,,,,,,
IT1:25_74_DF_DCIS_NATI1_8(1.0),A,ITF2,LBIRTHES_FROM2017,TOTAL,Y25,TOTAL,ALL,99,99,ALL,ALL,WORLD,9,2018,67,,,,TIPO_DATO15__LBIRTHES_FROM2017_N1,,,,,,,,,,,,,
IT1:25_74_DF_DCIS_NATI1_8(1.0),A,ITF3,LBIRTHES_FROM2017,FRG,Y_UN17,TOTAL,ALL,99,99,ALL,ALL,WORLD,9,2018,20,,,,TIPO_DATO15__LBIRTHES_FROM2017_N1,,,,,,,,,,,,,
IT1:25_74_DF_DCIS_NATI1_8(1.0),A,ITF3,LBIRTHES_FROM2017,FRG,Y18,TOTAL,ALL,99,99,ALL,ALL,WORLD,9,2018,21,,,,TIPO_DATO15__LBIRTHES_FROM2017_N1,,,,,,,,,,,,,
IT1:25_74_DF_DCIS_NATI1_8(1.0),A,ITF3,LBIRTHES_FROM2017,FRG,Y19,TOTAL,ALL,99,99,ALL,ALL,WORLD,9,2018,40,,,,TIPO_DATO15__LBIRTHES_FROM2017_N1,,,,,,,,,,,,,
IT1:25_74_DF_DCIS_NATI1_8(1.0),A,ITF3,LBIRTHES_FROM2017,FRG,Y20,TOTAL,ALL,99,99,ALL,ALL,WORLD,9,2018,67,,,,TIPO_DATO15__LBIRTHES_FROM2017_N1,,,,,,,,,,,,,
IT1:25_74_DF_DCIS_NATI1_8(1.0),A,ITF3,LBIRTHES_FROM2017,FRG,Y21,TOTAL,ALL,99,99,ALL,ALL,WORLD,9,2018,90,,,,TIPO_DATO15__LBIRTHES_FROM2017_N1,,,,,,,,,,,,,
IT1:25_74_DF_DCIS_NATI1_8(1.0),A,ITF3,LBIRTHES_FROM2017,FRG,Y22,TOTAL,ALL,99,99,ALL,ALL,WORLD,9,2018,104,,,,TIPO_DATO15__LBIRTHES_FROM2017_N1,,,,,,,,,,,,,
IT1:25_74_DF_DCIS_NATI1_8(1.0),A,ITF3,LBIRTHES_FROM2017,FRG,Y23,TOTAL,ALL,99,99,ALL,ALL,WORLD,9,2018,117,,,,TIPO_DATO15__LBIRTHES_FROM2017_N1,,,,,,,,,,,,,
IT1:25_74_DF_DCIS_NATI1_8(1.0),A,ITF3,LBIRTHES_FROM2017,FRG,Y24,TOTAL,ALL,99,99,ALL,ALL,WORLD,9,2018,166,,,,TIPO_DATO15__LBIRTHES_FROM2017_N1,,,,,,,,,,,,,
IT1:25_74_DF_DCIS_NATI1_8(1.0),A,ITF3,LBIRTHES_FROM2017,FRG,Y25,TOTAL,ALL,99,99,ALL,ALL,WORLD,9,2018,171,,,,TIPO_DATO15__LBIRTHES_FROM2017_N1,,,,,,,,,,,,,
IT1:25_74_DF_DCIS_NATI1_8(1.0),A,ITF3,LBIRTHES_FROM2017,ITL,Y_UN17,TOTAL,ALL,99,99,ALL,ALL,WORLD,9,2018,207,,,,TIPO_DATO15__LBIRTHES_FROM2017_N1,,,,,,,,,,,,,
IT1:25_74_DF_DCIS_NATI1_8(1.0),A,ITF3,LBIRTHES_FROM2017,ITL,Y18,TOTAL,ALL,99,99,ALL,ALL,WORLD,9,2018,258,,,,TIPO_DATO15__LBIRTHES_FROM2017_N1,,,,,,,,,,,,,
IT1:25_74_DF_DCIS_NATI1_8(1.0),A,ITF3,LBIRTHES_FROM2017,ITL,Y19,TOTAL,ALL,99,99,ALL,ALL,WORLD,9,2018,401,,,,TIPO_DATO15__LBIRTHES_FROM2017_N1,,,,,,,,,,,,,
IT1:25_74_DF_DCIS_NATI1_8(1.0),A,ITF3,LBIRTHES_FROM2017,ITL,Y20,TOTAL,ALL,99,99,ALL,ALL,WORLD,9,2018,521,,,,TIPO_DATO15__LBIRTHES_FROM2017_N1,,,,,,,,,,,,,
IT1:25_74_DF_DCIS_NATI1_8(1.0),A,ITF3,LBIRTHES_FROM2017,ITL,Y21,TOTAL,ALL,99,99,ALL,ALL,WORLD,9,2018,620,,,,TIPO_DATO15__LBIRTHES_FROM2017_N1,,,,,,,,,,,,,
IT1:25_74_DF_DCIS_NATI1_8(1.0),A,ITF3,LBIRTHES_FROM2017,ITL,Y22,TOTAL,ALL,99,99,ALL,ALL,WORLD,9,2018,812,,,,TIPO_DATO15__LBIRTHES_FROM2017_N1,,,,,,,,,,,,,
IT1:25_74_DF_DCIS_NATI1_8(1.0),A,ITF3,LBIRTHES_FROM2017,ITL,Y23,TOTAL,ALL,99,99,ALL,ALL,WORLD,9,2018,936,,,,TIPO_DATO15__LBIRTHES_FROM2017_N1,,,,,,,,,,,,,
IT1:25_74_DF_DCIS_NATI1_8(1.0),A,ITF3,LBIRTHES_FROM2017,ITL,Y24,TOTAL,ALL,99,99,ALL,ALL,WORLD,9,2018,1207,,,,TIPO_DATO15__LBIRTHES_FROM2017_N1,,,,,,,,,,,,,
IT1:25_74_DF_DCIS_NATI1_8(1.0),A,ITF3,LBIRTHES_FROM2017,ITL,Y25,TOTAL,ALL,99,99,ALL,ALL,WORLD,9,2018,1459,,,,TIPO_DATO15__LBIRTHES_FROM2017_N1,,,,,,,,,,,,,
IT1:25_74_DF_DCIS_NATI1_8(1.0),A,ITF3,LBIRTHES_FROM2017,TOTAL,Y_UN17,TOTAL,ALL,99,99,ALL,ALL,WORLD,9,2018,227,,,,TIPO_DATO15__LBIRTHES_FROM2017_N1,,,,,,,,,,,,,
IT1:25_74_DF_DCIS_NATI1_8(1.0),A,ITF3,LBIRTHES_FROM2017,TOTAL,Y18,TOTAL,ALL,99,99,ALL,ALL,WORLD,9,2018,279,,,,TIPO_DATO15__LBIRTHES_FROM2017_N1,,,,,,,,,,,,,
IT1:25_74_DF_DCIS_NATI1_8(1.0),A,ITF3,LBIRTHES_FROM2017,TOTAL,Y19,TOTAL,ALL,99,99,ALL,ALL,WORLD,9,2018,441,,,,TIPO_DATO15__LBIRTHES_FROM2017_N1,,,,,,,,,,,,,
IT1:25_74_DF_DCIS_NATI1_8(1.0),A,ITF3,LBIRTHES_FROM2017,TOTAL,Y20,TOTAL,ALL,99,99,ALL,ALL,WORLD,9,2018,588,,,,TIPO_DATO15__LBIRTHES_FROM2017_N1,,,,,,,,,,,,,
IT1:25_74_DF_DCIS_NATI1_8(1.0),A,ITF3,LBIRTHES_FROM2017,TOTAL,Y21,TOTAL,ALL,99,99,ALL,ALL,WORLD,9,2018,710,,,,TIPO_DATO15__LBIRTHES_FROM2017_N1,,,,,,,,,,,,,
IT1:25_74_DF_DCIS_NATI1_8(1.0),A,ITF3,LBIRTHES_FROM2017,TOTAL,Y22,TOTAL,ALL,99,99,ALL,ALL,WORLD,9,2018,916,,,,TIPO_DATO15__LBIRTHES_FROM2017_N1,,,,,,,,,,,,,
IT1:25_74_DF_DCIS_NATI1_8(1.0),A,ITF3,LBIRTHES_FROM2017,TOTAL,Y23,TOTAL,ALL,99,99,ALL,ALL,WORLD,9,2018,1053,,,,TIPO_DATO15__LBIRTHES_FROM2017_N1,,,,,,,,,,,,,
IT1:25_74_DF_DCIS_NATI1_8(1.0),A,ITF3,LBIRTHES_FROM2017,TOTAL,Y24,TOTAL,ALL,99,99,ALL,ALL,WORLD,9,2018,1373,,,,TIPO_DATO15__LBIRTHES_FROM2017_N1,,,,,,,,,,,,,
IT1:25_74_DF_DCIS_NATI1_8(1.0),A,ITF3,LBIRTHES_FROM2017,TOTAL,Y25,TOTAL,ALL,99,99,ALL,ALL,WORLD,9,2018,1630,,,,TIPO_DATO15__LBIRTHES_FROM2017_N1,,,,,,,,,,,,,
IT1:25_74_DF_DCIS_NATI1_8(1.0),A,ITF4,LBIRTHES_FROM2017,FRG,Y_UN17,TOTAL,ALL,99,99,ALL,ALL,WORLD,9,2018,8,,,,TIPO_DATO15__LBIRTHES_FROM2017_N1,,,,,,,,,,,,,
IT1:25_74_DF_DCIS_NATI1_8(1.0),A,ITF4,LBIRTHES_FROM2017,FRG,Y18,TOTAL,ALL,99,99,ALL,ALL,WORLD,9,2018,32,,,,TIPO_DATO15__LBIRTHES_FROM2017_N1,,,,,,,,,,,,,
IT1:25_74_DF_DCIS_NATI1_8(1.0),A,ITF4,LBIRTHES_FROM2017,FRG,Y19,TOTAL,ALL,99,99,ALL,ALL,WORLD,9,2018,46,,,,TIPO_DATO15__LBIRTHES_FROM2017_N1,,,,,,,,,,,,,
IT1:25_74_DF_DCIS_NATI1_8(1.0),A,ITF4,LBIRTHES_FROM2017,FRG,Y20,TOTAL,ALL,99,99,ALL,ALL,WORLD,9,2018,53,,,,TIPO_DATO15__LBIRTHES_FROM2017_N1,,,,,,,,,,,,,
IT1:25_74_DF_DCIS_NATI1_8(1.0),A,ITF4,LBIRTHES_FROM2017,FRG,Y21,TOTAL,ALL,99,99,ALL,ALL,WORLD,9,2018,59,,,,TIPO_DATO15__LBIRTHES_FROM2017_N1,,,,,,,,,,,,,
IT1:25_74_DF_DCIS_NATI1_8(1.0),A,ITF4,LBIRTHES_FROM2017,FRG,Y22,TOTAL,ALL,99,99,ALL,ALL,WORLD,9,2018,92,,,,TIPO_DATO15__LBIRTHES_FROM2017_N1,,,,,,,,,,,,,
IT1:25_74_DF_DCIS_NATI1_8(1.0),A,ITF4,LBIRTHES_FROM2017,FRG,Y23,TOTAL,ALL,99,99,ALL,ALL,WORLD,9,2018,77,,,,TIPO_DATO15__LBIRTHES_FROM2017_N1,,,,,,,,,,,,,
IT1:25_74_DF_DCIS_NATI1_8(1.0),A,ITF4,LBIRTHES_FROM2017,FRG,Y24,TOTAL,ALL,99,99,ALL,ALL,WORLD,9,2018,111,,,,TIPO_DATO15__LBIRTHES_FROM2017_N1,,,,,,,,,,,,,
IT1:25_74_DF_DCIS_NATI1_8(1.0),A,ITF4,LBIRTHES_FROM2017,FRG,Y25,TOTAL,ALL,99,99,ALL,ALL,WORLD,9,2018,119,,,,TIPO_DATO15__LBIRTHES_FROM2017_N1,,,,,,,,,,,,,
IT1:25_74_DF_DCIS_NATI1_8(1.0),A,ITF4,LBIRTHES_FROM2017,ITL,Y_UN17,TOTAL,ALL,99,99,ALL,ALL,WORLD,9,2018,127,,,,TIPO_DATO15__LBIRTHES_FROM2017_N1,,,,,,,,,,,,,
IT1:25_74_DF_DCIS_NATI1_8(1.0),A,ITF4,LBIRTHES_FROM2017,ITL,Y18,TOTAL,ALL,99,99,ALL,ALL,WORLD,9,2018,107,,,,TIPO_DATO15__LBIRTHES_FROM2017_N1,,,,,,,,,,,,,
IT1:25_74_DF_DCIS_NATI1_8(1.0),A,ITF4,LBIRTHES_FROM2017,ITL,Y19,TOTAL,ALL,99,99,ALL,ALL,WORLD,9,2018,231,,,,TIPO_DATO15__LBIRTHES_FROM2017_N1,,,,,,,,,,,,,
IT1:25_74_DF_DCIS_NATI1_8(1.0),A,ITF4,LBIRTHES_FROM2017,ITL,Y20,TOTAL,ALL,99,99,ALL,ALL,WORLD,9,2018,305,,,,TIPO_DATO15__LBIRTHES_FROM2017_N1,,,,,,,,,,,,,
IT1:25_74_DF_DCIS_NATI1_8(1.0),A,ITF4,LBIRTHES_FROM2017,ITL,Y21,TOTAL,ALL,99,99,ALL,ALL,WORLD,9,2018,359,,,,TIPO_DATO15__LBIRTHES_FROM2017_N1,,,,,,,,,,,,,
IT1:25_74_DF_DCIS_NATI1_8(1.0),A,ITF4,LBIRTHES_FROM2017,ITL,Y22,TOTAL,ALL,99,99,ALL,ALL,WORLD,9,2018,404,,,,TIPO_DATO15__LBIRTHES_FROM2017_N1,,,,,,,,,,,,,
IT1:25_74_DF_DCIS_NATI1_8(1.0),A,ITF4,LBIRTHES_FROM2017,ITL,Y23,TOTAL,ALL,99,99,ALL,ALL,WORLD,9,2018,470,,,,TIPO_DATO15__LBIRTHES_FROM2017_N1,,,,,,,,,,,,,
IT1:25_74_DF_DCIS_NATI1_8(1.0),A,ITF4,LBIRTHES_FROM2017,ITL,Y24,TOTAL,ALL,99,99,ALL,ALL,WORLD,9,2018,602,,,,TIPO_DATO15__LBIRTHES_FROM2017_N1,,,,,,,,,,,,,
IT1:25_74_DF_DCIS_NATI1_8(1.0),A,ITF4,LBIRTHES_FROM2017,ITL,Y25,TOTAL,ALL,99,99,ALL,ALL,WORLD,9,2018,763,,,,TIPO_DATO15__LBIRTHES_FROM2017_N1,,,,,,,,,,,,,
IT1:25_74_DF_DCIS_NATI1_8(1.0),A,ITF4,LBIRTHES_FROM2017,TOTAL,Y_UN17,TOTAL,ALL,99,99,ALL,ALL,WORLD,9,2018,135,,,,TIPO_DATO15__LBIRTHES_FROM2017_N1,,,,,,,,,,,,,
IT1:25_74_DF_DCIS_NATI1_8(1.0),A,ITF4,LBIRTHES_FROM2017,TOTAL,Y18,TOTAL,ALL,99,99,ALL,ALL,WORLD,9,2018,139,,,,TIPO_DATO15__LBIRTHES_FROM2017_N1,,,,,,,,,,,,,
IT1:25_74_DF_DCIS_NATI1_8(1.0),A,ITF4,LBIRTHES_FROM2017,TOTAL,Y19,TOTAL,ALL,99,99,ALL,ALL,WORLD,9,2018,277,,,,TIPO_DATO15__LBIRTHES_FROM2017_N1,,,,,,,,,,,,,
IT1:25_74_DF_DCIS_NATI1_8(1.0),A,ITF4,LBIRTHES_FROM2017,TOTAL,Y20,TOTAL,ALL,99,99,ALL,ALL,WORLD,9,2018,358,,,,TIPO_DATO15__LBIRTHES_FROM2017_N1,,,,,,,,,,,,,
IT1:25_74_DF_DCIS_NATI1_8(1.0),A,ITF4,LBIRTHES_FROM2017,TOTAL,Y21,TOTAL,ALL,99,99,ALL,ALL,WORLD,9,2018,418,,,,TIPO_DATO15__LBIRTHES_FROM2017_N1,,,,,,,,,,,,,
IT1:25_74_DF_DCIS_NATI1_8(1.0),A,ITF4,LBIRTHES_FROM2017,TOTAL,Y22,TOTAL,ALL,99,99,ALL,ALL,WORLD,9,2018,496,,,,TIPO_DATO15__LBIRTHES_FROM2017_N1,,,,,,,,,,,,,
IT1:25_74_DF_DCIS_NATI1_8(1.0),A,ITF4,LBIRTHES_FROM2017,TOTAL,Y23,TOTAL,ALL,99,99,ALL,ALL,WORLD,9,2018,547,,,,TIPO_DATO15__LBIRTHES_FROM2017_N1,,,,,,,,,,,,,
IT1:25_74_DF_DCIS_NATI1_8(1.0),A,ITF4,LBIRTHES_FROM2017,TOTAL,Y24,TOTAL,ALL,99,99,ALL,ALL,WORLD,9,2018,713,,,,TIPO_DATO15__LBIRTHES_FROM2017_N1,,,,,,,,,,,,,
IT1:25_74_DF_DCIS_NATI1_8(1.0),A,ITF4,LBIRTHES_FROM2017,TOTAL,Y25,TOTAL,ALL,99,99,ALL,ALL,WORLD,9,2018,882,,,,TIPO_DATO15__LBIRTHES_FROM2017_N1,,,,,,,,,,,,,
IT1:25_74_DF_DCIS_NATI1_8(1.0),A,ITF5,LBIRTHES_FROM2017,FRG,Y_UN17,TOTAL,ALL,99,99,ALL,ALL,WORLD,9,2018,3,,,,TIPO_DATO15__LBIRTHES_FROM2017_N1,,,,,,,,,,,,,
IT1:25_74_DF_DCIS_NATI1_8(1.0),A,ITF5,LBIRTHES_FROM2017,FRG,Y18,TOTAL,ALL,99,99,ALL,ALL,WORLD,9,2018,5,,,,TIPO_DATO15__LBIRTHES_FROM2017_N1,,,,,,,,,,,,,
IT1:25_74_DF_DCIS_NATI1_8(1.0),A,ITF5,LBIRTHES_FROM2017,FRG,Y19,TOTAL,ALL,99,99,ALL,ALL,WORLD,9,2018,11,,,,TIPO_DATO15__LBIRTHES_FROM2017_N1,,,,,,,,,,,,,
IT1:25_74_DF_DCIS_NATI1_8(1.0),A,ITF5,LBIRTHES_FROM2017,FRG,Y20,TOTAL,ALL,99,99,ALL,ALL,WORLD,9,2018,8,,,,TIPO_DATO15__LBIRTHES_FROM2017_N1,,,,,,,,,,,,,
IT1:25_74_DF_DCIS_NATI1_8(1.0),A,ITF5,LBIRTHES_FROM2017,FRG,Y21,TOTAL,ALL,99,99,ALL,ALL,WORLD,9,2018,14,,,,TIPO_DATO15__LBIRTHES_FROM2017_N1,,,,,,,,,,,,,
IT1:25_74_DF_DCIS_NATI1_8(1.0),A,ITF5,LBIRTHES_FROM2017,FRG,Y22,TOTAL,ALL,99,99,ALL,ALL,WORLD,9,2018,9,,,,TIPO_DATO15__LBIRTHES_FROM2017_N1,,,,,,,,,,,,,
IT1:25_74_DF_DCIS_NATI1_8(1.0),A,ITF5,LBIRTHES_FROM2017,FRG,Y23,TOTAL,ALL,99,99,ALL,ALL,WORLD,9,2018,12,,,,TIPO_DATO15__LBIRTHES_FROM2017_N1,,,,,,,,,,,,,
IT1:25_74_DF_DCIS_NATI1_8(1.0),A,ITF5,LBIRTHES_FROM2017,FRG,Y24,TOTAL,ALL,99,99,ALL,ALL,WORLD,9,2018,20,,,,TIPO_DATO15__LBIRTHES_FROM2017_N1,,,,,,,,,,,,,
IT1:25_74_DF_DCIS_NATI1_8(1.0),A,ITF5,LBIRTHES_FROM2017,FRG,Y25,TOTAL,ALL,99,99,ALL,ALL,WORLD,9,2018,20,,,,TIPO_DATO15__LBIRTHES_FROM2017_N1,,,,,,,,,,,,,
IT1:25_74_DF_DCIS_NATI1_8(1.0),A,ITF5,LBIRTHES_FROM2017,ITL,Y_UN17,TOTAL,ALL,99,99,ALL,ALL,WORLD,9,2018,6,,,,TIPO_DATO15__LBIRTHES_FROM2017_N1,,,,,,,,,,,,,
IT1:25_74_DF_DCIS_NATI1_8(1.0),A,ITF5,LBIRTHES_FROM2017,ITL,Y18,TOTAL,ALL,99,99,ALL,ALL,WORLD,9,2018,11,,,,TIPO_DATO15__LBIRTHES_FROM2017_N1,,,,,,,,,,,,,
IT1:25_74_DF_DCIS_NATI1_8(1.0),A,ITF5,LBIRTHES_FROM2017,ITL,Y19,TOTAL,ALL,99,99,ALL,ALL,WORLD,9,2018,14,,,,TIPO_DATO15__LBIRTHES_FROM2017_N1,,,,,,,,,,,,,
IT1:25_74_DF_DCIS_NATI1_8(1.0),A,ITF5,LBIRTHES_FROM2017,ITL,Y20,TOTAL,ALL,99,99,ALL,ALL,WORLD,9,2018,19,,,,TIPO_DATO15__LBIRTHES_FROM2017_N1,,,,,,,,,,,,,
IT1:25_74_DF_DCIS_NATI1_8(1.0),A,ITF5,LBIRTHES_FROM2017,ITL,Y21,TOTAL,ALL,99,99,ALL,ALL,WORLD,9,2018,34,,,,TIPO_DATO15__LBIRTHES_FROM2017_N1,,,,,,,,,,,,,
IT1:25_74_DF_DCIS_NATI1_8(1.0),A,ITF5,LBIRTHES_FROM2017,ITL,Y22,TOTAL,ALL,99,99,ALL,ALL,WORLD,9,2018,25,,,,TIPO_DATO15__LBIRTHES_FROM2017_N1,,,,,,,,,,,,,
IT1:25_74_DF_DCIS_NATI1_8(1.0),A,ITF5,LBIRTHES_FROM2017,ITL,Y23,TOTAL,ALL,99,99,ALL,ALL,WORLD,9,2018,37,,,,TIPO_DATO15__LBIRTHES_FROM2017_N1,,,,,,,,,,,,,
IT1:25_74_DF_DCIS_NATI1_8(1.0),A,ITF5,LBIRTHES_FROM2017,ITL,Y24,TOTAL,ALL,99,99,ALL,ALL,WORLD,9,2018,68,,,,TIPO_DATO15__LBIRTHES_FROM2017_N1,,,,,,,,,,,,,
IT1:25_74_DF_DCIS_NATI1_8(1.0),A,ITF5,LBIRTHES_FROM2017,ITL,Y25,TOTAL,ALL,99,99,ALL,ALL,WORLD,9,2018,71,,,,TIPO_DATO15__LBIRTHES_FROM2017_N1,,,,,,,,,,,,,
IT1:25_74_DF_DCIS_NATI1_8(1.0),A,ITF5,LBIRTHES_FROM2017,TOTAL,Y_UN17,TOTAL,ALL,99,99,ALL,ALL,WORLD,9,2018,9,,,,TIPO_DATO15__LBIRTHES_FROM2017_N1,,,,,,,,,,,,,
IT1:25_74_DF_DCIS_NATI1_8(1.0),A,ITF5,LBIRTHES_FROM2017,TOTAL,Y18,TOTAL,ALL,99,99,ALL,ALL,WORLD,9,2018,16,,,,TIPO_DATO15__LBIRTHES_FROM2017_N1,,,,,,,,,,,,,
IT1:25_74_DF_DCIS_NATI1_8(1.0),A,ITF5,LBIRTHES_FROM2017,TOTAL,Y19,TOTAL,ALL,99,99,ALL,ALL,WORLD,9,2018,25,,,,TIPO_DATO15__LBIRTHES_FROM2017_N1,,,,,,,,,,,,,
IT1:25_74_DF_DCIS_NATI1_8(1.0),A,ITF5,LBIRTHES_FROM2017,TOTAL,Y20,TOTAL,ALL,99,99,ALL,ALL,WORLD,9,2018,27,,,,TIPO_DATO15__LBIRTHES_FROM2017_N1,,,,,,,,,,,,,
IT1:25_74_DF_DCIS_NATI1_8(1.0),A,ITF5,LBIRTHES_FROM2017,TOTAL,Y21,TOTAL,ALL,99,99,ALL,ALL,WORLD,9,2018,48,,,,TIPO_DATO15__LBIRTHES_FROM2017_N1,,,,,,,,,,,,,
IT1:25_74_DF_DCIS_NATI1_8(1.0),A,ITF5,LBIRTHES_FROM2017,TOTAL,Y22,TOTAL,ALL,99,99,ALL,ALL,WORLD,9,2018,34,,,,TIPO_DATO15__LBIRTHES_FROM2017_N1,,,,,,,,,,,,,
IT1:25_74_DF_DCIS_NATI1_8(1.0),A,ITF5,LBIRTHES_FROM2017,TOTAL,Y23,TOTAL,ALL,99,99,ALL,ALL,WORLD,9,2018,49,,,,TIPO_DATO15__LBIRTHES_FROM2017_N1,,,,,,,,,,,,,
IT1:25_74_DF_DCIS_NATI1_8(1.0),A,ITF5,LBIRTHES_FROM2017,TOTAL,Y24,TOTAL,ALL,99,99,ALL,ALL,WORLD,9,2018,88,,,,TIPO_DATO15__LBIRTHES_FROM2017_N1,,,,,,,,,,,,,
IT1:25_74_DF_DCIS_NATI1_8(1.0),A,ITF5,LBIRTHES_FROM2017,TOTAL,Y25,TOTAL,ALL,99,99,ALL,ALL,WORLD,9,2018,91,,,,TIPO_DATO15__LBIRTHES_FROM2017_N1,,,,,,,,,,,,,
IT1:25_74_DF_DCIS_NATI1_8(1.0),A,ITF6,LBIRTHES_FROM2017,FRG,Y_UN17,TOTAL,ALL,99,99,ALL,ALL,WORLD,9,2018,9,,,,TIPO_DATO15__LBIRTHES_FROM2017_N1,,,,,,,,,,,,,
IT1:25_74_DF_DCIS_NATI1_8(1.0),A,ITF6,LBIRTHES_FROM2017,FRG,Y18,TOTAL,ALL,99,99,ALL,ALL,WORLD,9,2018,22,,,,TIPO_DATO15__LBIRTHES_FROM2017_N1,,,,,,,,,,,,,
IT1:25_74_DF_DCIS_NATI1_8(1.0),A,ITF6,LBIRTHES_FROM2017,FRG,Y19,TOTAL,ALL,99,99,ALL,ALL,WORLD,9,2018,34,,,,TIPO_DATO15__LBIRTHES_FROM2017_N1,,,,,,,,,,,,,
IT1:25_74_DF_DCIS_NATI1_8(1.0),A,ITF6,LBIRTHES_FROM2017,FRG,Y20,TOTAL,ALL,99,99,ALL,ALL,WORLD,9,2018,34,,,,TIPO_DATO15__LBIRTHES_FROM2017_N1,,,,,,,,,,,,,
IT1:25_74_DF_DCIS_NATI1_8(1.0),A,ITF6,LBIRTHES_FROM2017,FRG,Y21,TOTAL,ALL,99,99,ALL,ALL,WORLD,9,2018,46,,,,TIPO_DATO15__LBIRTHES_FROM2017_N1,,,,,,,,,,,,,
IT1:25_74_DF_DCIS_NATI1_8(1.0),A,ITF6,LBIRTHES_FROM2017,FRG,Y22,TOTAL,ALL,99,99,ALL,ALL,WORLD,9,2018,34,,,,TIPO_DATO15__LBIRTHES_FROM2017_N1,,,,,,,,,,,,,
IT1:25_74_DF_DCIS_NATI1_8(1.0),A,ITF6,LBIRTHES_FROM2017,FRG,Y23,TOTAL,ALL,99,99,ALL,ALL,WORLD,9,2018,68,,,,TIPO_DATO15__LBIRTHES_FROM2017_N1,,,,,,,,,,,,,
IT1:25_74_DF_DCIS_NATI1_8(1.0),A,ITF6,LBIRTHES_FROM2017,FRG,Y24,TOTAL,ALL,99,99,ALL,ALL,WORLD,9,2018,63,,,,TIPO_DATO15__LBIRTHES_FROM2017_N1,,,,,,,,,,,,,
IT1:25_74_DF_DCIS_NATI1_8(1.0),A,ITF6,LBIRTHES_FROM2017,FRG,Y25,TOTAL,ALL,99,99,ALL,ALL,WORLD,9,2018,92,,,,TIPO_DATO15__LBIRTHES_FROM2017_N1,,,,,,,,,,,,,
IT1:25_74_DF_DCIS_NATI1_8(1.0),A,ITF6,LBIRTHES_FROM2017,ITL,Y_UN17,TOTAL,ALL,99,99,ALL,ALL,WORLD,9,2018,39,,,,TIPO_DATO15__LBIRTHES_FROM2017_N1,,,,,,,,,,,,,
IT1:25_74_DF_DCIS_NATI1_8(1.0),A,ITF6,LBIRTHES_FROM2017,ITL,Y18,TOTAL,ALL,99,99,ALL,ALL,WORLD,9,2018,46,,,,TIPO_DATO15__LBIRTHES_FROM2017_N1,,,,,,,,,,,,,
IT1:25_74_DF_DCIS_NATI1_8(1.0),A,ITF6,LBIRTHES_FROM2017,ITL,Y19,TOTAL,ALL,99,99,ALL,ALL,WORLD,9,2018,72,,,,TIPO_DATO15__LBIRTHES_FROM2017_N1,,,,,,,,,,,,,
IT1:25_74_DF_DCIS_NATI1_8(1.0),A,ITF6,LBIRTHES_FROM2017,ITL,Y20,TOTAL,ALL,99,99,ALL,ALL,WORLD,9,2018,97,,,,TIPO_DATO15__LBIRTHES_FROM2017_N1,,,,,,,,,,,,,
IT1:25_74_DF_DCIS_NATI1_8(1.0),A,ITF6,LBIRTHES_FROM2017,ITL,Y21,TOTAL,ALL,99,99,ALL,ALL,WORLD,9,2018,164,,,,TIPO_DATO15__LBIRTHES_FROM2017_N1,,,,,,,,,,,,,
IT1:25_74_DF_DCIS_NATI1_8(1.0),A,ITF6,LBIRTHES_FROM2017,ITL,Y22,TOTAL,ALL,99,99,ALL,ALL,WORLD,9,2018,198,,,,TIPO_DATO15__LBIRTHES_FROM2017_N1,,,,,,,,,,,,,
IT1:25_74_DF_DCIS_NATI1_8(1.0),A,ITF6,LBIRTHES_FROM2017,ITL,Y23,TOTAL,ALL,99,99,ALL,ALL,WORLD,9,2018,253,,,,TIPO_DATO15__LBIRTHES_FROM2017_N1,,,,,,,,,,,,,
IT1:25_74_DF_DCIS_NATI1_8(1.0),A,ITF6,LBIRTHES_FROM2017,ITL,Y24,TOTAL,ALL,99,99,ALL,ALL,WORLD,9,2018,323,,,,TIPO_DATO15__LBIRTHES_FROM2017_N1,,,,,,,,,,,,,
IT1:25_74_DF_DCIS_NATI1_8(1.0),A,ITF6,LBIRTHES_FROM2017,ITL,Y25,TOTAL,ALL,99,99,ALL,ALL,WORLD,9,2018,466,,,,TIPO_DATO15__LBIRTHES_FROM2017_N1,,,,,,,,,,,,,
IT1:25_74_DF_DCIS_NATI1_8(1.0),A,ITF6,LBIRTHES_FROM2017,TOTAL,Y_UN17,TOTAL,ALL,99,99,ALL,ALL,WORLD,9,2018,48,,,,TIPO_DATO15__LBIRTHES_FROM2017_N1,,,,,,,,,,,,,
IT1:25_74_DF_DCIS_NATI1_8(1.0),A,ITF6,LBIRTHES_FROM2017,TOTAL,Y18,TOTAL,ALL,99,99,ALL,ALL,WORLD,9,2018,68,,,,TIPO_DATO15__LBIRTHES_FROM2017_N1,,,,,,,,,,,,,
IT1:25_74_DF_DCIS_NATI1_8(1.0),A,ITF6,LBIRTHES_FROM2017,TOTAL,Y19,TOTAL,ALL,99,99,ALL,ALL,WORLD,9,2018,106,,,,TIPO_DATO15__LBIRTHES_FROM2017_N1,,,,,,,,,,,,,
IT1:25_74_DF_DCIS_NATI1_8(1.0),A,ITF6,LBIRTHES_FROM2017,TOTAL,Y20,TOTAL,ALL,99,99,ALL,ALL,WORLD,9,2018,131,,,,TIPO_DATO15__LBIRTHES_FROM2017_N1,,,,,,,,,,,,,
IT1:25_74_DF_DCIS_NATI1_8(1.0),A,ITF6,LBIRTHES_FROM2017,TOTAL,Y21,TOTAL,ALL,99,99,ALL,ALL,WORLD,9,2018,210,,,,TIPO_DATO15__LBIRTHES_FROM2017_N1,,,,,,,,,,,,,
IT1:25_74_DF_DCIS_NATI1_8(1.0),A,ITF6,LBIRTHES_FROM2017,TOTAL,Y22,TOTAL,ALL,99,99,ALL,ALL,WORLD,9,2018,232,,,,TIPO_DATO15__LBIRTHES_FROM2017_N1,,,,,,,,,,,,,
IT1:25_74_DF_DCIS_NATI1_8(1.0),A,ITF6,LBIRTHES_FROM2017,TOTAL,Y23,TOTAL,ALL,99,99,ALL,ALL,WORLD,9,2018,321,,,,TIPO_DATO15__LBIRTHES_FROM2017_N1,,,,,,,,,,,,,
IT1:25_74_DF_DCIS_NATI1_8(1.0),A,ITF6,LBIRTHES_FROM2017,TOTAL,Y24,TOTAL,ALL,99,99,ALL,ALL,WORLD,9,2018,386,,,,TIPO_DATO15__LBIRTHES_FROM2017_N1,,,,,,,,,,,,,
IT1:25_74_DF_DCIS_NATI1_8(1.0),A,ITF6,LBIRTHES_FROM2017,TOTAL,Y25,TOTAL,ALL,99,99,ALL,ALL,WORLD,9,2018,558,,,,TIPO_DATO15__LBIRTHES_FROM2017_N1,,,,,,,,,,,,,
IT1:25_74_DF_DCIS_NATI1_8(1.0),A,ITG1,LBIRTHES_FROM2017,FRG,Y_UN17,TOTAL,ALL,99,99,ALL,ALL,WORLD,9,2018,26,,,,TIPO_DATO15__LBIRTHES_FROM2017_N1,,,,,,,,,,,,,
IT1:25_74_DF_DCIS_NATI1_8(1.0),A,ITG1,LBIRTHES_FROM2017,FRG,Y18,TOTAL,ALL,99,99,ALL,ALL,WORLD,9,2018,27,,,,TIPO_DATO15__LBIRTHES_FROM2017_N1,,,,,,,,,,,,,
IT1:25_74_DF_DCIS_NATI1_8(1.0),A,ITG1,LBIRTHES_FROM2017,FRG,Y19,TOTAL,ALL,99,99,ALL,ALL,WORLD,9,2018,53,,,,TIPO_DATO15__LBIRTHES_FROM2017_N1,,,,,,,,,,,,,
IT1:25_74_DF_DCIS_NATI1_8(1.0),A,ITG1,LBIRTHES_FROM2017,FRG,Y20,TOTAL,ALL,99,99,ALL,ALL,WORLD,9,2018,75,,,,TIPO_DATO15__LBIRTHES_FROM2017_N1,,,,,,,,,,,,,
IT1:25_74_DF_DCIS_NATI1_8(1.0),A,ITG1,LBIRTHES_FROM2017,FRG,Y21,TOTAL,ALL,99,99,ALL,ALL,WORLD,9,2018,79,,,,TIPO_DATO15__LBIRTHES_FROM2017_N1,,,,,,,,,,,,,
IT1:25_74_DF_DCIS_NATI1_8(1.0),A,ITG1,LBIRTHES_FROM2017,FRG,Y22,TOTAL,ALL,99,99,ALL,ALL,WORLD,9,2018,126,,,,TIPO_DATO15__LBIRTHES_FROM2017_N1,,,,,,,,,,,,,
IT1:25_74_DF_DCIS_NATI1_8(1.0),A,ITG1,LBIRTHES_FROM2017,FRG,Y23,TOTAL,ALL,99,99,ALL,ALL,WORLD,9,2018,117,,,,TIPO_DATO15__LBIRTHES_FROM2017_N1,,,,,,,,,,,,,
IT1:25_74_DF_DCIS_NATI1_8(1.0),A,ITG1,LBIRTHES_FROM2017,FRG,Y24,TOTAL,ALL,99,99,ALL,ALL,WORLD,9,2018,153,,,,TIPO_DATO15__LBIRTHES_FROM2017_N1,,,,,,,,,,,,,
IT1:25_74_DF_DCIS_NATI1_8(1.0),A,ITG1,LBIRTHES_FROM2017,FRG,Y25,TOTAL,ALL,99,99,ALL,ALL,WORLD,9,2018,167,,,,TIPO_DATO15__LBIRTHES_FROM2017_N1,,,,,,,,,,,,,
IT1:25_74_DF_DCIS_NATI1_8(1.0),A,ITG1,LBIRTHES_FROM2017,ITL,Y_UN17,TOTAL,ALL,99,99,ALL,ALL,WORLD,9,2018,288,,,,TIPO_DATO15__LBIRTHES_FROM2017_N1,,,,,,,,,,,,,
IT1:25_74_DF_DCIS_NATI1_8(1.0),A,ITG1,LBIRTHES_FROM2017,ITL,Y18,TOTAL,ALL,99,99,ALL,ALL,WORLD,9,2018,258,,,,TIPO_DATO15__LBIRTHES_FROM2017_N1,,,,,,,,,,,,,
IT1:25_74_DF_DCIS_NATI1_8(1.0),A,ITG1,LBIRTHES_FROM2017,ITL,Y19,TOTAL,ALL,99,99,ALL,ALL,WORLD,9,2018,448,,,,TIPO_DATO15__LBIRTHES_FROM2017_N1,,,,,,,,,,,,,
IT1:25_74_DF_DCIS_NATI1_8(1.0),A,ITG1,LBIRTHES_FROM2017,ITL,Y20,TOTAL,ALL,99,99,ALL,ALL,WORLD,9,2018,551,,,,TIPO_DATO15__LBIRTHES_FROM2017_N1,,,,,,,,,,,,,
IT1:25_74_DF_DCIS_NATI1_8(1.0),A,ITG1,LBIRTHES_FROM2017,ITL,Y21,TOTAL,ALL,99,99,ALL,ALL,WORLD,9,2018,615,,,,TIPO_DATO15__LBIRTHES_FROM2017_N1,,,,,,,,,,,,,
IT1:25_74_DF_DCIS_NATI1_8(1.0),A,ITG1,LBIRTHES_FROM2017,ITL,Y22,TOTAL,ALL,99,99,ALL,ALL,WORLD,9,2018,805,,,,TIPO_DATO15__LBIRTHES_FROM2017_N1,,,,,,,,,,,,,
IT1:25_74_DF_DCIS_NATI1_8(1.0),A,ITG1,LBIRTHES_FROM2017,ITL,Y23,TOTAL,ALL,99,99,ALL,ALL,WORLD,9,2018,876,,,,TIPO_DATO15__LBIRTHES_FROM2017_N1,,,,,,,,,,,,,
IT1:25_74_DF_DCIS_NATI1_8(1.0),A,ITG1,LBIRTHES_FROM2017,ITL,Y24,TOTAL,ALL,99,99,ALL,ALL,WORLD,9,2018,1103,,,,TIPO_DATO15__LBIRTHES_FROM2017_N1,,,,,,,,,,,,,
IT1:25_74_DF_DCIS_NATI1_8(1.0),A,ITG1,LBIRTHES_FROM2017,ITL,Y25,TOTAL,ALL,99,99,ALL,ALL,WORLD,9,2018,1335,,,,TIPO_DATO15__LBIRTHES_FROM2017_N1,,,,,,,,,,,,,
IT1:25_74_DF_DCIS_NATI1_8(1.0),A,ITG1,LBIRTHES_FROM2017,TOTAL,Y_UN17,TOTAL,ALL,99,99,ALL,ALL,WORLD,9,2018,314,,,,TIPO_DATO15__LBIRTHES_FROM2017_N1,,,,,,,,,,,,,
IT1:25_74_DF_DCIS_NATI1_8(1.0),A,ITG1,LBIRTHES_FROM2017,TOTAL,Y18,TOTAL,ALL,99,99,ALL,ALL,WORLD,9,2018,285,,,,TIPO_DATO15__LBIRTHES_FROM2017_N1,,,,,,,,,,,,,
IT1:25_74_DF_DCIS_NATI1_8(1.0),A,ITG1,LBIRTHES_FROM2017,TOTAL,Y19,TOTAL,ALL,99,99,ALL,ALL,WORLD,9,2018,501,,,,TIPO_DATO15__LBIRTHES_FROM2017_N1,,,,,,,,,,,,,
IT1:25_74_DF_DCIS_NATI1_8(1.0),A,ITG1,LBIRTHES_FROM2017,TOTAL,Y20,TOTAL,ALL,99,99,ALL,ALL,WORLD,9,2018,626,,,,TIPO_DATO15__LBIRTHES_FROM2017_N1,,,,,,,,,,,,,
IT1:25_74_DF_DCIS_NATI1_8(1.0),A,ITG1,LBIRTHES_FROM2017,TOTAL,Y21,TOTAL,ALL,99,99,ALL,ALL,WORLD,9,2018,694,,,,TIPO_DATO15__LBIRTHES_FROM2017_N1,,,,,,,,,,,,,
IT1:25_74_DF_DCIS_NATI1_8(1.0),A,ITG1,LBIRTHES_FROM2017,TOTAL,Y22,TOTAL,ALL,99,99,ALL,ALL,WORLD,9,2018,931,,,,TIPO_DATO15__LBIRTHES_FROM2017_N1,,,,,,,,,,,,,
IT1:25_74_DF_DCIS_NATI1_8(1.0),A,ITG1,LBIRTHES_FROM2017,TOTAL,Y23,TOTAL,ALL,99,99,ALL,ALL,WORLD,9,2018,993,,,,TIPO_DATO15__LBIRTHES_FROM2017_N1,,,,,,,,,,,,,
IT1:25_74_DF_DCIS_NATI1_8(1.0),A,ITG1,LBIRTHES_FROM2017,TOTAL,Y24,TOTAL,ALL,99,99,ALL,ALL,WORLD,9,2018,1256,,,,TIPO_DATO15__LBIRTHES_FROM2017_N1,,,,,,,,,,,,,
IT1:25_74_DF_DCIS_NATI1_8(1.0),A,ITG1,LBIRTHES_FROM2017,TOTAL,Y25,TOTAL,ALL,99,99,ALL,ALL,WORLD,9,2018,1502,,,,TIPO_DATO15__LBIRTHES_FROM2017_N1,,,,,,,,,,,,,
IT1:25_74_DF_DCIS_NATI1_8(1.0),A,ITG2,LBIRTHES_FROM2017,FRG,Y_UN17,TOTAL,ALL,99,99,ALL,ALL,WORLD,9,2018,2,,,,TIPO_DATO15__LBIRTHES_FROM2017_N1,,,,,,,,,,,,,
IT1:25_74_DF_DCIS_NATI1_8(1.0),A,ITG2,LBIRTHES_FROM2017,FRG,Y18,TOTAL,ALL,99,99,ALL,ALL,WORLD,9,2018,4,,,,TIPO_DATO15__LBIRTHES_FROM2017_N1,,,,,,,,,,,,,
IT1:25_74_DF_DCIS_NATI1_8(1.0),A,ITG2,LBIRTHES_FROM2017,FRG,Y19,TOTAL,ALL,99,99,ALL,ALL,WORLD,9,2018,7,,,,TIPO_DATO15__LBIRTHES_FROM2017_N1,,,,,,,,,,,,,
IT1:25_74_DF_DCIS_NATI1_8(1.0),A,ITG2,LBIRTHES_FROM2017,FRG,Y20,TOTAL,ALL,99,99,ALL,ALL,WORLD,9,2018,12,,,,TIPO_DATO15__LBIRTHES_FROM2017_N1,,,,,,,,,,,,,
IT1:25_74_DF_DCIS_NATI1_8(1.0),A,ITG2,LBIRTHES_FROM2017,FRG,Y21,TOTAL,ALL,99,99,ALL,ALL,WORLD,9,2018,11,,,,TIPO_DATO15__LBIRTHES_FROM2017_N1,,,,,,,,,,,,,
IT1:25_74_DF_DCIS_NATI1_8(1.0),A,ITG2,LBIRTHES_FROM2017,FRG,Y22,TOTAL,ALL,99,99,ALL,ALL,WORLD,9,2018,23,,,,TIPO_DATO15__LBIRTHES_FROM2017_N1,,,,,,,,,,,,,
IT1:25_74_DF_DCIS_NATI1_8(1.0),A,ITG2,LBIRTHES_FROM2017,FRG,Y23,TOTAL,ALL,99,99,ALL,ALL,WORLD,9,2018,29,,,,TIPO_DATO15__LBIRTHES_FROM2017_N1,,,,,,,,,,,,,
IT1:25_74_DF_DCIS_NATI1_8(1.0),A,ITG2,LBIRTHES_FROM2017,FRG,Y24,TOTAL,ALL,99,99,ALL,ALL,WORLD,9,2018,35,,,,TIPO_DATO15__LBIRTHES_FROM2017_N1,,,,,,,,,,,,,
IT1:25_74_DF_DCIS_NATI1_8(1.0),A,ITG2,LBIRTHES_FROM2017,FRG,Y25,TOTAL,ALL,99,99,ALL,ALL,WORLD,9,2018,32,,,,TIPO_DATO15__LBIRTHES_FROM2017_N1,,,,,,,,,,,,,
IT1:25_74_DF_DCIS_NATI1_8(1.0),A,ITG2,LBIRTHES_FROM2017,ITL,Y_UN17,TOTAL,ALL,99,99,ALL,ALL,WORLD,9,2018,31,,,,TIPO_DATO15__LBIRTHES_FROM2017_N1,,,,,,,,,,,,,
IT1:25_74_DF_DCIS_NATI1_8(1.0),A,ITG2,LBIRTHES_FROM2017,ITL,Y18,TOTAL,ALL,99,99,ALL,ALL,WORLD,9,2018,20,,,,TIPO_DATO15__LBIRTHES_FROM2017_N1,,,,,,,,,,,,,
IT1:25_74_DF_DCIS_NATI1_8(1.0),A,ITG2,LBIRTHES_FROM2017,ITL,Y19,TOTAL,ALL,99,99,ALL,ALL,WORLD,9,2018,60,,,,TIPO_DATO15__LBIRTHES_FROM2017_N1,,,,,,,,,,,,,
IT1:25_74_DF_DCIS_NATI1_8(1.0),A,ITG2,LBIRTHES_FROM2017,ITL,Y20,TOTAL,ALL,99,99,ALL,ALL,WORLD,9,2018,68,,,,TIPO_DATO15__LBIRTHES_FROM2017_N1,,,,,,,,,,,,,
IT1:25_74_DF_DCIS_NATI1_8(1.0),A,ITG2,LBIRTHES_FROM2017,ITL,Y21,TOTAL,ALL,99,99,ALL,ALL,WORLD,9,2018,107,,,,TIPO_DATO15__LBIRTHES_FROM2017_N1,,,,,,,,,,,,,
IT1:25_74_DF_DCIS_NATI1_8(1.0),A,ITG2,LBIRTHES_FROM2017,ITL,Y22,TOTAL,ALL,99,99,ALL,ALL,WORLD,9,2018,116,,,,TIPO_DATO15__LBIRTHES_FROM2017_N1,,,,,,,,,,,,,
IT1:25_74_DF_DCIS_NATI1_8(1.0),A,ITG2,LBIRTHES_FROM2017,ITL,Y23,TOTAL,ALL,99,99,ALL,ALL,WORLD,9,2018,126,,,,TIPO_DATO15__LBIRTHES_FROM2017_N1,,,,,,,,,,,,,
IT1:25_74_DF_DCIS_NATI1_8(1.0),A,ITG2,LBIRTHES_FROM2017,ITL,Y24,TOTAL,ALL,99,99,ALL,ALL,WORLD,9,2018,153,,,,TIPO_DATO15__LBIRTHES_FROM2017_N1,,,,,,,,,,,,,
IT1:25_74_DF_DCIS_NATI1_8(1.0),A,ITG2,LBIRTHES_FROM2017,ITL,Y25,TOTAL,ALL,99,99,ALL,ALL,WORLD,9,2018,207,,,,TIPO_DATO15__LBIRTHES_FROM2017_N1,,,,,,,,,,,,,
IT1:25_74_DF_DCIS_NATI1_8(1.0),A,ITG2,LBIRTHES_FROM2017,TOTAL,Y_UN17,TOTAL,ALL,99,99,ALL,ALL,WORLD,9,2018,33,,,,TIPO_DATO15__LBIRTHES_FROM2017_N1,,,,,,,,,,,,,
IT1:25_74_DF_DCIS_NATI1_8(1.0),A,ITG2,LBIRTHES_FROM2017,TOTAL,Y18,TOTAL,ALL,99,99,ALL,ALL,WORLD,9,2018,24,,,,TIPO_DATO15__LBIRTHES_FROM2017_N1,,,,,,,,,,,,,
IT1:25_74_DF_DCIS_NATI1_8(1.0),A,ITG2,LBIRTHES_FROM2017,TOTAL,Y19,TOTAL,ALL,99,99,ALL,ALL,WORLD,9,2018,67,,,,TIPO_DATO15__LBIRTHES_FROM2017_N1,,,,,,,,,,,,,
IT1:25_74_DF_DCIS_NATI1_8(1.0),A,ITG2,LBIRTHES_FROM2017,TOTAL,Y20,TOTAL,ALL,99,99,ALL,ALL,WORLD,9,2018,80,,,,TIPO_DATO15__LBIRTHES_FROM2017_N1,,,,,,,,,,,,,
IT1:25_74_DF_DCIS_NATI1_8(1.0),A,ITG2,LBIRTHES_FROM2017,TOTAL,Y21,TOTAL,ALL,99,99,ALL,ALL,WORLD,9,2018,118,,,,TIPO_DATO15__LBIRTHES_FROM2017_N1,,,,,,,,,,,,,
IT1:25_74_DF_DCIS_NATI1_8(1.0),A,ITG2,LBIRTHES_FROM2017,TOTAL,Y22,TOTAL,ALL,99,99,ALL,ALL,WORLD,9,2018,139,,,,TIPO_DATO15__LBIRTHES_FROM2017_N1,,,,,,,,,,,,,
IT1:25_74_DF_DCIS_NATI1_8(1.0),A,ITG2,LBIRTHES_FROM2017,TOTAL,Y23,TOTAL,ALL,99,99,ALL,ALL,WORLD,9,2018,155,,,,TIPO_DATO15__LBIRTHES_FROM2017_N1,,,,,,,,,,,,,
IT1:25_74_DF_DCIS_NATI1_8(1.0),A,ITG2,LBIRTHES_FROM2017,TOTAL,Y24,TOTAL,ALL,99,99,ALL,ALL,WORLD,9,2018,188,,,,TIPO_DATO15__LBIRTHES_FROM2017_N1,,,,,,,,,,,,,
IT1:25_74_DF_DCIS_NATI1_8(1.0),A,ITG2,LBIRTHES_FROM2017,TOTAL,Y25,TOTAL,ALL,99,99,ALL,ALL,WORLD,9,2018,239,,,,TIPO_DATO15__LBIRTHES_FROM2017_N1,,,,,,,,,,,,,
