DATAFLOW,FREQ,RESIDENCE_TERR,DATA_TYPE,CITIZENSHIP_MOTHER,MOTHER_AGE,FATHERS_AGE,YEAR_BIRTH_MOTHER,MARITAL_STATUS_MOTHER,MARITAL_STATUS_FATHER,COUPLE_OF_PARENTS,GEOG_AREA_BIRTH,CITIZEN_FOREIN_OFBIRTH,Y_BORN_ALIVE_MARRIAGE,TIME_PERIOD,OBS_VALUE,OBS_STATUS,NOTE_DS,NOTE_RESIDENCE_TERR,NOTE_DATA_TYPE,NOTE_CITIZENSHIP_MOTHER,NOTE_MOTHER_AGE,NOTE_FATHERS_AGE,NOTE_YEAR_BIRTH_MOTHER,NOTE_MARITAL_STATUS_MOTHER,NOTE_MARITAL_STATUS_FATHER,NOTE_COUPLE_OF_PARENTS,NOTE_GEOG_AREA_BIRTH,NOTE_CITIZEN_FOREIN_OFBIRTH,NOTE_Y_BORN_ALIVE_MARRIAGE,BASE_PER,UNIT_MEAS,UNIT_MULT
IT1:25_74_DF_DCIS_NATI1_8(1.0),A,ITC1,LBIRTHES_FROM2017,FRG,Y_UN17,TOTAL,ALL,99,99,ALL,ALL,WORLD,9,2019,18,,,,TIPO_DATO15__LBIRTHES_FROM2017_N1,,,,,,,,,,,,,
IT1:25_74_DF_DCIS_NATI1_8(1.0),A,ITC1,LBIRTHES_FROM2017,FRG,Y18,TOTAL,ALL,99,99,ALL,ALL,WORLD,9,2019,20,,,,TIPO_DATO15__LBIRTHES_FROM2017_N1,,,,,,,,,,,,,
IT1:25_74_DF_DCIS_NATI1_8(1.0),A,ITC1,LBIRTHES_FROM2017,FRG,Y19,TOTAL,ALL,99,99,ALL,ALL,WORLD,9,2019,76,,,,TIPO_DATO15__LBIRTHES_FROM2017_N1,,,,,,,,,,,,,
IT1:25_74_DF_DCIS_NATI1_8(1.0),A,ITC1,LBIRTHES_FROM2017,FRG,Y20,TOTAL,ALL,99,99,ALL,ALL,WORLD,9,2019,122,,,,TIPO_DATO15__LBIRTHES_FROM2017_N1,,,,,,,,,,,,,
IT1:25_74_DF_DCIS_NATI1_8(1.0),A,ITC1,LBIRTHES_FROM2017,FRG,Y21,TOTAL,ALL,99,99,ALL,ALL,WORLD,9,2019,168,,,,TIPO_DATO15__LBIRTHES_FROM2017_N1,,,,,,,,,,,,,
IT1:25_74_DF_DCIS_NATI1_8(1.0),A,ITC1,LBIRTHES_FROM2017,FRG,Y22,TOTAL,ALL,99,99,ALL,ALL,WORLD,9,2019,206,,,,TIPO_DATO15__LBIRTHES_FROM2017_N1,,,,,,,,,,,,,
IT1:25_74_DF_DCIS_NATI1_8(1.0),A,ITC1,LBIRTHES_FROM2017,FRG,Y23,TOTAL,ALL,99,99,ALL,ALL,WORLD,9,2019,229,,,,TIPO_DATO15__LBIRTHES_FROM2017_N1,,,,,,,,,,,,,
IT1:25_74_DF_DCIS_NATI1_8(1.0),A,ITC1,LBIRTHES_FROM2017,FRG,Y24,TOTAL,ALL,99,99,ALL,ALL,WORLD,9,2019,311,,,,TIPO_DATO15__LBIRTHES_FROM2017_N1,,,,,,,,,,,,,
IT1:25_74_DF_DCIS_NATI1_8(1.0),A,ITC1,LBIRTHES_FROM2017,FRG,Y25,TOTAL,ALL,99,99,ALL,ALL,WORLD,9,2019,332,,,,TIPO_DATO15__LBIRTHES_FROM2017_N1,,,,,,,,,,,,,
IT1:25_74_DF_DCIS_NATI1_8(1.0),A,ITC1,LBIRTHES_FROM2017,ITL,Y_UN17,TOTAL,ALL,99,99,ALL,ALL,WORLD,9,2019,29,,,,TIPO_DATO15__LBIRTHES_FROM2017_N1,,,,,,,,,,,,,
IT1:25_74_DF_DCIS_NATI1_8(1.0),A,ITC1,LBIRTHES_FROM2017,ITL,Y18,TOTAL,ALL,99,99,ALL,ALL,WORLD,9,2019,42,,,,TIPO_DATO15__LBIRTHES_FROM2017_N1,,,,,,,,,,,,,
IT1:25_74_DF_DCIS_NATI1_8(1.0),A,ITC1,LBIRTHES_FROM2017,ITL,Y19,TOTAL,ALL,99,99,ALL,ALL,WORLD,9,2019,74,,,,TIPO_DATO15__LBIRTHES_FROM2017_N1,,,,,,,,,,,,,
IT1:25_74_DF_DCIS_NATI1_8(1.0),A,ITC1,LBIRTHES_FROM2017,ITL,Y20,TOTAL,ALL,99,99,ALL,ALL,WORLD,9,2019,119,,,,TIPO_DATO15__LBIRTHES_FROM2017_N1,,,,,,,,,,,,,
IT1:25_74_DF_DCIS_NATI1_8(1.0),A,ITC1,LBIRTHES_FROM2017,ITL,Y21,TOTAL,ALL,99,99,ALL,ALL,WORLD,9,2019,135,,,,TIPO_DATO15__LBIRTHES_FROM2017_N1,,,,,,,,,,,,,
IT1:25_74_DF_DCIS_NATI1_8(1.0),A,ITC1,LBIRTHES_FROM2017,ITL,Y22,TOTAL,ALL,99,99,ALL,ALL,WORLD,9,2019,218,,,,TIPO_DATO15__LBIRTHES_FROM2017_N1,,,,,,,,,,,,,
IT1:25_74_DF_DCIS_NATI1_8(1.0),A,ITC1,LBIRTHES_FROM2017,ITL,Y23,TOTAL,ALL,99,99,ALL,ALL,WORLD,9,2019,265,,,,TIPO_DATO15__LBIRTHES_FROM2017_N1,,,,,,,,,,,,,
IT1:25_74_DF_DCIS_NATI1_8(1.0),A,ITC1,LBIRTHES_FROM2017,ITL,Y24,TOTAL,ALL,99,99,ALL,ALL,WORLD,9,2019,347,,,,TIPO_DATO15__LBIRTHES_FROM2017_N1,,,,,,,,,,,,,
IT1:25_74_DF_DCIS_NATI1_8(1.0),A,ITC1,LBIRTHES_FROM2017,ITL,Y25,TOTAL,ALL,99,99,ALL,ALL,WORLD,9,2019,467,,,,TIPO_DATO15__LBIRTHES_FROM2017_N1,,,,,,,,,,,,,
IT1:25_74_DF_DCIS_NATI1_8(1.0),A,ITC1,LBIRTHES_FROM2017,TOTAL,Y_UN17,TOTAL,ALL,99,99,ALL,ALL,WORLD,9,2019,47,,,,TIPO_DATO15__LBIRTHES_FROM2017_N1,,,,,,,,,,,,,
IT1:25_74_DF_DCIS_NATI1_8(1.0),A,ITC1,LBIRTHES_FROM2017,TOTAL,Y18,TOTAL,ALL,99,99,ALL,ALL,WORLD,9,2019,62,,,,TIPO_DATO15__LBIRTHES_FROM2017_N1,,,,,,,,,,,,,
IT1:25_74_DF_DCIS_NATI1_8(1.0),A,ITC1,LBIRTHES_FROM2017,TOTAL,Y19,TOTAL,ALL,99,99,ALL,ALL,WORLD,9,2019,150,,,,TIPO_DATO15__LBIRTHES_FROM2017_N1,,,,,,,,,,,,,
IT1:25_74_DF_DCIS_NATI1_8(1.0),A,ITC1,LBIRTHES_FROM2017,TOTAL,Y20,TOTAL,ALL,99,99,ALL,ALL,WORLD,9,2019,241,,,,TIPO_DATO15__LBIRTHES_FROM2017_N1,,,,,,,,,,,,,
IT1:25_74_DF_DCIS_NATI1_8(1.0),A,ITC1,LBIRTHES_FROM2017,TOTAL,Y21,TOTAL,ALL,99,99,ALL,ALL,WORLD,9,2019,303,,,,TIPO_DATO15__LBIRTHES_FROM2017_N1,,,,,,,,,,,,,
IT1:25_74_DF_DCIS_NATI1_8(1.0),A,ITC1,LBIRTHES_FROM2017,TOTAL,Y22,TOTAL,ALL,99,99,ALL,ALL,WORLD,9,2019,424,,,,TIPO_DATO15__LBIRTHES_FROM2017_N1,,,,,,,,,,,,,
IT1:25_74_DF_DCIS_NATI1_8(1.0),A,ITC1,LBIRTHES_FROM2017,TOTAL,Y23,TOTAL,ALL,99,99,ALL,ALL,WORLD,9,2019,494,,,,TIPO_DATO15__LBIRTHES_FROM2017_N1,,,,,,,,,,,,,
IT1:25_74_DF_DCIS_NATI1_8(1.0),A,ITC1,LBIRTHES_FROM2017,TOTAL,Y24,TOTAL,ALL,99,99,ALL,ALL,WORLD,9,2019,658,,,,TIPO_DATO15__LBIRTHES_FROM2017_N1,,,,,,,,,,,,,
IT1:25_74_DF_DCIS_NATI1_8(1.0),A,ITC1,LBIRTHES_FROM2017,TOTAL,Y25,TOTAL,ALL,99,99,ALL,ALL,WORLD,9,2019,799,,,,TIPO_DATO15__LBIRTHES_FROM2017_N1,,,,,,,,,,,,,
IT1:25_74_DF_DCIS_NATI1_8(1.0),A,ITC2,LBIRTHES_FROM2017,FRG,Y_UN17,TOTAL,ALL,99,99,ALL,ALL,WORLD,9,2019,0,,,,TIPO_DATO15__LBIRTHES_FROM2017_N1,,,,,,,,,,,,,
IT1:25_74_DF_DCIS_NATI1_8(1.0),A,ITC2,LBIRTHES_FROM2017,FRG,Y18,TOTAL,ALL,99,99,ALL,ALL,WORLD,9,2019,1,,,,TIPO_DATO15__LBIRTHES_FROM2017_N1,,,,,,,,,,,,,
IT1:25_74_DF_DCIS_NATI1_8(1.0),A,ITC2,LBIRTHES_FROM2017,FRG,Y19,TOTAL,ALL,99,99,ALL,ALL,WORLD,9,2019,2,,,,TIPO_DATO15__LBIRTHES_FROM2017_N1,,,,,,,,,,,,,
IT1:25_74_DF_DCIS_NATI1_8(1.0),A,ITC2,LBIRTHES_FROM2017,FRG,Y20,TOTAL,ALL,99,99,ALL,ALL,WORLD,9,2019,1,,,,TIPO_DATO15__LBIRTHES_FROM2017_N1,,,,,,,,,,,,,
IT1:25_74_DF_DCIS_NATI1_8(1.0),A,ITC2,LBIRTHES_FROM2017,FRG,Y21,TOTAL,ALL,99,99,ALL,ALL,WORLD,9,2019,1,,,,TIPO_DATO15__LBIRTHES_FROM2017_N1,,,,,,,,,,,,,
IT1:25_74_DF_DCIS_NATI1_8(1.0),A,ITC2,LBIRTHES_FROM2017,FRG,Y22,TOTAL,ALL,99,99,ALL,ALL,WORLD,9,2019,8,,,,TIPO_DATO15__LBIRTHES_FROM2017_N1,,,,,,,,,,,,,
IT1:25_74_DF_DCIS_NATI1_8(1.0),A,ITC2,LBIRTHES_FROM2017,FRG,Y23,TOTAL,ALL,99,99,ALL,ALL,WORLD,9,2019,6,,,,TIPO_DATO15__LBIRTHES_FROM2017_N1,,,,,,,,,,,,,
IT1:25_74_DF_DCIS_NATI1_8(1.0),A,ITC2,LBIRTHES_FROM2017,FRG,Y24,TOTAL,ALL,99,99,ALL,ALL,WORLD,9,2019,5,,,,TIPO_DATO15__LBIRTHES_FROM2017_N1,,,,,,,,,,,,,
IT1:25_74_DF_DCIS_NATI1_8(1.0),A,ITC2,LBIRTHES_FROM2017,FRG,Y25,TOTAL,ALL,99,99,ALL,ALL,WORLD,9,2019,5,,,,TIPO_DATO15__LBIRTHES_FROM2017_N1,,,,,,,,,,,,,
IT1:25_74_DF_DCIS_NATI1_8(1.0),A,ITC2,LBIRTHES_FROM2017,ITL,Y_UN17,TOTAL,ALL,99,99,ALL,ALL,WORLD,9,2019,0,,,,TIPO_DATO15__LBIRTHES_FROM2017_N1,,,,,,,,,,,,,
IT1:25_74_DF_DCIS_NATI1_8(1.0),A,ITC2,LBIRTHES_FROM2017,ITL,Y18,TOTAL,ALL,99,99,ALL,ALL,WORLD,9,2019,0,,,,TIPO_DATO15__LBIRTHES_FROM2017_N1,,,,,,,,,,,,,
IT1:25_74_DF_DCIS_NATI1_8(1.0),A,ITC2,LBIRTHES_FROM2017,ITL,Y19,TOTAL,ALL,99,99,ALL,ALL,WORLD,9,2019,4,,,,TIPO_DATO15__LBIRTHES_FROM2017_N1,,,,,,,,,,,,,
IT1:25_74_DF_DCIS_NATI1_8(1.0),A,ITC2,LBIRTHES_FROM2017,ITL,Y20,TOTAL,ALL,99,99,ALL,ALL,WORLD,9,2019,1,,,,TIPO_DATO15__LBIRTHES_FROM2017_N1,,,,,,,,,,,,,
IT1:25_74_DF_DCIS_NATI1_8(1.0),A,ITC2,LBIRTHES_FROM2017,ITL,Y21,TOTAL,ALL,99,99,ALL,ALL,WORLD,9,2019,5,,,,TIPO_DATO15__LBIRTHES_FROM2017_N1,,,,,,,,,,,,,
IT1:25_74_DF_DCIS_NATI1_8(1.0),A,ITC2,LBIRTHES_FROM2017,ITL,Y22,TOTAL,ALL,99,99,ALL,ALL,WORLD,9,2019,5,,,,TIPO_DATO15__LBIRTHES_FROM2017_N1,,,,,,,,,,,,,
IT1:25_74_DF_DCIS_NATI1_8(1.0),A,ITC2,LBIRTHES_FROM2017,ITL,Y23,TOTAL,ALL,99,99,ALL,ALL,WORLD,9,2019,13,,,,TIPO_DATO15__LBIRTHES_FROM2017_N1,,,,,,,,,,,,,
IT1:25_74_DF_DCIS_NATI1_8(1.0),A,ITC2,LBIRTHES_FROM2017,ITL,Y24,TOTAL,ALL,99,99,ALL,ALL,WORLD,9,2019,16,,,,TIPO_DATO15__LBIRTHES_FROM2017_N1,,,,,,,,,,,,,
IT1:25_74_DF_DCIS_NATI1_8(1.0),A,ITC2,LBIRTHES_FROM2017,ITL,Y25,TOTAL,ALL,99,99,ALL,ALL,WORLD,9,2019,21,,,,TIPO_DATO15__LBIRTHES_FROM2017_N1,,,,,,,,,,,,,
IT1:25_74_DF_DCIS_NATI1_8(1.0),A,ITC2,LBIRTHES_FROM2017,TOTAL,Y_UN17,TOTAL,ALL,99,99,ALL,ALL,WORLD,9,2019,0,,,,TIPO_DATO15__LBIRTHES_FROM2017_N1,,,,,,,,,,,,,
IT1:25_74_DF_DCIS_NATI1_8(1.0),A,ITC2,LBIRTHES_FROM2017,TOTAL,Y18,TOTAL,ALL,99,99,ALL,ALL,WORLD,9,2019,1,,,,TIPO_DATO15__LBIRTHES_FROM2017_N1,,,,,,,,,,,,,
IT1:25_74_DF_DCIS_NATI1_8(1.0),A,ITC2,LBIRTHES_FROM2017,TOTAL,Y19,TOTAL,ALL,99,99,ALL,ALL,WORLD,9,2019,6,,,,TIPO_DATO15__LBIRTHES_FROM2017_N1,,,,,,,,,,,,,
IT1:25_74_DF_DCIS_NATI1_8(1.0),A,ITC2,LBIRTHES_FROM2017,TOTAL,Y20,TOTAL,ALL,99,99,ALL,ALL,WORLD,9,2019,2,,,,TIPO_DATO15__LBIRTHES_FROM2017_N1,,,,,,,,,,,,,
IT1:25_74_DF_DCIS_NATI1_8(1.0),A,ITC2,LBIRTHES_FROM2017,TOTAL,Y21,TOTAL,ALL,99,99,ALL,ALL,WORLD,9,2019,6,,,,TIPO_DATO15__LBIRTHES_FROM2017_N1,,,,,,,,,,,,,
IT1:25_74_DF_DCIS_NATI1_8(1.0),A,ITC2,LBIRTHES_FROM2017,TOTAL,Y22,TOTAL,ALL,99,99,ALL,ALL,WORLD,9,2019,13,,,,TIPO_DATO15__LBIRTHES_FROM2017_N1,,,,,,,,,,,,,
IT1:25_74_DF_DCIS_NATI1_8(1.0),A,ITC2,LBIRTHES_FROM2017,TOTAL,Y23,TOTAL,ALL,99,99,ALL,ALL,WORLD,9,2019,19,,,,TIPO_DATO15__LBIRTHES_FROM2017_N1,,,,,,,,,,,,,
IT1:25_74_DF_DCIS_NATI1_8(1.0),A,ITC2,LBIRTHES_FROM2017,TOTAL,Y24,TOTAL,ALL,99,99,ALL,ALL,WORLD,9,2019,21,,,,TIPO_DATO15__LBIRTHES_FROM2017_N1,,,,,,,,,,,,,
IT1:25_74_DF_DCIS_NATI1_8(1.0),A,ITC2,LBIRTHES_FROM2017,TOTAL,Y25,TOTAL,ALL,99,99,ALL,ALL,WORLD,9,2019,26,,,,TIPO_DATO15__LBIRTHES_FROM2017_N1,,,,,,,,,,,,,
IT1:25_74_DF_DCIS_NATI1_8(1.0),A,ITC3,LBIRTHES_FROM2017,FRG,Y_UN17,TOTAL,ALL,99,99,ALL,ALL,WORLD,9,2019,5,,,,TIPO_DATO15__LBIRTHES_FROM2017_N1,,,,,,,,,,,,,
IT1:25_74_DF_DCIS_NATI1_8(1.0),A,ITC3,LBIRTHES_FROM2017,FRG,Y18,TOTAL,ALL,99,99,ALL,ALL,WORLD,9,2019,15,,,,TIPO_DATO15__LBIRTHES_FROM2017_N1,,,,,,,,,,,,,
IT1:25_74_DF_DCIS_NATI1_8(1.0),A,ITC3,LBIRTHES_FROM2017,FRG,Y19,TOTAL,ALL,99,99,ALL,ALL,WORLD,9,2019,32,,,,TIPO_DATO15__LBIRTHES_FROM2017_N1,,,,,,,,,,,,,
IT1:25_74_DF_DCIS_NATI1_8(1.0),A,ITC3,LBIRTHES_FROM2017,FRG,Y20,TOTAL,ALL,99,99,ALL,ALL,WORLD,9,2019,56,,,,TIPO_DATO15__LBIRTHES_FROM2017_N1,,,,,,,,,,,,,
IT1:25_74_DF_DCIS_NATI1_8(1.0),A,ITC3,LBIRTHES_FROM2017,FRG,Y21,TOTAL,ALL,99,99,ALL,ALL,WORLD,9,2019,69,,,,TIPO_DATO15__LBIRTHES_FROM2017_N1,,,,,,,,,,,,,
IT1:25_74_DF_DCIS_NATI1_8(1.0),A,ITC3,LBIRTHES_FROM2017,FRG,Y22,TOTAL,ALL,99,99,ALL,ALL,WORLD,9,2019,82,,,,TIPO_DATO15__LBIRTHES_FROM2017_N1,,,,,,,,,,,,,
IT1:25_74_DF_DCIS_NATI1_8(1.0),A,ITC3,LBIRTHES_FROM2017,FRG,Y23,TOTAL,ALL,99,99,ALL,ALL,WORLD,9,2019,104,,,,TIPO_DATO15__LBIRTHES_FROM2017_N1,,,,,,,,,,,,,
IT1:25_74_DF_DCIS_NATI1_8(1.0),A,ITC3,LBIRTHES_FROM2017,FRG,Y24,TOTAL,ALL,99,99,ALL,ALL,WORLD,9,2019,109,,,,TIPO_DATO15__LBIRTHES_FROM2017_N1,,,,,,,,,,,,,
IT1:25_74_DF_DCIS_NATI1_8(1.0),A,ITC3,LBIRTHES_FROM2017,FRG,Y25,TOTAL,ALL,99,99,ALL,ALL,WORLD,9,2019,145,,,,TIPO_DATO15__LBIRTHES_FROM2017_N1,,,,,,,,,,,,,
IT1:25_74_DF_DCIS_NATI1_8(1.0),A,ITC3,LBIRTHES_FROM2017,ITL,Y_UN17,TOTAL,ALL,99,99,ALL,ALL,WORLD,9,2019,6,,,,TIPO_DATO15__LBIRTHES_FROM2017_N1,,,,,,,,,,,,,
IT1:25_74_DF_DCIS_NATI1_8(1.0),A,ITC3,LBIRTHES_FROM2017,ITL,Y18,TOTAL,ALL,99,99,ALL,ALL,WORLD,9,2019,22,,,,TIPO_DATO15__LBIRTHES_FROM2017_N1,,,,,,,,,,,,,
IT1:25_74_DF_DCIS_NATI1_8(1.0),A,ITC3,LBIRTHES_FROM2017,ITL,Y19,TOTAL,ALL,99,99,ALL,ALL,WORLD,9,2019,14,,,,TIPO_DATO15__LBIRTHES_FROM2017_N1,,,,,,,,,,,,,
IT1:25_74_DF_DCIS_NATI1_8(1.0),A,ITC3,LBIRTHES_FROM2017,ITL,Y20,TOTAL,ALL,99,99,ALL,ALL,WORLD,9,2019,22,,,,TIPO_DATO15__LBIRTHES_FROM2017_N1,,,,,,,,,,,,,
IT1:25_74_DF_DCIS_NATI1_8(1.0),A,ITC3,LBIRTHES_FROM2017,ITL,Y21,TOTAL,ALL,99,99,ALL,ALL,WORLD,9,2019,39,,,,TIPO_DATO15__LBIRTHES_FROM2017_N1,,,,,,,,,,,,,
IT1:25_74_DF_DCIS_NATI1_8(1.0),A,ITC3,LBIRTHES_FROM2017,ITL,Y22,TOTAL,ALL,99,99,ALL,ALL,WORLD,9,2019,72,,,,TIPO_DATO15__LBIRTHES_FROM2017_N1,,,,,,,,,,,,,
IT1:25_74_DF_DCIS_NATI1_8(1.0),A,ITC3,LBIRTHES_FROM2017,ITL,Y23,TOTAL,ALL,99,99,ALL,ALL,WORLD,9,2019,64,,,,TIPO_DATO15__LBIRTHES_FROM2017_N1,,,,,,,,,,,,,
IT1:25_74_DF_DCIS_NATI1_8(1.0),A,ITC3,LBIRTHES_FROM2017,ITL,Y24,TOTAL,ALL,99,99,ALL,ALL,WORLD,9,2019,89,,,,TIPO_DATO15__LBIRTHES_FROM2017_N1,,,,,,,,,,,,,
IT1:25_74_DF_DCIS_NATI1_8(1.0),A,ITC3,LBIRTHES_FROM2017,ITL,Y25,TOTAL,ALL,99,99,ALL,ALL,WORLD,9,2019,123,,,,TIPO_DATO15__LBIRTHES_FROM2017_N1,,,,,,,,,,,,,
IT1:25_74_DF_DCIS_NATI1_8(1.0),A,ITC3,LBIRTHES_FROM2017,TOTAL,Y_UN17,TOTAL,ALL,99,99,ALL,ALL,WORLD,9,2019,11,,,,TIPO_DATO15__LBIRTHES_FROM2017_N1,,,,,,,,,,,,,
IT1:25_74_DF_DCIS_NATI1_8(1.0),A,ITC3,LBIRTHES_FROM2017,TOTAL,Y18,TOTAL,ALL,99,99,ALL,ALL,WORLD,9,2019,37,,,,TIPO_DATO15__LBIRTHES_FROM2017_N1,,,,,,,,,,,,,
IT1:25_74_DF_DCIS_NATI1_8(1.0),A,ITC3,LBIRTHES_FROM2017,TOTAL,Y19,TOTAL,ALL,99,99,ALL,ALL,WORLD,9,2019,46,,,,TIPO_DATO15__LBIRTHES_FROM2017_N1,,,,,,,,,,,,,
IT1:25_74_DF_DCIS_NATI1_8(1.0),A,ITC3,LBIRTHES_FROM2017,TOTAL,Y20,TOTAL,ALL,99,99,ALL,ALL,WORLD,9,2019,78,,,,TIPO_DATO15__LBIRTHES_FROM2017_N1,,,,,,,,,,,,,
IT1:25_74_DF_DCIS_NATI1_8(1.0),A,ITC3,LBIRTHES_FROM2017,TOTAL,Y21,TOTAL,ALL,99,99,ALL,ALL,WORLD,9,2019,108,,,,TIPO_DATO15__LBIRTHES_FROM2017_N1,,,,,,,,,,,,,
IT1:25_74_DF_DCIS_NATI1_8(1.0),A,ITC3,LBIRTHES_FROM2017,TOTAL,Y22,TOTAL,ALL,99,99,ALL,ALL,WORLD,9,2019,154,,,,TIPO_DATO15__LBIRTHES_FROM2017_N1,,,,,,,,,,,,,
IT1:25_74_DF_DCIS_NATI1_8(1.0),A,ITC3,LBIRTHES_FROM2017,TOTAL,Y23,TOTAL,ALL,99,99,ALL,ALL,WORLD,9,2019,168,,,,TIPO_DATO15__LBIRTHES_FROM2017_N1,,,,,,,,,,,,,
IT1:25_74_DF_DCIS_NATI1_8(1.0),A,ITC3,LBIRTHES_FROM2017,TOTAL,Y24,TOTAL,ALL,99,99,ALL,ALL,WORLD,9,2019,198,,,,TIPO_DATO15__LBIRTHES_FROM2017_N1,,,,,,,,,,,,,
IT1:25_74_DF_DCIS_NATI1_8(1.0),A,ITC3,LBIRTHES_FROM2017,TOTAL,Y25,TOTAL,ALL,99,99,ALL,ALL,WORLD,9,2019,268,,,,TIPO_DATO15__LBIRTHES_FROM2017_N1,,,,,,,,,,,,,
IT1:25_74_DF_DCIS_NATI1_8(1.0),A,ITC4,LBIRTHES_FROM2017,FRG,Y_UN17,TOTAL,ALL,99,99,ALL,ALL,WORLD,9,2019,45,,,,TIPO_DATO15__LBIRTHES_FROM2017_N1,,,,,,,,,,,,,
IT1:25_74_DF_DCIS_NATI1_8(1.0),A,ITC4,LBIRTHES_FROM2017,FRG,Y18,TOTAL,ALL,99,99,ALL,ALL,WORLD,9,2019,83,,,,TIPO_DATO15__LBIRTHES_FROM2017_N1,,,,,,,,,,,,,
IT1:25_74_DF_DCIS_NATI1_8(1.0),A,ITC4,LBIRTHES_FROM2017,FRG,Y19,TOTAL,ALL,99,99,ALL,ALL,WORLD,9,2019,184,,,,TIPO_DATO15__LBIRTHES_FROM2017_N1,,,,,,,,,,,,,
IT1:25_74_DF_DCIS_NATI1_8(1.0),A,ITC4,LBIRTHES_FROM2017,FRG,Y20,TOTAL,ALL,99,99,ALL,ALL,WORLD,9,2019,356,,,,TIPO_DATO15__LBIRTHES_FROM2017_N1,,,,,,,,,,,,,
IT1:25_74_DF_DCIS_NATI1_8(1.0),A,ITC4,LBIRTHES_FROM2017,FRG,Y21,TOTAL,ALL,99,99,ALL,ALL,WORLD,9,2019,466,,,,TIPO_DATO15__LBIRTHES_FROM2017_N1,,,,,,,,,,,,,
IT1:25_74_DF_DCIS_NATI1_8(1.0),A,ITC4,LBIRTHES_FROM2017,FRG,Y22,TOTAL,ALL,99,99,ALL,ALL,WORLD,9,2019,624,,,,TIPO_DATO15__LBIRTHES_FROM2017_N1,,,,,,,,,,,,,
IT1:25_74_DF_DCIS_NATI1_8(1.0),A,ITC4,LBIRTHES_FROM2017,FRG,Y23,TOTAL,ALL,99,99,ALL,ALL,WORLD,9,2019,734,,,,TIPO_DATO15__LBIRTHES_FROM2017_N1,,,,,,,,,,,,,
IT1:25_74_DF_DCIS_NATI1_8(1.0),A,ITC4,LBIRTHES_FROM2017,FRG,Y24,TOTAL,ALL,99,99,ALL,ALL,WORLD,9,2019,934,,,,TIPO_DATO15__LBIRTHES_FROM2017_N1,,,,,,,,,,,,,
IT1:25_74_DF_DCIS_NATI1_8(1.0),A,ITC4,LBIRTHES_FROM2017,FRG,Y25,TOTAL,ALL,99,99,ALL,ALL,WORLD,9,2019,1109,,,,TIPO_DATO15__LBIRTHES_FROM2017_N1,,,,,,,,,,,,,
IT1:25_74_DF_DCIS_NATI1_8(1.0),A,ITC4,LBIRTHES_FROM2017,ITL,Y_UN17,TOTAL,ALL,99,99,ALL,ALL,WORLD,9,2019,68,,,,TIPO_DATO15__LBIRTHES_FROM2017_N1,,,,,,,,,,,,,
IT1:25_74_DF_DCIS_NATI1_8(1.0),A,ITC4,LBIRTHES_FROM2017,ITL,Y18,TOTAL,ALL,99,99,ALL,ALL,WORLD,9,2019,99,,,,TIPO_DATO15__LBIRTHES_FROM2017_N1,,,,,,,,,,,,,
IT1:25_74_DF_DCIS_NATI1_8(1.0),A,ITC4,LBIRTHES_FROM2017,ITL,Y19,TOTAL,ALL,99,99,ALL,ALL,WORLD,9,2019,186,,,,TIPO_DATO15__LBIRTHES_FROM2017_N1,,,,,,,,,,,,,
IT1:25_74_DF_DCIS_NATI1_8(1.0),A,ITC4,LBIRTHES_FROM2017,ITL,Y20,TOTAL,ALL,99,99,ALL,ALL,WORLD,9,2019,242,,,,TIPO_DATO15__LBIRTHES_FROM2017_N1,,,,,,,,,,,,,
IT1:25_74_DF_DCIS_NATI1_8(1.0),A,ITC4,LBIRTHES_FROM2017,ITL,Y21,TOTAL,ALL,99,99,ALL,ALL,WORLD,9,2019,329,,,,TIPO_DATO15__LBIRTHES_FROM2017_N1,,,,,,,,,,,,,
IT1:25_74_DF_DCIS_NATI1_8(1.0),A,ITC4,LBIRTHES_FROM2017,ITL,Y22,TOTAL,ALL,99,99,ALL,ALL,WORLD,9,2019,439,,,,TIPO_DATO15__LBIRTHES_FROM2017_N1,,,,,,,,,,,,,
IT1:25_74_DF_DCIS_NATI1_8(1.0),A,ITC4,LBIRTHES_FROM2017,ITL,Y23,TOTAL,ALL,99,99,ALL,ALL,WORLD,9,2019,534,,,,TIPO_DATO15__LBIRTHES_FROM2017_N1,,,,,,,,,,,,,
IT1:25_74_DF_DCIS_NATI1_8(1.0),A,ITC4,LBIRTHES_FROM2017,ITL,Y24,TOTAL,ALL,99,99,ALL,ALL,WORLD,9,2019,727,,,,TIPO_DATO15__LBIRTHES_FROM2017_N1,,,,,,,,,,,,,
IT1:25_74_DF_DCIS_NATI1_8(1.0),A,ITC4,LBIRTHES_FROM2017,ITL,Y25,TOTAL,ALL,99,99,ALL,ALL,WORLD,9,2019,940,,,,TIPO_DATO15__LBIRTHES_FROM2017_N1,,,,,,,,,,,,,
IT1:25_74_DF_DCIS_NATI1_8(1.0),A,ITC4,LBIRTHES_FROM2017,TOTAL,Y_UN17,TOTAL,ALL,99,99,ALL,ALL,WORLD,9,2019,113,,,,TIPO_DATO15__LBIRTHES_FROM2017_N1,,,,,,,,,,,,,
IT1:25_74_DF_DCIS_NATI1_8(1.0),A,ITC4,LBIRTHES_FROM2017,TOTAL,Y18,TOTAL,ALL,99,99,ALL,ALL,WORLD,9,2019,182,,,,TIPO_DATO15__LBIRTHES_FROM2017_N1,,,,,,,,,,,,,
IT1:25_74_DF_DCIS_NATI1_8(1.0),A,ITC4,LBIRTHES_FROM2017,TOTAL,Y19,TOTAL,ALL,99,99,ALL,ALL,WORLD,9,2019,370,,,,TIPO_DATO15__LBIRTHES_FROM2017_N1,,,,,,,,,,,,,
IT1:25_74_DF_DCIS_NATI1_8(1.0),A,ITC4,LBIRTHES_FROM2017,TOTAL,Y20,TOTAL,ALL,99,99,ALL,ALL,WORLD,9,2019,598,,,,TIPO_DATO15__LBIRTHES_FROM2017_N1,,,,,,,,,,,,,
IT1:25_74_DF_DCIS_NATI1_8(1.0),A,ITC4,LBIRTHES_FROM2017,TOTAL,Y21,TOTAL,ALL,99,99,ALL,ALL,WORLD,9,2019,795,,,,TIPO_DATO15__LBIRTHES_FROM2017_N1,,,,,,,,,,,,,
IT1:25_74_DF_DCIS_NATI1_8(1.0),A,ITC4,LBIRTHES_FROM2017,TOTAL,Y22,TOTAL,ALL,99,99,ALL,ALL,WORLD,9,2019,1063,,,,TIPO_DATO15__LBIRTHES_FROM2017_N1,,,,,,,,,,,,,
IT1:25_74_DF_DCIS_NATI1_8(1.0),A,ITC4,LBIRTHES_FROM2017,TOTAL,Y23,TOTAL,ALL,99,99,ALL,ALL,WORLD,9,2019,1268,,,,TIPO_DATO15__LBIRTHES_FROM2017_N1,,,,,,,,,,,,,
IT1:25_74_DF_DCIS_NATI1_8(1.0),A,ITC4,LBIRTHES_FROM2017,TOTAL,Y24,TOTAL,ALL,99,99,ALL,ALL,WORLD,9,2019,1661,,,,TIPO_DATO15__LBIRTHES_FROM2017_N1,,,,,,,,,,,,,
IT1:25_74_DF_DCIS_NATI1_8(1.0),A,ITC4,LBIRTHES_FROM2017,TOTAL,Y25,TOTAL,ALL,99,99,ALL,ALL,WORLD,9,2019,2049,,,,TIPO_DATO15__LBIRTHES_FROM2017_N1,,,,,,,,,,,,,
IT1:25_74_DF_DCIS_NATI1_8(1.0),A,ITD1,LBIRTHES_FROM2017,FRG,Y_UN17,TOTAL,ALL,99,99,ALL,ALL,WORLD,9,2019,1,,,,TIPO_DATO15__LBIRTHES_FROM2017_N1,,,,,,,,,,,,,
IT1:25_74_DF_DCIS_NATI1_8(1.0),A,ITD1,LBIRTHES_FROM2017,FRG,Y18,TOTAL,ALL,99,99,ALL,ALL,WORLD,9,2019,1,,,,TIPO_DATO15__LBIRTHES_FROM2017_N1,,,,,,,,,,,,,
IT1:25_74_DF_DCIS_NATI1_8(1.0),A,ITD1,LBIRTHES_FROM2017,FRG,Y19,TOTAL,ALL,99,99,ALL,ALL,WORLD,9,2019,9,,,,TIPO_DATO15__LBIRTHES_FROM2017_N1,,,,,,,,,,,,,
IT1:25_74_DF_DCIS_NATI1_8(1.0),A,ITD1,LBIRTHES_FROM2017,FRG,Y20,TOTAL,ALL,99,99,ALL,ALL,WORLD,9,2019,18,,,,TIPO_DATO15__LBIRTHES_FROM2017_N1,,,,,,,,,,,,,
IT1:25_74_DF_DCIS_NATI1_8(1.0),A,ITD1,LBIRTHES_FROM2017,FRG,Y21,TOTAL,ALL,99,99,ALL,ALL,WORLD,9,2019,29,,,,TIPO_DATO15__LBIRTHES_FROM2017_N1,,,,,,,,,,,,,
IT1:25_74_DF_DCIS_NATI1_8(1.0),A,ITD1,LBIRTHES_FROM2017,FRG,Y22,TOTAL,ALL,99,99,ALL,ALL,WORLD,9,2019,34,,,,TIPO_DATO15__LBIRTHES_FROM2017_N1,,,,,,,,,,,,,
IT1:25_74_DF_DCIS_NATI1_8(1.0),A,ITD1,LBIRTHES_FROM2017,FRG,Y23,TOTAL,ALL,99,99,ALL,ALL,WORLD,9,2019,49,,,,TIPO_DATO15__LBIRTHES_FROM2017_N1,,,,,,,,,,,,,
IT1:25_74_DF_DCIS_NATI1_8(1.0),A,ITD1,LBIRTHES_FROM2017,FRG,Y24,TOTAL,ALL,99,99,ALL,ALL,WORLD,9,2019,57,,,,TIPO_DATO15__LBIRTHES_FROM2017_N1,,,,,,,,,,,,,
IT1:25_74_DF_DCIS_NATI1_8(1.0),A,ITD1,LBIRTHES_FROM2017,FRG,Y25,TOTAL,ALL,99,99,ALL,ALL,WORLD,9,2019,51,,,,TIPO_DATO15__LBIRTHES_FROM2017_N1,,,,,,,,,,,,,
IT1:25_74_DF_DCIS_NATI1_8(1.0),A,ITD1,LBIRTHES_FROM2017,ITL,Y_UN17,TOTAL,ALL,99,99,ALL,ALL,WORLD,9,2019,8,,,,TIPO_DATO15__LBIRTHES_FROM2017_N1,,,,,,,,,,,,,
IT1:25_74_DF_DCIS_NATI1_8(1.0),A,ITD1,LBIRTHES_FROM2017,ITL,Y18,TOTAL,ALL,99,99,ALL,ALL,WORLD,9,2019,7,,,,TIPO_DATO15__LBIRTHES_FROM2017_N1,,,,,,,,,,,,,
IT1:25_74_DF_DCIS_NATI1_8(1.0),A,ITD1,LBIRTHES_FROM2017,ITL,Y19,TOTAL,ALL,99,99,ALL,ALL,WORLD,9,2019,16,,,,TIPO_DATO15__LBIRTHES_FROM2017_N1,,,,,,,,,,,,,
IT1:25_74_DF_DCIS_NATI1_8(1.0),A,ITD1,LBIRTHES_FROM2017,ITL,Y20,TOTAL,ALL,99,99,ALL,ALL,WORLD,9,2019,33,,,,TIPO_DATO15__LBIRTHES_FROM2017_N1,,,,,,,,,,,,,
IT1:25_74_DF_DCIS_NATI1_8(1.0),A,ITD1,LBIRTHES_FROM2017,ITL,Y21,TOTAL,ALL,99,99,ALL,ALL,WORLD,9,2019,36,,,,TIPO_DATO15__LBIRTHES_FROM2017_N1,,,,,,,,,,,,,
IT1:25_74_DF_DCIS_NATI1_8(1.0),A,ITD1,LBIRTHES_FROM2017,ITL,Y22,TOTAL,ALL,99,99,ALL,ALL,WORLD,9,2019,53,,,,TIPO_DATO15__LBIRTHES_FROM2017_N1,,,,,,,,,,,,,
IT1:25_74_DF_DCIS_NATI1_8(1.0),A,ITD1,LBIRTHES_FROM2017,ITL,Y23,TOTAL,ALL,99,99,ALL,ALL,WORLD,9,2019,74,,,,TIPO_DATO15__LBIRTHES_FROM2017_N1,,,,,,,,,,,,,
IT1:25_74_DF_DCIS_NATI1_8(1.0),A,ITD1,LBIRTHES_FROM2017,ITL,Y24,TOTAL,ALL,99,99,ALL,ALL,WORLD,9,2019,83,,,,TIPO_DATO15__LBIRTHES_FROM2017_N1,,,,,,,,,,,,,
IT1:25_74_DF_DCIS_NATI1_8(1.0),A,ITD1,LBIRTHES_FROM2017,ITL,Y25,TOTAL,ALL,99,99,ALL,ALL,WORLD,9,2019,148,,,,TIPO_DATO15__LBIRTHES_FROM2017_N1,,,,,,,,,,,,,
IT1:25_74_DF_DCIS_NATI1_8(1.0),A,ITD1,LBIRTHES_FROM2017,TOTAL,Y_UN17,TOTAL,ALL,99,99,ALL,ALL,WORLD,9,2019,9,,,,TIPO_DATO15__LBIRTHES_FROM2017_N1,,,,,,,,,,,,,
IT1:25_74_DF_DCIS_NATI1_8(1.0),A,ITD1,LBIRTHES_FROM2017,TOTAL,Y18,TOTAL,ALL,99,99,ALL,ALL,WORLD,9,2019,8,,,,TIPO_DATO15__LBIRTHES_FROM2017_N1,,,,,,,,,,,,,
IT1:25_74_DF_DCIS_NATI1_8(1.0),A,ITD1,LBIRTHES_FROM2017,TOTAL,Y19,TOTAL,ALL,99,99,ALL,ALL,WORLD,9,2019,25,,,,TIPO_DATO15__LBIRTHES_FROM2017_N1,,,,,,,,,,,,,
IT1:25_74_DF_DCIS_NATI1_8(1.0),A,ITD1,LBIRTHES_FROM2017,TOTAL,Y20,TOTAL,ALL,99,99,ALL,ALL,WORLD,9,2019,51,,,,TIPO_DATO15__LBIRTHES_FROM2017_N1,,,,,,,,,,,,,
IT1:25_74_DF_DCIS_NATI1_8(1.0),A,ITD1,LBIRTHES_FROM2017,TOTAL,Y21,TOTAL,ALL,99,99,ALL,ALL,WORLD,9,2019,65,,,,TIPO_DATO15__LBIRTHES_FROM2017_N1,,,,,,,,,,,,,
IT1:25_74_DF_DCIS_NATI1_8(1.0),A,ITD1,LBIRTHES_FROM2017,TOTAL,Y22,TOTAL,ALL,99,99,ALL,ALL,WORLD,9,2019,87,,,,TIPO_DATO15__LBIRTHES_FROM2017_N1,,,,,,,,,,,,,
IT1:25_74_DF_DCIS_NATI1_8(1.0),A,ITD1,LBIRTHES_FROM2017,TOTAL,Y23,TOTAL,ALL,99,99,ALL,ALL,WORLD,9,2019,123,,,,TIPO_DATO15__LBIRTHES_FROM2017_N1,,,,,,,,,,,,,
IT1:25_74_DF_DCIS_NATI1_8(1.0),A,ITD1,LBIRTHES_FROM2017,TOTAL,Y24,TOTAL,ALL,99,99,ALL,ALL,WORLD,9,2019,140,,,,TIPO_DATO15__LBIRTHES_FROM2017_N1,,,,,,,,,,,,,
IT1:25_74_DF_DCIS_NATI1_8(1.0),A,ITD1,LBIRTHES_FROM2017,TOTAL,Y25,TOTAL,ALL,99,99,ALL,ALL,WORLD,9,2019,199,,,,TIPO_DATO15__LBIRTHES_FROM2017_N1,,,,,,,,,,,,,
IT1:25_74_DF_DCIS_NATI1_8(1.0),A,ITD2,LBIRTHES_FROM2017,FRG,Y_UN17,TOTAL,ALL,99,99,ALL,ALL,WORLD,9,2019,0,,,,TIPO_DATO15__LBIRTHES_FROM2017_N1,,,,,,,,,,,,,
IT1:25_74_DF_DCIS_NATI1_8(1.0),A,ITD2,LBIRTHES_FROM2017,FRG,Y18,TOTAL,ALL,99,99,ALL,ALL,WORLD,9,2019,2,,,,TIPO_DATO15__LBIRTHES_FROM2017_N1,,,,,,,,,,,,,
IT1:25_74_DF_DCIS_NATI1_8(1.0),A,ITD2,LBIRTHES_FROM2017,FRG,Y19,TOTAL,ALL,99,99,ALL,ALL,WORLD,9,2019,9,,,,TIPO_DATO15__LBIRTHES_FROM2017_N1,,,,,,,,,,,,,
IT1:25_74_DF_DCIS_NATI1_8(1.0),A,ITD2,LBIRTHES_FROM2017,FRG,Y20,TOTAL,ALL,99,99,ALL,ALL,WORLD,9,2019,18,,,,TIPO_DATO15__LBIRTHES_FROM2017_N1,,,,,,,,,,,,,
IT1:25_74_DF_DCIS_NATI1_8(1.0),A,ITD2,LBIRTHES_FROM2017,FRG,Y21,TOTAL,ALL,99,99,ALL,ALL,WORLD,9,2019,28,,,,TIPO_DATO15__LBIRTHES_FROM2017_N1,,,,,,,,,,,,,
IT1:25_74_DF_DCIS_NATI1_8(1.0),A,ITD2,LBIRTHES_FROM2017,FRG,Y22,TOTAL,ALL,99,99,ALL,ALL,WORLD,9,2019,29,,,,TIPO_DATO15__LBIRTHES_FROM2017_N1,,,,,,,,,,,,,
IT1:25_74_DF_DCIS_NATI1_8(1.0),A,ITD2,LBIRTHES_FROM2017,FRG,Y23,TOTAL,ALL,99,99,ALL,ALL,WORLD,9,2019,40,,,,TIPO_DATO15__LBIRTHES_FROM2017_N1,,,,,,,,,,,,,
IT1:25_74_DF_DCIS_NATI1_8(1.0),A,ITD2,LBIRTHES_FROM2017,FRG,Y24,TOTAL,ALL,99,99,ALL,ALL,WORLD,9,2019,38,,,,TIPO_DATO15__LBIRTHES_FROM2017_N1,,,,,,,,,,,,,
IT1:25_74_DF_DCIS_NATI1_8(1.0),A,ITD2,LBIRTHES_FROM2017,FRG,Y25,TOTAL,ALL,99,99,ALL,ALL,WORLD,9,2019,48,,,,TIPO_DATO15__LBIRTHES_FROM2017_N1,,,,,,,,,,,,,
IT1:25_74_DF_DCIS_NATI1_8(1.0),A,ITD2,LBIRTHES_FROM2017,ITL,Y_UN17,TOTAL,ALL,99,99,ALL,ALL,WORLD,9,2019,4,,,,TIPO_DATO15__LBIRTHES_FROM2017_N1,,,,,,,,,,,,,
IT1:25_74_DF_DCIS_NATI1_8(1.0),A,ITD2,LBIRTHES_FROM2017,ITL,Y18,TOTAL,ALL,99,99,ALL,ALL,WORLD,9,2019,2,,,,TIPO_DATO15__LBIRTHES_FROM2017_N1,,,,,,,,,,,,,
IT1:25_74_DF_DCIS_NATI1_8(1.0),A,ITD2,LBIRTHES_FROM2017,ITL,Y19,TOTAL,ALL,99,99,ALL,ALL,WORLD,9,2019,8,,,,TIPO_DATO15__LBIRTHES_FROM2017_N1,,,,,,,,,,,,,
IT1:25_74_DF_DCIS_NATI1_8(1.0),A,ITD2,LBIRTHES_FROM2017,ITL,Y20,TOTAL,ALL,99,99,ALL,ALL,WORLD,9,2019,8,,,,TIPO_DATO15__LBIRTHES_FROM2017_N1,,,,,,,,,,,,,
IT1:25_74_DF_DCIS_NATI1_8(1.0),A,ITD2,LBIRTHES_FROM2017,ITL,Y21,TOTAL,ALL,99,99,ALL,ALL,WORLD,9,2019,17,,,,TIPO_DATO15__LBIRTHES_FROM2017_N1,,,,,,,,,,,,,
IT1:25_74_DF_DCIS_NATI1_8(1.0),A,ITD2,LBIRTHES_FROM2017,ITL,Y22,TOTAL,ALL,99,99,ALL,ALL,WORLD,9,2019,24,,,,TIPO_DATO15__LBIRTHES_FROM2017_N1,,,,,,,,,,,,,
IT1:25_74_DF_DCIS_NATI1_8(1.0),A,ITD2,LBIRTHES_FROM2017,ITL,Y23,TOTAL,ALL,99,99,ALL,ALL,WORLD,9,2019,33,,,,TIPO_DATO15__LBIRTHES_FROM2017_N1,,,,,,,,,,,,,
IT1:25_74_DF_DCIS_NATI1_8(1.0),A,ITD2,LBIRTHES_FROM2017,ITL,Y24,TOTAL,ALL,99,99,ALL,ALL,WORLD,9,2019,53,,,,TIPO_DATO15__LBIRTHES_FROM2017_N1,,,,,,,,,,,,,
IT1:25_74_DF_DCIS_NATI1_8(1.0),A,ITD2,LBIRTHES_FROM2017,ITL,Y25,TOTAL,ALL,99,99,ALL,ALL,WORLD,9,2019,70,,,,TIPO_DATO15__LBIRTHES_FROM2017_N1,,,,,,,,,,,,,
IT1:25_74_DF_DCIS_NATI1_8(1.0),A,ITD2,LBIRTHES_FROM2017,TOTAL,Y_UN17,TOTAL,ALL,99,99,ALL,ALL,WORLD,9,2019,4,,,,TIPO_DATO15__LBIRTHES_FROM2017_N1,,,,,,,,,,,,,
IT1:25_74_DF_DCIS_NATI1_8(1.0),A,ITD2,LBIRTHES_FROM2017,TOTAL,Y18,TOTAL,ALL,99,99,ALL,ALL,WORLD,9,2019,4,,,,TIPO_DATO15__LBIRTHES_FROM2017_N1,,,,,,,,,,,,,
IT1:25_74_DF_DCIS_NATI1_8(1.0),A,ITD2,LBIRTHES_FROM2017,TOTAL,Y19,TOTAL,ALL,99,99,ALL,ALL,WORLD,9,2019,17,,,,TIPO_DATO15__LBIRTHES_FROM2017_N1,,,,,,,,,,,,,
IT1:25_74_DF_DCIS_NATI1_8(1.0),A,ITD2,LBIRTHES_FROM2017,TOTAL,Y20,TOTAL,ALL,99,99,ALL,ALL,WORLD,9,2019,26,,,,TIPO_DATO15__LBIRTHES_FROM2017_N1,,,,,,,,,,,,,
IT1:25_74_DF_DCIS_NATI1_8(1.0),A,ITD2,LBIRTHES_FROM2017,TOTAL,Y21,TOTAL,ALL,99,99,ALL,ALL,WORLD,9,2019,45,,,,TIPO_DATO15__LBIRTHES_FROM2017_N1,,,,,,,,,,,,,
IT1:25_74_DF_DCIS_NATI1_8(1.0),A,ITD2,LBIRTHES_FROM2017,TOTAL,Y22,TOTAL,ALL,99,99,ALL,ALL,WORLD,9,2019,53,,,,TIPO_DATO15__LBIRTHES_FROM2017_N1,,,,,,,,,,,,,
IT1:25_74_DF_DCIS_NATI1_8(1.0),A,ITD2,LBIRTHES_FROM2017,TOTAL,Y23,TOTAL,ALL,99,99,ALL,ALL,WORLD,9,2019,73,,,,TIPO_DATO15__LBIRTHES_FROM2017_N1,,,,,,,,,,,,,
IT1:25_74_DF_DCIS_NATI1_8(1.0),A,ITD2,LBIRTHES_FROM2017,TOTAL,Y24,TOTAL,ALL,99,99,ALL,ALL,WORLD,9,2019,91,,,,TIPO_DATO15__LBIRTHES_FROM2017_N1,,,,,,,,,,,,,
IT1:25_74_DF_DCIS_NATI1_8(1.0),A,ITD2,LBIRTHES_FROM2017,TOTAL,Y25,TOTAL,ALL,99,99,ALL,ALL,WORLD,9,2019,118,,,,TIPO_DATO15__LBIRTHES_FROM2017_N1,,,,,,,,,,,,,
IT1:25_74_DF_DCIS_NATI1_8(1.0),A,ITD3,LBIRTHES_FROM2017,FRG,Y_UN17,TOTAL,ALL,99,99,ALL,ALL,WORLD,9,2019,12,,,,TIPO_DATO15__LBIRTHES_FROM2017_N1,,,,,,,,,,,,,
IT1:25_74_DF_DCIS_NATI1_8(1.0),A,ITD3,LBIRTHES_FROM2017,FRG,Y18,TOTAL,ALL,99,99,ALL,ALL,WORLD,9,2019,24,,,,TIPO_DATO15__LBIRTHES_FROM2017_N1,,,,,,,,,,,,,
IT1:25_74_DF_DCIS_NATI1_8(1.0),A,ITD3,LBIRTHES_FROM2017,FRG,Y19,TOTAL,ALL,99,99,ALL,ALL,WORLD,9,2019,75,,,,TIPO_DATO15__LBIRTHES_FROM2017_N1,,,,,,,,,,,,,
IT1:25_74_DF_DCIS_NATI1_8(1.0),A,ITD3,LBIRTHES_FROM2017,FRG,Y20,TOTAL,ALL,99,99,ALL,ALL,WORLD,9,2019,126,,,,TIPO_DATO15__LBIRTHES_FROM2017_N1,,,,,,,,,,,,,
IT1:25_74_DF_DCIS_NATI1_8(1.0),A,ITD3,LBIRTHES_FROM2017,FRG,Y21,TOTAL,ALL,99,99,ALL,ALL,WORLD,9,2019,216,,,,TIPO_DATO15__LBIRTHES_FROM2017_N1,,,,,,,,,,,,,
IT1:25_74_DF_DCIS_NATI1_8(1.0),A,ITD3,LBIRTHES_FROM2017,FRG,Y22,TOTAL,ALL,99,99,ALL,ALL,WORLD,9,2019,266,,,,TIPO_DATO15__LBIRTHES_FROM2017_N1,,,,,,,,,,,,,
IT1:25_74_DF_DCIS_NATI1_8(1.0),A,ITD3,LBIRTHES_FROM2017,FRG,Y23,TOTAL,ALL,99,99,ALL,ALL,WORLD,9,2019,341,,,,TIPO_DATO15__LBIRTHES_FROM2017_N1,,,,,,,,,,,,,
IT1:25_74_DF_DCIS_NATI1_8(1.0),A,ITD3,LBIRTHES_FROM2017,FRG,Y24,TOTAL,ALL,99,99,ALL,ALL,WORLD,9,2019,421,,,,TIPO_DATO15__LBIRTHES_FROM2017_N1,,,,,,,,,,,,,
IT1:25_74_DF_DCIS_NATI1_8(1.0),A,ITD3,LBIRTHES_FROM2017,FRG,Y25,TOTAL,ALL,99,99,ALL,ALL,WORLD,9,2019,438,,,,TIPO_DATO15__LBIRTHES_FROM2017_N1,,,,,,,,,,,,,
IT1:25_74_DF_DCIS_NATI1_8(1.0),A,ITD3,LBIRTHES_FROM2017,ITL,Y_UN17,TOTAL,ALL,99,99,ALL,ALL,WORLD,9,2019,20,,,,TIPO_DATO15__LBIRTHES_FROM2017_N1,,,,,,,,,,,,,
IT1:25_74_DF_DCIS_NATI1_8(1.0),A,ITD3,LBIRTHES_FROM2017,ITL,Y18,TOTAL,ALL,99,99,ALL,ALL,WORLD,9,2019,41,,,,TIPO_DATO15__LBIRTHES_FROM2017_N1,,,,,,,,,,,,,
IT1:25_74_DF_DCIS_NATI1_8(1.0),A,ITD3,LBIRTHES_FROM2017,ITL,Y19,TOTAL,ALL,99,99,ALL,ALL,WORLD,9,2019,79,,,,TIPO_DATO15__LBIRTHES_FROM2017_N1,,,,,,,,,,,,,
IT1:25_74_DF_DCIS_NATI1_8(1.0),A,ITD3,LBIRTHES_FROM2017,ITL,Y20,TOTAL,ALL,99,99,ALL,ALL,WORLD,9,2019,104,,,,TIPO_DATO15__LBIRTHES_FROM2017_N1,,,,,,,,,,,,,
IT1:25_74_DF_DCIS_NATI1_8(1.0),A,ITD3,LBIRTHES_FROM2017,ITL,Y21,TOTAL,ALL,99,99,ALL,ALL,WORLD,9,2019,147,,,,TIPO_DATO15__LBIRTHES_FROM2017_N1,,,,,,,,,,,,,
IT1:25_74_DF_DCIS_NATI1_8(1.0),A,ITD3,LBIRTHES_FROM2017,ITL,Y22,TOTAL,ALL,99,99,ALL,ALL,WORLD,9,2019,191,,,,TIPO_DATO15__LBIRTHES_FROM2017_N1,,,,,,,,,,,,,
IT1:25_74_DF_DCIS_NATI1_8(1.0),A,ITD3,LBIRTHES_FROM2017,ITL,Y23,TOTAL,ALL,99,99,ALL,ALL,WORLD,9,2019,251,,,,TIPO_DATO15__LBIRTHES_FROM2017_N1,,,,,,,,,,,,,
IT1:25_74_DF_DCIS_NATI1_8(1.0),A,ITD3,LBIRTHES_FROM2017,ITL,Y24,TOTAL,ALL,99,99,ALL,ALL,WORLD,9,2019,336,,,,TIPO_DATO15__LBIRTHES_FROM2017_N1,,,,,,,,,,,,,
IT1:25_74_DF_DCIS_NATI1_8(1.0),A,ITD3,LBIRTHES_FROM2017,ITL,Y25,TOTAL,ALL,99,99,ALL,ALL,WORLD,9,2019,467,,,,TIPO_DATO15__LBIRTHES_FROM2017_N1,,,,,,,,,,,,,
IT1:25_74_DF_DCIS_NATI1_8(1.0),A,ITD3,LBIRTHES_FROM2017,TOTAL,Y_UN17,TOTAL,ALL,99,99,ALL,ALL,WORLD,9,2019,32,,,,TIPO_DATO15__LBIRTHES_FROM2017_N1,,,,,,,,,,,,,
IT1:25_74_DF_DCIS_NATI1_8(1.0),A,ITD3,LBIRTHES_FROM2017,TOTAL,Y18,TOTAL,ALL,99,99,ALL,ALL,WORLD,9,2019,65,,,,TIPO_DATO15__LBIRTHES_FROM2017_N1,,,,,,,,,,,,,
IT1:25_74_DF_DCIS_NATI1_8(1.0),A,ITD3,LBIRTHES_FROM2017,TOTAL,Y19,TOTAL,ALL,99,99,ALL,ALL,WORLD,9,2019,154,,,,TIPO_DATO15__LBIRTHES_FROM2017_N1,,,,,,,,,,,,,
IT1:25_74_DF_DCIS_NATI1_8(1.0),A,ITD3,LBIRTHES_FROM2017,TOTAL,Y20,TOTAL,ALL,99,99,ALL,ALL,WORLD,9,2019,230,,,,TIPO_DATO15__LBIRTHES_FROM2017_N1,,,,,,,,,,,,,
IT1:25_74_DF_DCIS_NATI1_8(1.0),A,ITD3,LBIRTHES_FROM2017,TOTAL,Y21,TOTAL,ALL,99,99,ALL,ALL,WORLD,9,2019,363,,,,TIPO_DATO15__LBIRTHES_FROM2017_N1,,,,,,,,,,,,,
IT1:25_74_DF_DCIS_NATI1_8(1.0),A,ITD3,LBIRTHES_FROM2017,TOTAL,Y22,TOTAL,ALL,99,99,ALL,ALL,WORLD,9,2019,457,,,,TIPO_DATO15__LBIRTHES_FROM2017_N1,,,,,,,,,,,,,
IT1:25_74_DF_DCIS_NATI1_8(1.0),A,ITD3,LBIRTHES_FROM2017,TOTAL,Y23,TOTAL,ALL,99,99,ALL,ALL,WORLD,9,2019,592,,,,TIPO_DATO15__LBIRTHES_FROM2017_N1,,,,,,,,,,,,,
IT1:25_74_DF_DCIS_NATI1_8(1.0),A,ITD3,LBIRTHES_FROM2017,TOTAL,Y24,TOTAL,ALL,99,99,ALL,ALL,WORLD,9,2019,757,,,,TIPO_DATO15__LBIRTHES_FROM2017_N1,,,,,,,,,,,,,
IT1:25_74_DF_DCIS_NATI1_8(1.0),A,ITD3,LBIRTHES_FROM2017,TOTAL,Y25,TOTAL,ALL,99,99,ALL,ALL,WORLD,9,2019,905,,,,TIPO_DATO15__LBIRTHES_FROM2017_N1,,,,,,,,,,,,,
IT1:25_74_DF_DCIS_NATI1_8(1.0),A,ITD4,LBIRTHES_FROM2017,FRG,Y_UN17,TOTAL,ALL,99,99,ALL,ALL,WORLD,9,2019,2,,,,TIPO_DATO15__LBIRTHES_FROM2017_N1,,,,,,,,,,,,,
IT1:25_74_DF_DCIS_NATI1_8(1.0),A,ITD4,LBIRTHES_FROM2017,FRG,Y18,TOTAL,ALL,99,99,ALL,ALL,WORLD,9,2019,6,,,,TIPO_DATO15__LBIRTHES_FROM2017_N1,,,,,,,,,,,,,
IT1:25_74_DF_DCIS_NATI1_8(1.0),A,ITD4,LBIRTHES_FROM2017,FRG,Y19,TOTAL,ALL,99,99,ALL,ALL,WORLD,9,2019,17,,,,TIPO_DATO15__LBIRTHES_FROM2017_N1,,,,,,,,,,,,,
IT1:25_74_DF_DCIS_NATI1_8(1.0),A,ITD4,LBIRTHES_FROM2017,FRG,Y20,TOTAL,ALL,99,99,ALL,ALL,WORLD,9,2019,25,,,,TIPO_DATO15__LBIRTHES_FROM2017_N1,,,,,,,,,,,,,
IT1:25_74_DF_DCIS_NATI1_8(1.0),A,ITD4,LBIRTHES_FROM2017,FRG,Y21,TOTAL,ALL,99,99,ALL,ALL,WORLD,9,2019,49,,,,TIPO_DATO15__LBIRTHES_FROM2017_N1,,,,,,,,,,,,,
IT1:25_74_DF_DCIS_NATI1_8(1.0),A,ITD4,LBIRTHES_FROM2017,FRG,Y22,TOTAL,ALL,99,99,ALL,ALL,WORLD,9,2019,58,,,,TIPO_DATO15__LBIRTHES_FROM2017_N1,,,,,,,,,,,,,
IT1:25_74_DF_DCIS_NATI1_8(1.0),A,ITD4,LBIRTHES_FROM2017,FRG,Y23,TOTAL,ALL,99,99,ALL,ALL,WORLD,9,2019,76,,,,TIPO_DATO15__LBIRTHES_FROM2017_N1,,,,,,,,,,,,,
IT1:25_74_DF_DCIS_NATI1_8(1.0),A,ITD4,LBIRTHES_FROM2017,FRG,Y24,TOTAL,ALL,99,99,ALL,ALL,WORLD,9,2019,91,,,,TIPO_DATO15__LBIRTHES_FROM2017_N1,,,,,,,,,,,,,
IT1:25_74_DF_DCIS_NATI1_8(1.0),A,ITD4,LBIRTHES_FROM2017,FRG,Y25,TOTAL,ALL,99,99,ALL,ALL,WORLD,9,2019,102,,,,TIPO_DATO15__LBIRTHES_FROM2017_N1,,,,,,,,,,,,,
IT1:25_74_DF_DCIS_NATI1_8(1.0),A,ITD4,LBIRTHES_FROM2017,ITL,Y_UN17,TOTAL,ALL,99,99,ALL,ALL,WORLD,9,2019,2,,,,TIPO_DATO15__LBIRTHES_FROM2017_N1,,,,,,,,,,,,,
IT1:25_74_DF_DCIS_NATI1_8(1.0),A,ITD4,LBIRTHES_FROM2017,ITL,Y18,TOTAL,ALL,99,99,ALL,ALL,WORLD,9,2019,9,,,,TIPO_DATO15__LBIRTHES_FROM2017_N1,,,,,,,,,,,,,
IT1:25_74_DF_DCIS_NATI1_8(1.0),A,ITD4,LBIRTHES_FROM2017,ITL,Y19,TOTAL,ALL,99,99,ALL,ALL,WORLD,9,2019,22,,,,TIPO_DATO15__LBIRTHES_FROM2017_N1,,,,,,,,,,,,,
IT1:25_74_DF_DCIS_NATI1_8(1.0),A,ITD4,LBIRTHES_FROM2017,ITL,Y20,TOTAL,ALL,99,99,ALL,ALL,WORLD,9,2019,33,,,,TIPO_DATO15__LBIRTHES_FROM2017_N1,,,,,,,,,,,,,
IT1:25_74_DF_DCIS_NATI1_8(1.0),A,ITD4,LBIRTHES_FROM2017,ITL,Y21,TOTAL,ALL,99,99,ALL,ALL,WORLD,9,2019,30,,,,TIPO_DATO15__LBIRTHES_FROM2017_N1,,,,,,,,,,,,,
IT1:25_74_DF_DCIS_NATI1_8(1.0),A,ITD4,LBIRTHES_FROM2017,ITL,Y22,TOTAL,ALL,99,99,ALL,ALL,WORLD,9,2019,51,,,,TIPO_DATO15__LBIRTHES_FROM2017_N1,,,,,,,,,,,,,
IT1:25_74_DF_DCIS_NATI1_8(1.0),A,ITD4,LBIRTHES_FROM2017,ITL,Y23,TOTAL,ALL,99,99,ALL,ALL,WORLD,9,2019,60,,,,TIPO_DATO15__LBIRTHES_FROM2017_N1,,,,,,,,,,,,,
IT1:25_74_DF_DCIS_NATI1_8(1.0),A,ITD4,LBIRTHES_FROM2017,ITL,Y24,TOTAL,ALL,99,99,ALL,ALL,WORLD,9,2019,81,,,,TIPO_DATO15__LBIRTHES_FROM2017_N1,,,,,,,,,,,,,
IT1:25_74_DF_DCIS_NATI1_8(1.0),A,ITD4,LBIRTHES_FROM2017,ITL,Y25,TOTAL,ALL,99,99,ALL,ALL,WORLD,9,2019,117,,,,TIPO_DATO15__LBIRTHES_FROM2017_N1,,,,,,,,,,,,,
IT1:25_74_DF_DCIS_NATI1_8(1.0),A,ITD4,LBIRTHES_FROM2017,TOTAL,Y_UN17,TOTAL,ALL,99,99,ALL,ALL,WORLD,9,2019,4,,,,TIPO_DATO15__LBIRTHES_FROM2017_N1,,,,,,,,,,,,,
IT1:25_74_DF_DCIS_NATI1_8(1.0),A,ITD4,LBIRTHES_FROM2017,TOTAL,Y18,TOTAL,ALL,99,99,ALL,ALL,WORLD,9,2019,15,,,,TIPO_DATO15__LBIRTHES_FROM2017_N1,,,,,,,,,,,,,
IT1:25_74_DF_DCIS_NATI1_8(1.0),A,ITD4,LBIRTHES_FROM2017,TOTAL,Y19,TOTAL,ALL,99,99,ALL,ALL,WORLD,9,2019,39,,,,TIPO_DATO15__LBIRTHES_FROM2017_N1,,,,,,,,,,,,,
IT1:25_74_DF_DCIS_NATI1_8(1.0),A,ITD4,LBIRTHES_FROM2017,TOTAL,Y20,TOTAL,ALL,99,99,ALL,ALL,WORLD,9,2019,58,,,,TIPO_DATO15__LBIRTHES_FROM2017_N1,,,,,,,,,,,,,
IT1:25_74_DF_DCIS_NATI1_8(1.0),A,ITD4,LBIRTHES_FROM2017,TOTAL,Y21,TOTAL,ALL,99,99,ALL,ALL,WORLD,9,2019,79,,,,TIPO_DATO15__LBIRTHES_FROM2017_N1,,,,,,,,,,,,,
IT1:25_74_DF_DCIS_NATI1_8(1.0),A,ITD4,LBIRTHES_FROM2017,TOTAL,Y22,TOTAL,ALL,99,99,ALL,ALL,WORLD,9,2019,109,,,,TIPO_DATO15__LBIRTHES_FROM2017_N1,,,,,,,,,,,,,
IT1:25_74_DF_DCIS_NATI1_8(1.0),A,ITD4,LBIRTHES_FROM2017,TOTAL,Y23,TOTAL,ALL,99,99,ALL,ALL,WORLD,9,2019,136,,,,TIPO_DATO15__LBIRTHES_FROM2017_N1,,,,,,,,,,,,,
IT1:25_74_DF_DCIS_NATI1_8(1.0),A,ITD4,LBIRTHES_FROM2017,TOTAL,Y24,TOTAL,ALL,99,99,ALL,ALL,WORLD,9,2019,172,,,,TIPO_DATO15__LBIRTHES_FROM2017_N1,,,,,,,,,,,,,
IT1:25_74_DF_DCIS_NATI1_8(1.0),A,ITD4,LBIRTHES_FROM2017,TOTAL,Y25,TOTAL,ALL,99,99,ALL,ALL,WORLD,9,2019,219,,,,TIPO_DATO15__LBIRTHES_FROM2017_N1,,,,,,,,,,,,,
IT1:25_74_DF_DCIS_NATI1_8(1.0),A,ITD5,LBIRTHES_FROM2017,FRG,Y_UN17,TOTAL,ALL,99,99,ALL,ALL,WORLD,9,2019,19,,,,TIPO_DATO15__LBIRTHES_FROM2017_N1,,,,,,,,,,,,,
IT1:25_74_DF_DCIS_NATI1_8(1.0),A,ITD5,LBIRTHES_FROM2017,FRG,Y18,TOTAL,ALL,99,99,ALL,ALL,WORLD,9,2019,28,,,,TIPO_DATO15__LBIRTHES_FROM2017_N1,,,,,,,,,,,,,
IT1:25_74_DF_DCIS_NATI1_8(1.0),A,ITD5,LBIRTHES_FROM2017,FRG,Y19,TOTAL,ALL,99,99,ALL,ALL,WORLD,9,2019,89,,,,TIPO_DATO15__LBIRTHES_FROM2017_N1,,,,,,,,,,,,,
IT1:25_74_DF_DCIS_NATI1_8(1.0),A,ITD5,LBIRTHES_FROM2017,FRG,Y20,TOTAL,ALL,99,99,ALL,ALL,WORLD,9,2019,143,,,,TIPO_DATO15__LBIRTHES_FROM2017_N1,,,,,,,,,,,,,
IT1:25_74_DF_DCIS_NATI1_8(1.0),A,ITD5,LBIRTHES_FROM2017,FRG,Y21,TOTAL,ALL,99,99,ALL,ALL,WORLD,9,2019,193,,,,TIPO_DATO15__LBIRTHES_FROM2017_N1,,,,,,,,,,,,,
IT1:25_74_DF_DCIS_NATI1_8(1.0),A,ITD5,LBIRTHES_FROM2017,FRG,Y22,TOTAL,ALL,99,99,ALL,ALL,WORLD,9,2019,318,,,,TIPO_DATO15__LBIRTHES_FROM2017_N1,,,,,,,,,,,,,
IT1:25_74_DF_DCIS_NATI1_8(1.0),A,ITD5,LBIRTHES_FROM2017,FRG,Y23,TOTAL,ALL,99,99,ALL,ALL,WORLD,9,2019,366,,,,TIPO_DATO15__LBIRTHES_FROM2017_N1,,,,,,,,,,,,,
IT1:25_74_DF_DCIS_NATI1_8(1.0),A,ITD5,LBIRTHES_FROM2017,FRG,Y24,TOTAL,ALL,99,99,ALL,ALL,WORLD,9,2019,427,,,,TIPO_DATO15__LBIRTHES_FROM2017_N1,,,,,,,,,,,,,
IT1:25_74_DF_DCIS_NATI1_8(1.0),A,ITD5,LBIRTHES_FROM2017,FRG,Y25,TOTAL,ALL,99,99,ALL,ALL,WORLD,9,2019,491,,,,TIPO_DATO15__LBIRTHES_FROM2017_N1,,,,,,,,,,,,,
IT1:25_74_DF_DCIS_NATI1_8(1.0),A,ITD5,LBIRTHES_FROM2017,ITL,Y_UN17,TOTAL,ALL,99,99,ALL,ALL,WORLD,9,2019,26,,,,TIPO_DATO15__LBIRTHES_FROM2017_N1,,,,,,,,,,,,,
IT1:25_74_DF_DCIS_NATI1_8(1.0),A,ITD5,LBIRTHES_FROM2017,ITL,Y18,TOTAL,ALL,99,99,ALL,ALL,WORLD,9,2019,36,,,,TIPO_DATO15__LBIRTHES_FROM2017_N1,,,,,,,,,,,,,
IT1:25_74_DF_DCIS_NATI1_8(1.0),A,ITD5,LBIRTHES_FROM2017,ITL,Y19,TOTAL,ALL,99,99,ALL,ALL,WORLD,9,2019,51,,,,TIPO_DATO15__LBIRTHES_FROM2017_N1,,,,,,,,,,,,,
IT1:25_74_DF_DCIS_NATI1_8(1.0),A,ITD5,LBIRTHES_FROM2017,ITL,Y20,TOTAL,ALL,99,99,ALL,ALL,WORLD,9,2019,91,,,,TIPO_DATO15__LBIRTHES_FROM2017_N1,,,,,,,,,,,,,
IT1:25_74_DF_DCIS_NATI1_8(1.0),A,ITD5,LBIRTHES_FROM2017,ITL,Y21,TOTAL,ALL,99,99,ALL,ALL,WORLD,9,2019,135,,,,TIPO_DATO15__LBIRTHES_FROM2017_N1,,,,,,,,,,,,,
IT1:25_74_DF_DCIS_NATI1_8(1.0),A,ITD5,LBIRTHES_FROM2017,ITL,Y22,TOTAL,ALL,99,99,ALL,ALL,WORLD,9,2019,174,,,,TIPO_DATO15__LBIRTHES_FROM2017_N1,,,,,,,,,,,,,
IT1:25_74_DF_DCIS_NATI1_8(1.0),A,ITD5,LBIRTHES_FROM2017,ITL,Y23,TOTAL,ALL,99,99,ALL,ALL,WORLD,9,2019,254,,,,TIPO_DATO15__LBIRTHES_FROM2017_N1,,,,,,,,,,,,,
IT1:25_74_DF_DCIS_NATI1_8(1.0),A,ITD5,LBIRTHES_FROM2017,ITL,Y24,TOTAL,ALL,99,99,ALL,ALL,WORLD,9,2019,298,,,,TIPO_DATO15__LBIRTHES_FROM2017_N1,,,,,,,,,,,,,
IT1:25_74_DF_DCIS_NATI1_8(1.0),A,ITD5,LBIRTHES_FROM2017,ITL,Y25,TOTAL,ALL,99,99,ALL,ALL,WORLD,9,2019,432,,,,TIPO_DATO15__LBIRTHES_FROM2017_N1,,,,,,,,,,,,,
IT1:25_74_DF_DCIS_NATI1_8(1.0),A,ITD5,LBIRTHES_FROM2017,TOTAL,Y_UN17,TOTAL,ALL,99,99,ALL,ALL,WORLD,9,2019,45,,,,TIPO_DATO15__LBIRTHES_FROM2017_N1,,,,,,,,,,,,,
IT1:25_74_DF_DCIS_NATI1_8(1.0),A,ITD5,LBIRTHES_FROM2017,TOTAL,Y18,TOTAL,ALL,99,99,ALL,ALL,WORLD,9,2019,64,,,,TIPO_DATO15__LBIRTHES_FROM2017_N1,,,,,,,,,,,,,
IT1:25_74_DF_DCIS_NATI1_8(1.0),A,ITD5,LBIRTHES_FROM2017,TOTAL,Y19,TOTAL,ALL,99,99,ALL,ALL,WORLD,9,2019,140,,,,TIPO_DATO15__LBIRTHES_FROM2017_N1,,,,,,,,,,,,,
IT1:25_74_DF_DCIS_NATI1_8(1.0),A,ITD5,LBIRTHES_FROM2017,TOTAL,Y20,TOTAL,ALL,99,99,ALL,ALL,WORLD,9,2019,234,,,,TIPO_DATO15__LBIRTHES_FROM2017_N1,,,,,,,,,,,,,
IT1:25_74_DF_DCIS_NATI1_8(1.0),A,ITD5,LBIRTHES_FROM2017,TOTAL,Y21,TOTAL,ALL,99,99,ALL,ALL,WORLD,9,2019,328,,,,TIPO_DATO15__LBIRTHES_FROM2017_N1,,,,,,,,,,,,,
IT1:25_74_DF_DCIS_NATI1_8(1.0),A,ITD5,LBIRTHES_FROM2017,TOTAL,Y22,TOTAL,ALL,99,99,ALL,ALL,WORLD,9,2019,492,,,,TIPO_DATO15__LBIRTHES_FROM2017_N1,,,,,,,,,,,,,
IT1:25_74_DF_DCIS_NATI1_8(1.0),A,ITD5,LBIRTHES_FROM2017,TOTAL,Y23,TOTAL,ALL,99,99,ALL,ALL,WORLD,9,2019,620,,,,TIPO_DATO15__LBIRTHES_FROM2017_N1,,,,,,,,,,,,,
IT1:25_74_DF_DCIS_NATI1_8(1.0),A,ITD5,LBIRTHES_FROM2017,TOTAL,Y24,TOTAL,ALL,99,99,ALL,ALL,WORLD,9,2019,725,,,,TIPO_DATO15__LBIRTHES_FROM2017_N1,,,,,,,,,,,,,
IT1:25_74_DF_DCIS_NATI1_8(1.0),A,ITD5,LBIRTHES_FROM2017,TOTAL,Y25,TOTAL,ALL,99,99,ALL,ALL,WORLD,9,2019,923,,,,TIPO_DATO15__LBIRTHES_FROM2017_N1,,,,,,,,,,,,,
IT1:25_74_DF_DCIS_NATI1_8(1.0),A,ITDA,LBIRTHES_FROM2017,FRG,Y_UN17,TOTAL,ALL,99,99,ALL,ALL,WORLD,9,2019,1,,,,TIPO_DATO15__LBIRTHES_FROM2017_N1,,,,,,,,,,,,,
IT1:25_74_DF_DCIS_NATI1_8(1.0),A,ITDA,LBIRTHES_FROM2017,FRG,Y18,TOTAL,ALL,99,99,ALL,ALL,WORLD,9,2019,3,,,,TIPO_DATO15__LBIRTHES_FROM2017_N1,,,,,,,,,,,,,
IT1:25_74_DF_DCIS_NATI1_8(1.0),A,ITDA,LBIRTHES_FROM2017,FRG,Y19,TOTAL,ALL,99,99,ALL,ALL,WORLD,9,2019,18,,,,TIPO_DATO15__LBIRTHES_FROM2017_N1,,,,,,,,,,,,,
IT1:25_74_DF_DCIS_NATI1_8(1.0),A,ITDA,LBIRTHES_FROM2017,FRG,Y20,TOTAL,ALL,99,99,ALL,ALL,WORLD,9,2019,36,,,,TIPO_DATO15__LBIRTHES_FROM2017_N1,,,,,,,,,,,,,
IT1:25_74_DF_DCIS_NATI1_8(1.0),A,ITDA,LBIRTHES_FROM2017,FRG,Y21,TOTAL,ALL,99,99,ALL,ALL,WORLD,9,2019,57,,,,TIPO_DATO15__LBIRTHES_FROM2017_N1,,,,,,,,,,,,,
IT1:25_74_DF_DCIS_NATI1_8(1.0),A,ITDA,LBIRTHES_FROM2017,FRG,Y22,TOTAL,ALL,99,99,ALL,ALL,WORLD,9,2019,63,,,,TIPO_DATO15__LBIRTHES_FROM2017_N1,,,,,,,,,,,,,
IT1:25_74_DF_DCIS_NATI1_8(1.0),A,ITDA,LBIRTHES_FROM2017,FRG,Y23,TOTAL,ALL,99,99,ALL,ALL,WORLD,9,2019,89,,,,TIPO_DATO15__LBIRTHES_FROM2017_N1,,,,,,,,,,,,,
IT1:25_74_DF_DCIS_NATI1_8(1.0),A,ITDA,LBIRTHES_FROM2017,FRG,Y24,TOTAL,ALL,99,99,ALL,ALL,WORLD,9,2019,95,,,,TIPO_DATO15__LBIRTHES_FROM2017_N1,,,,,,,,,,,,,
IT1:25_74_DF_DCIS_NATI1_8(1.0),A,ITDA,LBIRTHES_FROM2017,FRG,Y25,TOTAL,ALL,99,99,ALL,ALL,WORLD,9,2019,99,,,,TIPO_DATO15__LBIRTHES_FROM2017_N1,,,,,,,,,,,,,
IT1:25_74_DF_DCIS_NATI1_8(1.0),A,ITDA,LBIRTHES_FROM2017,ITL,Y_UN17,TOTAL,ALL,99,99,ALL,ALL,WORLD,9,2019,12,,,,TIPO_DATO15__LBIRTHES_FROM2017_N1,,,,,,,,,,,,,
IT1:25_74_DF_DCIS_NATI1_8(1.0),A,ITDA,LBIRTHES_FROM2017,ITL,Y18,TOTAL,ALL,99,99,ALL,ALL,WORLD,9,2019,9,,,,TIPO_DATO15__LBIRTHES_FROM2017_N1,,,,,,,,,,,,,
IT1:25_74_DF_DCIS_NATI1_8(1.0),A,ITDA,LBIRTHES_FROM2017,ITL,Y19,TOTAL,ALL,99,99,ALL,ALL,WORLD,9,2019,24,,,,TIPO_DATO15__LBIRTHES_FROM2017_N1,,,,,,,,,,,,,
IT1:25_74_DF_DCIS_NATI1_8(1.0),A,ITDA,LBIRTHES_FROM2017,ITL,Y20,TOTAL,ALL,99,99,ALL,ALL,WORLD,9,2019,41,,,,TIPO_DATO15__LBIRTHES_FROM2017_N1,,,,,,,,,,,,,
IT1:25_74_DF_DCIS_NATI1_8(1.0),A,ITDA,LBIRTHES_FROM2017,ITL,Y21,TOTAL,ALL,99,99,ALL,ALL,WORLD,9,2019,53,,,,TIPO_DATO15__LBIRTHES_FROM2017_N1,,,,,,,,,,,,,
IT1:25_74_DF_DCIS_NATI1_8(1.0),A,ITDA,LBIRTHES_FROM2017,ITL,Y22,TOTAL,ALL,99,99,ALL,ALL,WORLD,9,2019,77,,,,TIPO_DATO15__LBIRTHES_FROM2017_N1,,,,,,,,,,,,,
IT1:25_74_DF_DCIS_NATI1_8(1.0),A,ITDA,LBIRTHES_FROM2017,ITL,Y23,TOTAL,ALL,99,99,ALL,ALL,WORLD,9,2019,107,,,,TIPO_DATO15__LBIRTHES_FROM2017_N1,,,,,,,,,,,,,
IT1:25_74_DF_DCIS_NATI1_8(1.0),A,ITDA,LBIRTHES_FROM2017,ITL,Y24,TOTAL,ALL,99,99,ALL,ALL,WORLD,9,2019,136,,,,TIPO_DATO15__LBIRTHES_FROM2017_N1,,,,,,,,,,,,,
IT1:25_74_DF_DCIS_NATI1_8(1.0),A,ITDA,LBIRTHES_FROM2017,ITL,Y25,TOTAL,ALL,99,99,ALL,ALL,WORLD,9,2019,218,,,,TIPO_DATO15__LBIRTHES_FROM2017_N1,,,,,,,,,,,,,
IT1:25_74_DF_DCIS_NATI1_8(1.0),A,ITDA,LBIRTHES_FROM2017,TOTAL,Y_UN17,TOTAL,ALL,99,99,ALL,ALL,WORLD,9,2019,13,,,,TIPO_DATO15__LBIRTHES_FROM2017_N1,,,,,,,,,,,,,
IT1:25_74_DF_DCIS_NATI1_8(1.0),A,ITDA,LBIRTHES_FROM2017,TOTAL,Y18,TOTAL,ALL,99,99,ALL,ALL,WORLD,9,2019,12,,,,TIPO_DATO15__LBIRTHES_FROM2017_N1,,,,,,,,,,,,,
IT1:25_74_DF_DCIS_NATI1_8(1.0),A,ITDA,LBIRTHES_FROM2017,TOTAL,Y19,TOTAL,ALL,99,99,ALL,ALL,WORLD,9,2019,42,,,,TIPO_DATO15__LBIRTHES_FROM2017_N1,,,,,,,,,,,,,
IT1:25_74_DF_DCIS_NATI1_8(1.0),A,ITDA,LBIRTHES_FROM2017,TOTAL,Y20,TOTAL,ALL,99,99,ALL,ALL,WORLD,9,2019,77,,,,TIPO_DATO15__LBIRTHES_FROM2017_N1,,,,,,,,,,,,,
IT1:25_74_DF_DCIS_NATI1_8(1.0),A,ITDA,LBIRTHES_FROM2017,TOTAL,Y21,TOTAL,ALL,99,99,ALL,ALL,WORLD,9,2019,110,,,,TIPO_DATO15__LBIRTHES_FROM2017_N1,,,,,,,,,,,,,
IT1:25_74_DF_DCIS_NATI1_8(1.0),A,ITDA,LBIRTHES_FROM2017,TOTAL,Y22,TOTAL,ALL,99,99,ALL,ALL,WORLD,9,2019,140,,,,TIPO_DATO15__LBIRTHES_FROM2017_N1,,,,,,,,,,,,,
IT1:25_74_DF_DCIS_NATI1_8(1.0),A,ITDA,LBIRTHES_FROM2017,TOTAL,Y23,TOTAL,ALL,99,99,ALL,ALL,WORLD,9,2019,196,,,,TIPO_DATO15__LBIRTHES_FROM2017_N1,,,,,,,,,,,,,
IT1:25_74_DF_DCIS_NATI1_8(1.0),A,ITDA,LBIRTHES_FROM2017,TOTAL,Y24,TOTAL,ALL,99,99,ALL,ALL,WORLD,9,2019,231,,,,TIPO_DATO15__LBIRTHES_FROM2017_N1,,,,,,,,,,,,,
IT1:25_74_DF_DCIS_NATI1_8(1.0),A,ITDA,LBIRTHES_FROM2017,TOTAL,Y25,TOTAL,ALL,99,99,ALL,ALL,WORLD,9,2019,317,,,,TIPO_DATO15__LBIRTHES_FROM2017_N1,,,,,,,,,,,,,
IT1:25_74_DF_DCIS_NATI1_8(1.0),A,ITE1,LBIRTHES_FROM2017,FRG,Y_UN17,TOTAL,ALL,99,99,ALL,ALL,WORLD,9,2019,18,,,,TIPO_DATO15__LBIRTHES_FROM2017_N1,,,,,,,,,,,,,
IT1:25_74_DF_DCIS_NATI1_8(1.0),A,ITE1,LBIRTHES_FROM2017,FRG,Y18,TOTAL,ALL,99,99,ALL,ALL,WORLD,9,2019,14,,,,TIPO_DATO15__LBIRTHES_FROM2017_N1,,,,,,,,,,,,,
IT1:25_74_DF_DCIS_NATI1_8(1.0),A,ITE1,LBIRTHES_FROM2017,FRG,Y19,TOTAL,ALL,99,99,ALL,ALL,WORLD,9,2019,61,,,,TIPO_DATO15__LBIRTHES_FROM2017_N1,,,,,,,,,,,,,
IT1:25_74_DF_DCIS_NATI1_8(1.0),A,ITE1,LBIRTHES_FROM2017,FRG,Y20,TOTAL,ALL,99,99,ALL,ALL,WORLD,9,2019,105,,,,TIPO_DATO15__LBIRTHES_FROM2017_N1,,,,,,,,,,,,,
IT1:25_74_DF_DCIS_NATI1_8(1.0),A,ITE1,LBIRTHES_FROM2017,FRG,Y21,TOTAL,ALL,99,99,ALL,ALL,WORLD,9,2019,162,,,,TIPO_DATO15__LBIRTHES_FROM2017_N1,,,,,,,,,,,,,
IT1:25_74_DF_DCIS_NATI1_8(1.0),A,ITE1,LBIRTHES_FROM2017,FRG,Y22,TOTAL,ALL,99,99,ALL,ALL,WORLD,9,2019,203,,,,TIPO_DATO15__LBIRTHES_FROM2017_N1,,,,,,,,,,,,,
IT1:25_74_DF_DCIS_NATI1_8(1.0),A,ITE1,LBIRTHES_FROM2017,FRG,Y23,TOTAL,ALL,99,99,ALL,ALL,WORLD,9,2019,267,,,,TIPO_DATO15__LBIRTHES_FROM2017_N1,,,,,,,,,,,,,
IT1:25_74_DF_DCIS_NATI1_8(1.0),A,ITE1,LBIRTHES_FROM2017,FRG,Y24,TOTAL,ALL,99,99,ALL,ALL,WORLD,9,2019,267,,,,TIPO_DATO15__LBIRTHES_FROM2017_N1,,,,,,,,,,,,,
IT1:25_74_DF_DCIS_NATI1_8(1.0),A,ITE1,LBIRTHES_FROM2017,FRG,Y25,TOTAL,ALL,99,99,ALL,ALL,WORLD,9,2019,308,,,,TIPO_DATO15__LBIRTHES_FROM2017_N1,,,,,,,,,,,,,
IT1:25_74_DF_DCIS_NATI1_8(1.0),A,ITE1,LBIRTHES_FROM2017,ITL,Y_UN17,TOTAL,ALL,99,99,ALL,ALL,WORLD,9,2019,17,,,,TIPO_DATO15__LBIRTHES_FROM2017_N1,,,,,,,,,,,,,
IT1:25_74_DF_DCIS_NATI1_8(1.0),A,ITE1,LBIRTHES_FROM2017,ITL,Y18,TOTAL,ALL,99,99,ALL,ALL,WORLD,9,2019,23,,,,TIPO_DATO15__LBIRTHES_FROM2017_N1,,,,,,,,,,,,,
IT1:25_74_DF_DCIS_NATI1_8(1.0),A,ITE1,LBIRTHES_FROM2017,ITL,Y19,TOTAL,ALL,99,99,ALL,ALL,WORLD,9,2019,46,,,,TIPO_DATO15__LBIRTHES_FROM2017_N1,,,,,,,,,,,,,
IT1:25_74_DF_DCIS_NATI1_8(1.0),A,ITE1,LBIRTHES_FROM2017,ITL,Y20,TOTAL,ALL,99,99,ALL,ALL,WORLD,9,2019,70,,,,TIPO_DATO15__LBIRTHES_FROM2017_N1,,,,,,,,,,,,,
IT1:25_74_DF_DCIS_NATI1_8(1.0),A,ITE1,LBIRTHES_FROM2017,ITL,Y21,TOTAL,ALL,99,99,ALL,ALL,WORLD,9,2019,104,,,,TIPO_DATO15__LBIRTHES_FROM2017_N1,,,,,,,,,,,,,
IT1:25_74_DF_DCIS_NATI1_8(1.0),A,ITE1,LBIRTHES_FROM2017,ITL,Y22,TOTAL,ALL,99,99,ALL,ALL,WORLD,9,2019,134,,,,TIPO_DATO15__LBIRTHES_FROM2017_N1,,,,,,,,,,,,,
IT1:25_74_DF_DCIS_NATI1_8(1.0),A,ITE1,LBIRTHES_FROM2017,ITL,Y23,TOTAL,ALL,99,99,ALL,ALL,WORLD,9,2019,164,,,,TIPO_DATO15__LBIRTHES_FROM2017_N1,,,,,,,,,,,,,
IT1:25_74_DF_DCIS_NATI1_8(1.0),A,ITE1,LBIRTHES_FROM2017,ITL,Y24,TOTAL,ALL,99,99,ALL,ALL,WORLD,9,2019,226,,,,TIPO_DATO15__LBIRTHES_FROM2017_N1,,,,,,,,,,,,,
IT1:25_74_DF_DCIS_NATI1_8(1.0),A,ITE1,LBIRTHES_FROM2017,ITL,Y25,TOTAL,ALL,99,99,ALL,ALL,WORLD,9,2019,280,,,,TIPO_DATO15__LBIRTHES_FROM2017_N1,,,,,,,,,,,,,
IT1:25_74_DF_DCIS_NATI1_8(1.0),A,ITE1,LBIRTHES_FROM2017,TOTAL,Y_UN17,TOTAL,ALL,99,99,ALL,ALL,WORLD,9,2019,35,,,,TIPO_DATO15__LBIRTHES_FROM2017_N1,,,,,,,,,,,,,
IT1:25_74_DF_DCIS_NATI1_8(1.0),A,ITE1,LBIRTHES_FROM2017,TOTAL,Y18,TOTAL,ALL,99,99,ALL,ALL,WORLD,9,2019,37,,,,TIPO_DATO15__LBIRTHES_FROM2017_N1,,,,,,,,,,,,,
IT1:25_74_DF_DCIS_NATI1_8(1.0),A,ITE1,LBIRTHES_FROM2017,TOTAL,Y19,TOTAL,ALL,99,99,ALL,ALL,WORLD,9,2019,107,,,,TIPO_DATO15__LBIRTHES_FROM2017_N1,,,,,,,,,,,,,
IT1:25_74_DF_DCIS_NATI1_8(1.0),A,ITE1,LBIRTHES_FROM2017,TOTAL,Y20,TOTAL,ALL,99,99,ALL,ALL,WORLD,9,2019,175,,,,TIPO_DATO15__LBIRTHES_FROM2017_N1,,,,,,,,,,,,,
IT1:25_74_DF_DCIS_NATI1_8(1.0),A,ITE1,LBIRTHES_FROM2017,TOTAL,Y21,TOTAL,ALL,99,99,ALL,ALL,WORLD,9,2019,266,,,,TIPO_DATO15__LBIRTHES_FROM2017_N1,,,,,,,,,,,,,
IT1:25_74_DF_DCIS_NATI1_8(1.0),A,ITE1,LBIRTHES_FROM2017,TOTAL,Y22,TOTAL,ALL,99,99,ALL,ALL,WORLD,9,2019,337,,,,TIPO_DATO15__LBIRTHES_FROM2017_N1,,,,,,,,,,,,,
IT1:25_74_DF_DCIS_NATI1_8(1.0),A,ITE1,LBIRTHES_FROM2017,TOTAL,Y23,TOTAL,ALL,99,99,ALL,ALL,WORLD,9,2019,431,,,,TIPO_DATO15__LBIRTHES_FROM2017_N1,,,,,,,,,,,,,
IT1:25_74_DF_DCIS_NATI1_8(1.0),A,ITE1,LBIRTHES_FROM2017,TOTAL,Y24,TOTAL,ALL,99,99,ALL,ALL,WORLD,9,2019,493,,,,TIPO_DATO15__LBIRTHES_FROM2017_N1,,,,,,,,,,,,,
IT1:25_74_DF_DCIS_NATI1_8(1.0),A,ITE1,LBIRTHES_FROM2017,TOTAL,Y25,TOTAL,ALL,99,99,ALL,ALL,WORLD,9,2019,588,,,,TIPO_DATO15__LBIRTHES_FROM2017_N1,,,,,,,,,,,,,
IT1:25_74_DF_DCIS_NATI1_8(1.0),A,ITE2,LBIRTHES_FROM2017,FRG,Y_UN17,TOTAL,ALL,99,99,ALL,ALL,WORLD,9,2019,1,,,,TIPO_DATO15__LBIRTHES_FROM2017_N1,,,,,,,,,,,,,
IT1:25_74_DF_DCIS_NATI1_8(1.0),A,ITE2,LBIRTHES_FROM2017,FRG,Y18,TOTAL,ALL,99,99,ALL,ALL,WORLD,9,2019,8,,,,TIPO_DATO15__LBIRTHES_FROM2017_N1,,,,,,,,,,,,,
IT1:25_74_DF_DCIS_NATI1_8(1.0),A,ITE2,LBIRTHES_FROM2017,FRG,Y19,TOTAL,ALL,99,99,ALL,ALL,WORLD,9,2019,16,,,,TIPO_DATO15__LBIRTHES_FROM2017_N1,,,,,,,,,,,,,
IT1:25_74_DF_DCIS_NATI1_8(1.0),A,ITE2,LBIRTHES_FROM2017,FRG,Y20,TOTAL,ALL,99,99,ALL,ALL,WORLD,9,2019,21,,,,TIPO_DATO15__LBIRTHES_FROM2017_N1,,,,,,,,,,,,,
IT1:25_74_DF_DCIS_NATI1_8(1.0),A,ITE2,LBIRTHES_FROM2017,FRG,Y21,TOTAL,ALL,99,99,ALL,ALL,WORLD,9,2019,31,,,,TIPO_DATO15__LBIRTHES_FROM2017_N1,,,,,,,,,,,,,
IT1:25_74_DF_DCIS_NATI1_8(1.0),A,ITE2,LBIRTHES_FROM2017,FRG,Y22,TOTAL,ALL,99,99,ALL,ALL,WORLD,9,2019,51,,,,TIPO_DATO15__LBIRTHES_FROM2017_N1,,,,,,,,,,,,,
IT1:25_74_DF_DCIS_NATI1_8(1.0),A,ITE2,LBIRTHES_FROM2017,FRG,Y23,TOTAL,ALL,99,99,ALL,ALL,WORLD,9,2019,48,,,,TIPO_DATO15__LBIRTHES_FROM2017_N1,,,,,,,,,,,,,
IT1:25_74_DF_DCIS_NATI1_8(1.0),A,ITE2,LBIRTHES_FROM2017,FRG,Y24,TOTAL,ALL,99,99,ALL,ALL,WORLD,9,2019,47,,,,TIPO_DATO15__LBIRTHES_FROM2017_N1,,,,,,,,,,,,,
IT1:25_74_DF_DCIS_NATI1_8(1.0),A,ITE2,LBIRTHES_FROM2017,FRG,Y25,TOTAL,ALL,99,99,ALL,ALL,WORLD,9,2019,55,,,,TIPO_DATO15__LBIRTHES_FROM2017_N1,,,,,,,,,,,,,
IT1:25_74_DF_DCIS_NATI1_8(1.0),A,ITE2,LBIRTHES_FROM2017,ITL,Y_UN17,TOTAL,ALL,99,99,ALL,ALL,WORLD,9,2019,8,,,,TIPO_DATO15__LBIRTHES_FROM2017_N1,,,,,,,,,,,,,
IT1:25_74_DF_DCIS_NATI1_8(1.0),A,ITE2,LBIRTHES_FROM2017,ITL,Y18,TOTAL,ALL,99,99,ALL,ALL,WORLD,9,2019,2,,,,TIPO_DATO15__LBIRTHES_FROM2017_N1,,,,,,,,,,,,,
IT1:25_74_DF_DCIS_NATI1_8(1.0),A,ITE2,LBIRTHES_FROM2017,ITL,Y19,TOTAL,ALL,99,99,ALL,ALL,WORLD,9,2019,16,,,,TIPO_DATO15__LBIRTHES_FROM2017_N1,,,,,,,,,,,,,
IT1:25_74_DF_DCIS_NATI1_8(1.0),A,ITE2,LBIRTHES_FROM2017,ITL,Y20,TOTAL,ALL,99,99,ALL,ALL,WORLD,9,2019,33,,,,TIPO_DATO15__LBIRTHES_FROM2017_N1,,,,,,,,,,,,,
IT1:25_74_DF_DCIS_NATI1_8(1.0),A,ITE2,LBIRTHES_FROM2017,ITL,Y21,TOTAL,ALL,99,99,ALL,ALL,WORLD,9,2019,21,,,,TIPO_DATO15__LBIRTHES_FROM2017_N1,,,,,,,,,,,,,
IT1:25_74_DF_DCIS_NATI1_8(1.0),A,ITE2,LBIRTHES_FROM2017,ITL,Y22,TOTAL,ALL,99,99,ALL,ALL,WORLD,9,2019,42,,,,TIPO_DATO15__LBIRTHES_FROM2017_N1,,,,,,,,,,,,,
IT1:25_74_DF_DCIS_NATI1_8(1.0),A,ITE2,LBIRTHES_FROM2017,ITL,Y23,TOTAL,ALL,99,99,ALL,ALL,WORLD,9,2019,46,,,,TIPO_DATO15__LBIRTHES_FROM2017_N1,,,,,,,,,,,,,
IT1:25_74_DF_DCIS_NATI1_8(1.0),A,ITE2,LBIRTHES_FROM2017,ITL,Y24,TOTAL,ALL,99,99,ALL,ALL,WORLD,9,2019,63,,,,TIPO_DATO15__LBIRTHES_FROM2017_N1,,,,,,,,,,,,,
IT1:25_74_DF_DCIS_NATI1_8(1.0),A,ITE2,LBIRTHES_FROM2017,ITL,Y25,TOTAL,ALL,99,99,ALL,ALL,WORLD,9,2019,87,,,,TIPO_DATO15__LBIRTHES_FROM2017_N1,,,,,,,,,,,,,
IT1:25_74_DF_DCIS_NATI1_8(1.0),A,ITE2,LBIRTHES_FROM2017,TOTAL,Y_UN17,TOTAL,ALL,99,99,ALL,ALL,WORLD,9,2019,9,,,,TIPO_DATO15__LBIRTHES_FROM2017_N1,,,,,,,,,,,,,
IT1:25_74_DF_DCIS_NATI1_8(1.0),A,ITE2,LBIRTHES_FROM2017,TOTAL,Y18,TOTAL,ALL,99,99,ALL,ALL,WORLD,9,2019,10,,,,TIPO_DATO15__LBIRTHES_FROM2017_N1,,,,,,,,,,,,,
IT1:25_74_DF_DCIS_NATI1_8(1.0),A,ITE2,LBIRTHES_FROM2017,TOTAL,Y19,TOTAL,ALL,99,99,ALL,ALL,WORLD,9,2019,32,,,,TIPO_DATO15__LBIRTHES_FROM2017_N1,,,,,,,,,,,,,
IT1:25_74_DF_DCIS_NATI1_8(1.0),A,ITE2,LBIRTHES_FROM2017,TOTAL,Y20,TOTAL,ALL,99,99,ALL,ALL,WORLD,9,2019,54,,,,TIPO_DATO15__LBIRTHES_FROM2017_N1,,,,,,,,,,,,,
IT1:25_74_DF_DCIS_NATI1_8(1.0),A,ITE2,LBIRTHES_FROM2017,TOTAL,Y21,TOTAL,ALL,99,99,ALL,ALL,WORLD,9,2019,52,,,,TIPO_DATO15__LBIRTHES_FROM2017_N1,,,,,,,,,,,,,
IT1:25_74_DF_DCIS_NATI1_8(1.0),A,ITE2,LBIRTHES_FROM2017,TOTAL,Y22,TOTAL,ALL,99,99,ALL,ALL,WORLD,9,2019,93,,,,TIPO_DATO15__LBIRTHES_FROM2017_N1,,,,,,,,,,,,,
IT1:25_74_DF_DCIS_NATI1_8(1.0),A,ITE2,LBIRTHES_FROM2017,TOTAL,Y23,TOTAL,ALL,99,99,ALL,ALL,WORLD,9,2019,94,,,,TIPO_DATO15__LBIRTHES_FROM2017_N1,,,,,,,,,,,,,
IT1:25_74_DF_DCIS_NATI1_8(1.0),A,ITE2,LBIRTHES_FROM2017,TOTAL,Y24,TOTAL,ALL,99,99,ALL,ALL,WORLD,9,2019,110,,,,TIPO_DATO15__LBIRTHES_FROM2017_N1,,,,,,,,,,,,,
IT1:25_74_DF_DCIS_NATI1_8(1.0),A,ITE2,LBIRTHES_FROM2017,TOTAL,Y25,TOTAL,ALL,99,99,ALL,ALL,WORLD,9,2019,142,,,,TIPO_DATO15__LBIRTHES_FROM2017_N1,,,,,,,,,,,,,
IT1:25_74_DF_DCIS_NATI1_8(1.0),A,ITE3,LBIRTHES_FROM2017,FRG,Y_UN17,TOTAL,ALL,99,99,ALL,ALL,WORLD,9,2019,3,,,,TIPO_DATO15__LBIRTHES_FROM2017_N1,,,,,,,,,,,,,
IT1:25_74_DF_DCIS_NATI1_8(1.0),A,ITE3,LBIRTHES_FROM2017,FRG,Y18,TOTAL,ALL,99,99,ALL,ALL,WORLD,9,2019,8,,,,TIPO_DATO15__LBIRTHES_FROM2017_N1,,,,,,,,,,,,,
IT1:25_74_DF_DCIS_NATI1_8(1.0),A,ITE3,LBIRTHES_FROM2017,FRG,Y19,TOTAL,ALL,99,99,ALL,ALL,WORLD,9,2019,21,,,,TIPO_DATO15__LBIRTHES_FROM2017_N1,,,,,,,,,,,,,
IT1:25_74_DF_DCIS_NATI1_8(1.0),A,ITE3,LBIRTHES_FROM2017,FRG,Y20,TOTAL,ALL,99,99,ALL,ALL,WORLD,9,2019,40,,,,TIPO_DATO15__LBIRTHES_FROM2017_N1,,,,,,,,,,,,,
IT1:25_74_DF_DCIS_NATI1_8(1.0),A,ITE3,LBIRTHES_FROM2017,FRG,Y21,TOTAL,ALL,99,99,ALL,ALL,WORLD,9,2019,52,,,,TIPO_DATO15__LBIRTHES_FROM2017_N1,,,,,,,,,,,,,
IT1:25_74_DF_DCIS_NATI1_8(1.0),A,ITE3,LBIRTHES_FROM2017,FRG,Y22,TOTAL,ALL,99,99,ALL,ALL,WORLD,9,2019,72,,,,TIPO_DATO15__LBIRTHES_FROM2017_N1,,,,,,,,,,,,,
IT1:25_74_DF_DCIS_NATI1_8(1.0),A,ITE3,LBIRTHES_FROM2017,FRG,Y23,TOTAL,ALL,99,99,ALL,ALL,WORLD,9,2019,81,,,,TIPO_DATO15__LBIRTHES_FROM2017_N1,,,,,,,,,,,,,
IT1:25_74_DF_DCIS_NATI1_8(1.0),A,ITE3,LBIRTHES_FROM2017,FRG,Y24,TOTAL,ALL,99,99,ALL,ALL,WORLD,9,2019,91,,,,TIPO_DATO15__LBIRTHES_FROM2017_N1,,,,,,,,,,,,,
IT1:25_74_DF_DCIS_NATI1_8(1.0),A,ITE3,LBIRTHES_FROM2017,FRG,Y25,TOTAL,ALL,99,99,ALL,ALL,WORLD,9,2019,130,,,,TIPO_DATO15__LBIRTHES_FROM2017_N1,,,,,,,,,,,,,
IT1:25_74_DF_DCIS_NATI1_8(1.0),A,ITE3,LBIRTHES_FROM2017,ITL,Y_UN17,TOTAL,ALL,99,99,ALL,ALL,WORLD,9,2019,12,,,,TIPO_DATO15__LBIRTHES_FROM2017_N1,,,,,,,,,,,,,
IT1:25_74_DF_DCIS_NATI1_8(1.0),A,ITE3,LBIRTHES_FROM2017,ITL,Y18,TOTAL,ALL,99,99,ALL,ALL,WORLD,9,2019,11,,,,TIPO_DATO15__LBIRTHES_FROM2017_N1,,,,,,,,,,,,,
IT1:25_74_DF_DCIS_NATI1_8(1.0),A,ITE3,LBIRTHES_FROM2017,ITL,Y19,TOTAL,ALL,99,99,ALL,ALL,WORLD,9,2019,18,,,,TIPO_DATO15__LBIRTHES_FROM2017_N1,,,,,,,,,,,,,
IT1:25_74_DF_DCIS_NATI1_8(1.0),A,ITE3,LBIRTHES_FROM2017,ITL,Y20,TOTAL,ALL,99,99,ALL,ALL,WORLD,9,2019,26,,,,TIPO_DATO15__LBIRTHES_FROM2017_N1,,,,,,,,,,,,,
IT1:25_74_DF_DCIS_NATI1_8(1.0),A,ITE3,LBIRTHES_FROM2017,ITL,Y21,TOTAL,ALL,99,99,ALL,ALL,WORLD,9,2019,56,,,,TIPO_DATO15__LBIRTHES_FROM2017_N1,,,,,,,,,,,,,
IT1:25_74_DF_DCIS_NATI1_8(1.0),A,ITE3,LBIRTHES_FROM2017,ITL,Y22,TOTAL,ALL,99,99,ALL,ALL,WORLD,9,2019,66,,,,TIPO_DATO15__LBIRTHES_FROM2017_N1,,,,,,,,,,,,,
IT1:25_74_DF_DCIS_NATI1_8(1.0),A,ITE3,LBIRTHES_FROM2017,ITL,Y23,TOTAL,ALL,99,99,ALL,ALL,WORLD,9,2019,76,,,,TIPO_DATO15__LBIRTHES_FROM2017_N1,,,,,,,,,,,,,
IT1:25_74_DF_DCIS_NATI1_8(1.0),A,ITE3,LBIRTHES_FROM2017,ITL,Y24,TOTAL,ALL,99,99,ALL,ALL,WORLD,9,2019,119,,,,TIPO_DATO15__LBIRTHES_FROM2017_N1,,,,,,,,,,,,,
IT1:25_74_DF_DCIS_NATI1_8(1.0),A,ITE3,LBIRTHES_FROM2017,ITL,Y25,TOTAL,ALL,99,99,ALL,ALL,WORLD,9,2019,129,,,,TIPO_DATO15__LBIRTHES_FROM2017_N1,,,,,,,,,,,,,
IT1:25_74_DF_DCIS_NATI1_8(1.0),A,ITE3,LBIRTHES_FROM2017,TOTAL,Y_UN17,TOTAL,ALL,99,99,ALL,ALL,WORLD,9,2019,15,,,,TIPO_DATO15__LBIRTHES_FROM2017_N1,,,,,,,,,,,,,
IT1:25_74_DF_DCIS_NATI1_8(1.0),A,ITE3,LBIRTHES_FROM2017,TOTAL,Y18,TOTAL,ALL,99,99,ALL,ALL,WORLD,9,2019,19,,,,TIPO_DATO15__LBIRTHES_FROM2017_N1,,,,,,,,,,,,,
IT1:25_74_DF_DCIS_NATI1_8(1.0),A,ITE3,LBIRTHES_FROM2017,TOTAL,Y19,TOTAL,ALL,99,99,ALL,ALL,WORLD,9,2019,39,,,,TIPO_DATO15__LBIRTHES_FROM2017_N1,,,,,,,,,,,,,
IT1:25_74_DF_DCIS_NATI1_8(1.0),A,ITE3,LBIRTHES_FROM2017,TOTAL,Y20,TOTAL,ALL,99,99,ALL,ALL,WORLD,9,2019,66,,,,TIPO_DATO15__LBIRTHES_FROM2017_N1,,,,,,,,,,,,,
IT1:25_74_DF_DCIS_NATI1_8(1.0),A,ITE3,LBIRTHES_FROM2017,TOTAL,Y21,TOTAL,ALL,99,99,ALL,ALL,WORLD,9,2019,108,,,,TIPO_DATO15__LBIRTHES_FROM2017_N1,,,,,,,,,,,,,
IT1:25_74_DF_DCIS_NATI1_8(1.0),A,ITE3,LBIRTHES_FROM2017,TOTAL,Y22,TOTAL,ALL,99,99,ALL,ALL,WORLD,9,2019,138,,,,TIPO_DATO15__LBIRTHES_FROM2017_N1,,,,,,,,,,,,,
IT1:25_74_DF_DCIS_NATI1_8(1.0),A,ITE3,LBIRTHES_FROM2017,TOTAL,Y23,TOTAL,ALL,99,99,ALL,ALL,WORLD,9,2019,157,,,,TIPO_DATO15__LBIRTHES_FROM2017_N1,,,,,,,,,,,,,
IT1:25_74_DF_DCIS_NATI1_8(1.0),A,ITE3,LBIRTHES_FROM2017,TOTAL,Y24,TOTAL,ALL,99,99,ALL,ALL,WORLD,9,2019,210,,,,TIPO_DATO15__LBIRTHES_FROM2017_N1,,,,,,,,,,,,,
IT1:25_74_DF_DCIS_NATI1_8(1.0),A,ITE3,LBIRTHES_FROM2017,TOTAL,Y25,TOTAL,ALL,99,99,ALL,ALL,WORLD,9,2019,259,,,,TIPO_DATO15__LBIRTHES_FROM2017_N1,,,,,,,,,,,,,
IT1:25_74_DF_DCIS_NATI1_8(1.0),A,ITE4,LBIRTHES_FROM2017,FRG,Y_UN17,TOTAL,ALL,99,99,ALL,ALL,WORLD,9,2019,28,,,,TIPO_DATO15__LBIRTHES_FROM2017_N1,,,,,,,,,,,,,
IT1:25_74_DF_DCIS_NATI1_8(1.0),A,ITE4,LBIRTHES_FROM2017,FRG,Y18,TOTAL,ALL,99,99,ALL,ALL,WORLD,9,2019,36,,,,TIPO_DATO15__LBIRTHES_FROM2017_N1,,,,,,,,,,,,,
IT1:25_74_DF_DCIS_NATI1_8(1.0),A,ITE4,LBIRTHES_FROM2017,FRG,Y19,TOTAL,ALL,99,99,ALL,ALL,WORLD,9,2019,64,,,,TIPO_DATO15__LBIRTHES_FROM2017_N1,,,,,,,,,,,,,
IT1:25_74_DF_DCIS_NATI1_8(1.0),A,ITE4,LBIRTHES_FROM2017,FRG,Y20,TOTAL,ALL,99,99,ALL,ALL,WORLD,9,2019,99,,,,TIPO_DATO15__LBIRTHES_FROM2017_N1,,,,,,,,,,,,,
IT1:25_74_DF_DCIS_NATI1_8(1.0),A,ITE4,LBIRTHES_FROM2017,FRG,Y21,TOTAL,ALL,99,99,ALL,ALL,WORLD,9,2019,163,,,,TIPO_DATO15__LBIRTHES_FROM2017_N1,,,,,,,,,,,,,
IT1:25_74_DF_DCIS_NATI1_8(1.0),A,ITE4,LBIRTHES_FROM2017,FRG,Y22,TOTAL,ALL,99,99,ALL,ALL,WORLD,9,2019,241,,,,TIPO_DATO15__LBIRTHES_FROM2017_N1,,,,,,,,,,,,,
IT1:25_74_DF_DCIS_NATI1_8(1.0),A,ITE4,LBIRTHES_FROM2017,FRG,Y23,TOTAL,ALL,99,99,ALL,ALL,WORLD,9,2019,250,,,,TIPO_DATO15__LBIRTHES_FROM2017_N1,,,,,,,,,,,,,
IT1:25_74_DF_DCIS_NATI1_8(1.0),A,ITE4,LBIRTHES_FROM2017,FRG,Y24,TOTAL,ALL,99,99,ALL,ALL,WORLD,9,2019,317,,,,TIPO_DATO15__LBIRTHES_FROM2017_N1,,,,,,,,,,,,,
IT1:25_74_DF_DCIS_NATI1_8(1.0),A,ITE4,LBIRTHES_FROM2017,FRG,Y25,TOTAL,ALL,99,99,ALL,ALL,WORLD,9,2019,419,,,,TIPO_DATO15__LBIRTHES_FROM2017_N1,,,,,,,,,,,,,
IT1:25_74_DF_DCIS_NATI1_8(1.0),A,ITE4,LBIRTHES_FROM2017,ITL,Y_UN17,TOTAL,ALL,99,99,ALL,ALL,WORLD,9,2019,42,,,,TIPO_DATO15__LBIRTHES_FROM2017_N1,,,,,,,,,,,,,
IT1:25_74_DF_DCIS_NATI1_8(1.0),A,ITE4,LBIRTHES_FROM2017,ITL,Y18,TOTAL,ALL,99,99,ALL,ALL,WORLD,9,2019,55,,,,TIPO_DATO15__LBIRTHES_FROM2017_N1,,,,,,,,,,,,,
IT1:25_74_DF_DCIS_NATI1_8(1.0),A,ITE4,LBIRTHES_FROM2017,ITL,Y19,TOTAL,ALL,99,99,ALL,ALL,WORLD,9,2019,102,,,,TIPO_DATO15__LBIRTHES_FROM2017_N1,,,,,,,,,,,,,
IT1:25_74_DF_DCIS_NATI1_8(1.0),A,ITE4,LBIRTHES_FROM2017,ITL,Y20,TOTAL,ALL,99,99,ALL,ALL,WORLD,9,2019,170,,,,TIPO_DATO15__LBIRTHES_FROM2017_N1,,,,,,,,,,,,,
IT1:25_74_DF_DCIS_NATI1_8(1.0),A,ITE4,LBIRTHES_FROM2017,ITL,Y21,TOTAL,ALL,99,99,ALL,ALL,WORLD,9,2019,202,,,,TIPO_DATO15__LBIRTHES_FROM2017_N1,,,,,,,,,,,,,
IT1:25_74_DF_DCIS_NATI1_8(1.0),A,ITE4,LBIRTHES_FROM2017,ITL,Y22,TOTAL,ALL,99,99,ALL,ALL,WORLD,9,2019,266,,,,TIPO_DATO15__LBIRTHES_FROM2017_N1,,,,,,,,,,,,,
IT1:25_74_DF_DCIS_NATI1_8(1.0),A,ITE4,LBIRTHES_FROM2017,ITL,Y23,TOTAL,ALL,99,99,ALL,ALL,WORLD,9,2019,400,,,,TIPO_DATO15__LBIRTHES_FROM2017_N1,,,,,,,,,,,,,
IT1:25_74_DF_DCIS_NATI1_8(1.0),A,ITE4,LBIRTHES_FROM2017,ITL,Y24,TOTAL,ALL,99,99,ALL,ALL,WORLD,9,2019,500,,,,TIPO_DATO15__LBIRTHES_FROM2017_N1,,,,,,,,,,,,,
IT1:25_74_DF_DCIS_NATI1_8(1.0),A,ITE4,LBIRTHES_FROM2017,ITL,Y25,TOTAL,ALL,99,99,ALL,ALL,WORLD,9,2019,596,,,,TIPO_DATO15__LBIRTHES_FROM2017_N1,,,,,,,,,,,,,
IT1:25_74_DF_DCIS_NATI1_8(1.0),A,ITE4,LBIRTHES_FROM2017,TOTAL,Y_UN17,TOTAL,ALL,99,99,ALL,ALL,WORLD,9,2019,70,,,,TIPO_DATO15__LBIRTHES_FROM2017_N1,,,,,,,,,,,,,
IT1:25_74_DF_DCIS_NATI1_8(1.0),A,ITE4,LBIRTHES_FROM2017,TOTAL,Y18,TOTAL,ALL,99,99,ALL,ALL,WORLD,9,2019,91,,,,TIPO_DATO15__LBIRTHES_FROM2017_N1,,,,,,,,,,,,,
IT1:25_74_DF_DCIS_NATI1_8(1.0),A,ITE4,LBIRTHES_FROM2017,TOTAL,Y19,TOTAL,ALL,99,99,ALL,ALL,WORLD,9,2019,166,,,,TIPO_DATO15__LBIRTHES_FROM2017_N1,,,,,,,,,,,,,
IT1:25_74_DF_DCIS_NATI1_8(1.0),A,ITE4,LBIRTHES_FROM2017,TOTAL,Y20,TOTAL,ALL,99,99,ALL,ALL,WORLD,9,2019,269,,,,TIPO_DATO15__LBIRTHES_FROM2017_N1,,,,,,,,,,,,,
IT1:25_74_DF_DCIS_NATI1_8(1.0),A,ITE4,LBIRTHES_FROM2017,TOTAL,Y21,TOTAL,ALL,99,99,ALL,ALL,WORLD,9,2019,365,,,,TIPO_DATO15__LBIRTHES_FROM2017_N1,,,,,,,,,,,,,
IT1:25_74_DF_DCIS_NATI1_8(1.0),A,ITE4,LBIRTHES_FROM2017,TOTAL,Y22,TOTAL,ALL,99,99,ALL,ALL,WORLD,9,2019,507,,,,TIPO_DATO15__LBIRTHES_FROM2017_N1,,,,,,,,,,,,,
IT1:25_74_DF_DCIS_NATI1_8(1.0),A,ITE4,LBIRTHES_FROM2017,TOTAL,Y23,TOTAL,ALL,99,99,ALL,ALL,WORLD,9,2019,650,,,,TIPO_DATO15__LBIRTHES_FROM2017_N1,,,,,,,,,,,,,
IT1:25_74_DF_DCIS_NATI1_8(1.0),A,ITE4,LBIRTHES_FROM2017,TOTAL,Y24,TOTAL,ALL,99,99,ALL,ALL,WORLD,9,2019,817,,,,TIPO_DATO15__LBIRTHES_FROM2017_N1,,,,,,,,,,,,,
IT1:25_74_DF_DCIS_NATI1_8(1.0),A,ITE4,LBIRTHES_FROM2017,TOTAL,Y25,TOTAL,ALL,99,99,ALL,ALL,WORLD,9,2019,1015,,,,TIPO_DATO15__LBIRTHES_FROM2017_N1,,,,,,,,,,,,,
IT1:25_74_DF_DCIS_NATI1_8(1.0),A,ITF1,LBIRTHES_FROM2017,FRG,Y_UN17,TOTAL,ALL,99,99,ALL,ALL,WORLD,9,2019,2,,,,TIPO_DATO15__LBIRTHES_FROM2017_N1,,,,,,,,,,,,,
IT1:25_74_DF_DCIS_NATI1_8(1.0),A,ITF1,LBIRTHES_FROM2017,FRG,Y18,TOTAL,ALL,99,99,ALL,ALL,WORLD,9,2019,3,,,,TIPO_DATO15__LBIRTHES_FROM2017_N1,,,,,,,,,,,,,
IT1:25_74_DF_DCIS_NATI1_8(1.0),A,ITF1,LBIRTHES_FROM2017,FRG,Y19,TOTAL,ALL,99,99,ALL,ALL,WORLD,9,2019,18,,,,TIPO_DATO15__LBIRTHES_FROM2017_N1,,,,,,,,,,,,,
IT1:25_74_DF_DCIS_NATI1_8(1.0),A,ITF1,LBIRTHES_FROM2017,FRG,Y20,TOTAL,ALL,99,99,ALL,ALL,WORLD,9,2019,38,,,,TIPO_DATO15__LBIRTHES_FROM2017_N1,,,,,,,,,,,,,
IT1:25_74_DF_DCIS_NATI1_8(1.0),A,ITF1,LBIRTHES_FROM2017,FRG,Y21,TOTAL,ALL,99,99,ALL,ALL,WORLD,9,2019,30,,,,TIPO_DATO15__LBIRTHES_FROM2017_N1,,,,,,,,,,,,,
IT1:25_74_DF_DCIS_NATI1_8(1.0),A,ITF1,LBIRTHES_FROM2017,FRG,Y22,TOTAL,ALL,99,99,ALL,ALL,WORLD,9,2019,39,,,,TIPO_DATO15__LBIRTHES_FROM2017_N1,,,,,,,,,,,,,
IT1:25_74_DF_DCIS_NATI1_8(1.0),A,ITF1,LBIRTHES_FROM2017,FRG,Y23,TOTAL,ALL,99,99,ALL,ALL,WORLD,9,2019,56,,,,TIPO_DATO15__LBIRTHES_FROM2017_N1,,,,,,,,,,,,,
IT1:25_74_DF_DCIS_NATI1_8(1.0),A,ITF1,LBIRTHES_FROM2017,FRG,Y24,TOTAL,ALL,99,99,ALL,ALL,WORLD,9,2019,58,,,,TIPO_DATO15__LBIRTHES_FROM2017_N1,,,,,,,,,,,,,
IT1:25_74_DF_DCIS_NATI1_8(1.0),A,ITF1,LBIRTHES_FROM2017,FRG,Y25,TOTAL,ALL,99,99,ALL,ALL,WORLD,9,2019,67,,,,TIPO_DATO15__LBIRTHES_FROM2017_N1,,,,,,,,,,,,,
IT1:25_74_DF_DCIS_NATI1_8(1.0),A,ITF1,LBIRTHES_FROM2017,ITL,Y_UN17,TOTAL,ALL,99,99,ALL,ALL,WORLD,9,2019,6,,,,TIPO_DATO15__LBIRTHES_FROM2017_N1,,,,,,,,,,,,,
IT1:25_74_DF_DCIS_NATI1_8(1.0),A,ITF1,LBIRTHES_FROM2017,ITL,Y18,TOTAL,ALL,99,99,ALL,ALL,WORLD,9,2019,22,,,,TIPO_DATO15__LBIRTHES_FROM2017_N1,,,,,,,,,,,,,
IT1:25_74_DF_DCIS_NATI1_8(1.0),A,ITF1,LBIRTHES_FROM2017,ITL,Y19,TOTAL,ALL,99,99,ALL,ALL,WORLD,9,2019,23,,,,TIPO_DATO15__LBIRTHES_FROM2017_N1,,,,,,,,,,,,,
IT1:25_74_DF_DCIS_NATI1_8(1.0),A,ITF1,LBIRTHES_FROM2017,ITL,Y20,TOTAL,ALL,99,99,ALL,ALL,WORLD,9,2019,44,,,,TIPO_DATO15__LBIRTHES_FROM2017_N1,,,,,,,,,,,,,
IT1:25_74_DF_DCIS_NATI1_8(1.0),A,ITF1,LBIRTHES_FROM2017,ITL,Y21,TOTAL,ALL,99,99,ALL,ALL,WORLD,9,2019,60,,,,TIPO_DATO15__LBIRTHES_FROM2017_N1,,,,,,,,,,,,,
IT1:25_74_DF_DCIS_NATI1_8(1.0),A,ITF1,LBIRTHES_FROM2017,ITL,Y22,TOTAL,ALL,99,99,ALL,ALL,WORLD,9,2019,68,,,,TIPO_DATO15__LBIRTHES_FROM2017_N1,,,,,,,,,,,,,
IT1:25_74_DF_DCIS_NATI1_8(1.0),A,ITF1,LBIRTHES_FROM2017,ITL,Y23,TOTAL,ALL,99,99,ALL,ALL,WORLD,9,2019,106,,,,TIPO_DATO15__LBIRTHES_FROM2017_N1,,,,,,,,,,,,,
IT1:25_74_DF_DCIS_NATI1_8(1.0),A,ITF1,LBIRTHES_FROM2017,ITL,Y24,TOTAL,ALL,99,99,ALL,ALL,WORLD,9,2019,121,,,,TIPO_DATO15__LBIRTHES_FROM2017_N1,,,,,,,,,,,,,
IT1:25_74_DF_DCIS_NATI1_8(1.0),A,ITF1,LBIRTHES_FROM2017,ITL,Y25,TOTAL,ALL,99,99,ALL,ALL,WORLD,9,2019,161,,,,TIPO_DATO15__LBIRTHES_FROM2017_N1,,,,,,,,,,,,,
IT1:25_74_DF_DCIS_NATI1_8(1.0),A,ITF1,LBIRTHES_FROM2017,TOTAL,Y_UN17,TOTAL,ALL,99,99,ALL,ALL,WORLD,9,2019,8,,,,TIPO_DATO15__LBIRTHES_FROM2017_N1,,,,,,,,,,,,,
IT1:25_74_DF_DCIS_NATI1_8(1.0),A,ITF1,LBIRTHES_FROM2017,TOTAL,Y18,TOTAL,ALL,99,99,ALL,ALL,WORLD,9,2019,25,,,,TIPO_DATO15__LBIRTHES_FROM2017_N1,,,,,,,,,,,,,
IT1:25_74_DF_DCIS_NATI1_8(1.0),A,ITF1,LBIRTHES_FROM2017,TOTAL,Y19,TOTAL,ALL,99,99,ALL,ALL,WORLD,9,2019,41,,,,TIPO_DATO15__LBIRTHES_FROM2017_N1,,,,,,,,,,,,,
IT1:25_74_DF_DCIS_NATI1_8(1.0),A,ITF1,LBIRTHES_FROM2017,TOTAL,Y20,TOTAL,ALL,99,99,ALL,ALL,WORLD,9,2019,82,,,,TIPO_DATO15__LBIRTHES_FROM2017_N1,,,,,,,,,,,,,
IT1:25_74_DF_DCIS_NATI1_8(1.0),A,ITF1,LBIRTHES_FROM2017,TOTAL,Y21,TOTAL,ALL,99,99,ALL,ALL,WORLD,9,2019,90,,,,TIPO_DATO15__LBIRTHES_FROM2017_N1,,,,,,,,,,,,,
IT1:25_74_DF_DCIS_NATI1_8(1.0),A,ITF1,LBIRTHES_FROM2017,TOTAL,Y22,TOTAL,ALL,99,99,ALL,ALL,WORLD,9,2019,107,,,,TIPO_DATO15__LBIRTHES_FROM2017_N1,,,,,,,,,,,,,
IT1:25_74_DF_DCIS_NATI1_8(1.0),A,ITF1,LBIRTHES_FROM2017,TOTAL,Y23,TOTAL,ALL,99,99,ALL,ALL,WORLD,9,2019,162,,,,TIPO_DATO15__LBIRTHES_FROM2017_N1,,,,,,,,,,,,,
IT1:25_74_DF_DCIS_NATI1_8(1.0),A,ITF1,LBIRTHES_FROM2017,TOTAL,Y24,TOTAL,ALL,99,99,ALL,ALL,WORLD,9,2019,179,,,,TIPO_DATO15__LBIRTHES_FROM2017_N1,,,,,,,,,,,,,
IT1:25_74_DF_DCIS_NATI1_8(1.0),A,ITF1,LBIRTHES_FROM2017,TOTAL,Y25,TOTAL,ALL,99,99,ALL,ALL,WORLD,9,2019,228,,,,TIPO_DATO15__LBIRTHES_FROM2017_N1,,,,,,,,,,,,,
IT1:25_74_DF_DCIS_NATI1_8(1.0),A,ITF2,LBIRTHES_FROM2017,FRG,Y_UN17,TOTAL,ALL,99,99,ALL,ALL,WORLD,9,2019,1,,,,TIPO_DATO15__LBIRTHES_FROM2017_N1,,,,,,,,,,,,,
IT1:25_74_DF_DCIS_NATI1_8(1.0),A,ITF2,LBIRTHES_FROM2017,FRG,Y18,TOTAL,ALL,99,99,ALL,ALL,WORLD,9,2019,0,,,,TIPO_DATO15__LBIRTHES_FROM2017_N1,,,,,,,,,,,,,
IT1:25_74_DF_DCIS_NATI1_8(1.0),A,ITF2,LBIRTHES_FROM2017,FRG,Y19,TOTAL,ALL,99,99,ALL,ALL,WORLD,9,2019,5,,,,TIPO_DATO15__LBIRTHES_FROM2017_N1,,,,,,,,,,,,,
IT1:25_74_DF_DCIS_NATI1_8(1.0),A,ITF2,LBIRTHES_FROM2017,FRG,Y20,TOTAL,ALL,99,99,ALL,ALL,WORLD,9,2019,4,,,,TIPO_DATO15__LBIRTHES_FROM2017_N1,,,,,,,,,,,,,
IT1:25_74_DF_DCIS_NATI1_8(1.0),A,ITF2,LBIRTHES_FROM2017,FRG,Y21,TOTAL,ALL,99,99,ALL,ALL,WORLD,9,2019,6,,,,TIPO_DATO15__LBIRTHES_FROM2017_N1,,,,,,,,,,,,,
IT1:25_74_DF_DCIS_NATI1_8(1.0),A,ITF2,LBIRTHES_FROM2017,FRG,Y22,TOTAL,ALL,99,99,ALL,ALL,WORLD,9,2019,9,,,,TIPO_DATO15__LBIRTHES_FROM2017_N1,,,,,,,,,,,,,
IT1:25_74_DF_DCIS_NATI1_8(1.0),A,ITF2,LBIRTHES_FROM2017,FRG,Y23,TOTAL,ALL,99,99,ALL,ALL,WORLD,9,2019,15,,,,TIPO_DATO15__LBIRTHES_FROM2017_N1,,,,,,,,,,,,,
IT1:25_74_DF_DCIS_NATI1_8(1.0),A,ITF2,LBIRTHES_FROM2017,FRG,Y24,TOTAL,ALL,99,99,ALL,ALL,WORLD,9,2019,9,,,,TIPO_DATO15__LBIRTHES_FROM2017_N1,,,,,,,,,,,,,
IT1:25_74_DF_DCIS_NATI1_8(1.0),A,ITF2,LBIRTHES_FROM2017,FRG,Y25,TOTAL,ALL,99,99,ALL,ALL,WORLD,9,2019,12,,,,TIPO_DATO15__LBIRTHES_FROM2017_N1,,,,,,,,,,,,,
IT1:25_74_DF_DCIS_NATI1_8(1.0),A,ITF2,LBIRTHES_FROM2017,ITL,Y_UN17,TOTAL,ALL,99,99,ALL,ALL,WORLD,9,2019,4,,,,TIPO_DATO15__LBIRTHES_FROM2017_N1,,,,,,,,,,,,,
IT1:25_74_DF_DCIS_NATI1_8(1.0),A,ITF2,LBIRTHES_FROM2017,ITL,Y18,TOTAL,ALL,99,99,ALL,ALL,WORLD,9,2019,2,,,,TIPO_DATO15__LBIRTHES_FROM2017_N1,,,,,,,,,,,,,
IT1:25_74_DF_DCIS_NATI1_8(1.0),A,ITF2,LBIRTHES_FROM2017,ITL,Y19,TOTAL,ALL,99,99,ALL,ALL,WORLD,9,2019,8,,,,TIPO_DATO15__LBIRTHES_FROM2017_N1,,,,,,,,,,,,,
IT1:25_74_DF_DCIS_NATI1_8(1.0),A,ITF2,LBIRTHES_FROM2017,ITL,Y20,TOTAL,ALL,99,99,ALL,ALL,WORLD,9,2019,14,,,,TIPO_DATO15__LBIRTHES_FROM2017_N1,,,,,,,,,,,,,
IT1:25_74_DF_DCIS_NATI1_8(1.0),A,ITF2,LBIRTHES_FROM2017,ITL,Y21,TOTAL,ALL,99,99,ALL,ALL,WORLD,9,2019,14,,,,TIPO_DATO15__LBIRTHES_FROM2017_N1,,,,,,,,,,,,,
IT1:25_74_DF_DCIS_NATI1_8(1.0),A,ITF2,LBIRTHES_FROM2017,ITL,Y22,TOTAL,ALL,99,99,ALL,ALL,WORLD,9,2019,18,,,,TIPO_DATO15__LBIRTHES_FROM2017_N1,,,,,,,,,,,,,
IT1:25_74_DF_DCIS_NATI1_8(1.0),A,ITF2,LBIRTHES_FROM2017,ITL,Y23,TOTAL,ALL,99,99,ALL,ALL,WORLD,9,2019,27,,,,TIPO_DATO15__LBIRTHES_FROM2017_N1,,,,,,,,,,,,,
IT1:25_74_DF_DCIS_NATI1_8(1.0),A,ITF2,LBIRTHES_FROM2017,ITL,Y24,TOTAL,ALL,99,99,ALL,ALL,WORLD,9,2019,27,,,,TIPO_DATO15__LBIRTHES_FROM2017_N1,,,,,,,,,,,,,
IT1:25_74_DF_DCIS_NATI1_8(1.0),A,ITF2,LBIRTHES_FROM2017,ITL,Y25,TOTAL,ALL,99,99,ALL,ALL,WORLD,9,2019,33,,,,TIPO_DATO15__LBIRTHES_FROM2017_N1,,,,,,,,,,,,,
IT1:25_74_DF_DCIS_NATI1_8(1.0),A,ITF2,LBIRTHES_FROM2017,TOTAL,Y_UN17,TOTAL,ALL,99,99,ALL,ALL,WORLD,9,2019,5,,,,TIPO_DATO15__LBIRTHES_FROM2017_N1,,,,,,,,,,,,,
IT1:25_74_DF_DCIS_NATI1_8(1.0),A,ITF2,LBIRTHES_FROM2017,TOTAL,Y18,TOTAL,ALL,99,99,ALL,ALL,WORLD,9,2019,2,,,,TIPO_DATO15__LBIRTHES_FROM2017_N1,,,,,,,,,,,,,
IT1:25_74_DF_DCIS_NATI1_8(1.0),A,ITF2,LBIRTHES_FROM2017,TOTAL,Y19,TOTAL,ALL,99,99,ALL,ALL,WORLD,9,2019,13,,,,TIPO_DATO15__LBIRTHES_FROM2017_N1,,,,,,,,,,,,,
IT1:25_74_DF_DCIS_NATI1_8(1.0),A,ITF2,LBIRTHES_FROM2017,TOTAL,Y20,TOTAL,ALL,99,99,ALL,ALL,WORLD,9,2019,18,,,,TIPO_DATO15__LBIRTHES_FROM2017_N1,,,,,,,,,,,,,
IT1:25_74_DF_DCIS_NATI1_8(1.0),A,ITF2,LBIRTHES_FROM2017,TOTAL,Y21,TOTAL,ALL,99,99,ALL,ALL,WORLD,9,2019,20,,,,TIPO_DATO15__LBIRTHES_FROM2017_N1,,,,,,,,,,,,,
IT1:25_74_DF_DCIS_NATI1_8(1.0),A,ITF2,LBIRTHES_FROM2017,TOTAL,Y22,TOTAL,ALL,99,99,ALL,ALL,WORLD,9,2019,27,,,,TIPO_DATO15__LBIRTHES_FROM2017_N1,,,,,,,,,,,,,
IT1:25_74_DF_DCIS_NATI1_8(1.0),A,ITF2,LBIRTHES_FROM2017,TOTAL,Y23,TOTAL,ALL,99,99,ALL,ALL,WORLD,9,2019,42,,,,TIPO_DATO15__LBIRTHES_FROM2017_N1,,,,,,,,,,,,,
IT1:25_74_DF_DCIS_NATI1_8(1.0),A,ITF2,LBIRTHES_FROM2017,TOTAL,Y24,TOTAL,ALL,99,99,ALL,ALL,WORLD,9,2019,36,,,,TIPO_DATO15__LBIRTHES_FROM2017_N1,,,,,,,,,,,,,
IT1:25_74_DF_DCIS_NATI1_8(1.0),A,ITF2,LBIRTHES_FROM2017,TOTAL,Y25,TOTAL,ALL,99,99,ALL,ALL,WORLD,9,2019,45,,,,TIPO_DATO15__LBIRTHES_FROM2017_N1,,,,,,,,,,,,,
IT1:25_74_DF_DCIS_NATI1_8(1.0),A,ITF3,LBIRTHES_FROM2017,FRG,Y_UN17,TOTAL,ALL,99,99,ALL,ALL,WORLD,9,2019,28,,,,TIPO_DATO15__LBIRTHES_FROM2017_N1,,,,,,,,,,,,,
IT1:25_74_DF_DCIS_NATI1_8(1.0),A,ITF3,LBIRTHES_FROM2017,FRG,Y18,TOTAL,ALL,99,99,ALL,ALL,WORLD,9,2019,22,,,,TIPO_DATO15__LBIRTHES_FROM2017_N1,,,,,,,,,,,,,
IT1:25_74_DF_DCIS_NATI1_8(1.0),A,ITF3,LBIRTHES_FROM2017,FRG,Y19,TOTAL,ALL,99,99,ALL,ALL,WORLD,9,2019,38,,,,TIPO_DATO15__LBIRTHES_FROM2017_N1,,,,,,,,,,,,,
IT1:25_74_DF_DCIS_NATI1_8(1.0),A,ITF3,LBIRTHES_FROM2017,FRG,Y20,TOTAL,ALL,99,99,ALL,ALL,WORLD,9,2019,62,,,,TIPO_DATO15__LBIRTHES_FROM2017_N1,,,,,,,,,,,,,
IT1:25_74_DF_DCIS_NATI1_8(1.0),A,ITF3,LBIRTHES_FROM2017,FRG,Y21,TOTAL,ALL,99,99,ALL,ALL,WORLD,9,2019,90,,,,TIPO_DATO15__LBIRTHES_FROM2017_N1,,,,,,,,,,,,,
IT1:25_74_DF_DCIS_NATI1_8(1.0),A,ITF3,LBIRTHES_FROM2017,FRG,Y22,TOTAL,ALL,99,99,ALL,ALL,WORLD,9,2019,100,,,,TIPO_DATO15__LBIRTHES_FROM2017_N1,,,,,,,,,,,,,
IT1:25_74_DF_DCIS_NATI1_8(1.0),A,ITF3,LBIRTHES_FROM2017,FRG,Y23,TOTAL,ALL,99,99,ALL,ALL,WORLD,9,2019,116,,,,TIPO_DATO15__LBIRTHES_FROM2017_N1,,,,,,,,,,,,,
IT1:25_74_DF_DCIS_NATI1_8(1.0),A,ITF3,LBIRTHES_FROM2017,FRG,Y24,TOTAL,ALL,99,99,ALL,ALL,WORLD,9,2019,143,,,,TIPO_DATO15__LBIRTHES_FROM2017_N1,,,,,,,,,,,,,
IT1:25_74_DF_DCIS_NATI1_8(1.0),A,ITF3,LBIRTHES_FROM2017,FRG,Y25,TOTAL,ALL,99,99,ALL,ALL,WORLD,9,2019,158,,,,TIPO_DATO15__LBIRTHES_FROM2017_N1,,,,,,,,,,,,,
IT1:25_74_DF_DCIS_NATI1_8(1.0),A,ITF3,LBIRTHES_FROM2017,ITL,Y_UN17,TOTAL,ALL,99,99,ALL,ALL,WORLD,9,2019,198,,,,TIPO_DATO15__LBIRTHES_FROM2017_N1,,,,,,,,,,,,,
IT1:25_74_DF_DCIS_NATI1_8(1.0),A,ITF3,LBIRTHES_FROM2017,ITL,Y18,TOTAL,ALL,99,99,ALL,ALL,WORLD,9,2019,212,,,,TIPO_DATO15__LBIRTHES_FROM2017_N1,,,,,,,,,,,,,
IT1:25_74_DF_DCIS_NATI1_8(1.0),A,ITF3,LBIRTHES_FROM2017,ITL,Y19,TOTAL,ALL,99,99,ALL,ALL,WORLD,9,2019,357,,,,TIPO_DATO15__LBIRTHES_FROM2017_N1,,,,,,,,,,,,,
IT1:25_74_DF_DCIS_NATI1_8(1.0),A,ITF3,LBIRTHES_FROM2017,ITL,Y20,TOTAL,ALL,99,99,ALL,ALL,WORLD,9,2019,525,,,,TIPO_DATO15__LBIRTHES_FROM2017_N1,,,,,,,,,,,,,
IT1:25_74_DF_DCIS_NATI1_8(1.0),A,ITF3,LBIRTHES_FROM2017,ITL,Y21,TOTAL,ALL,99,99,ALL,ALL,WORLD,9,2019,535,,,,TIPO_DATO15__LBIRTHES_FROM2017_N1,,,,,,,,,,,,,
IT1:25_74_DF_DCIS_NATI1_8(1.0),A,ITF3,LBIRTHES_FROM2017,ITL,Y22,TOTAL,ALL,99,99,ALL,ALL,WORLD,9,2019,749,,,,TIPO_DATO15__LBIRTHES_FROM2017_N1,,,,,,,,,,,,,
IT1:25_74_DF_DCIS_NATI1_8(1.0),A,ITF3,LBIRTHES_FROM2017,ITL,Y23,TOTAL,ALL,99,99,ALL,ALL,WORLD,9,2019,879,,,,TIPO_DATO15__LBIRTHES_FROM2017_N1,,,,,,,,,,,,,
IT1:25_74_DF_DCIS_NATI1_8(1.0),A,ITF3,LBIRTHES_FROM2017,ITL,Y24,TOTAL,ALL,99,99,ALL,ALL,WORLD,9,2019,1046,,,,TIPO_DATO15__LBIRTHES_FROM2017_N1,,,,,,,,,,,,,
IT1:25_74_DF_DCIS_NATI1_8(1.0),A,ITF3,LBIRTHES_FROM2017,ITL,Y25,TOTAL,ALL,99,99,ALL,ALL,WORLD,9,2019,1401,,,,TIPO_DATO15__LBIRTHES_FROM2017_N1,,,,,,,,,,,,,
IT1:25_74_DF_DCIS_NATI1_8(1.0),A,ITF3,LBIRTHES_FROM2017,TOTAL,Y_UN17,TOTAL,ALL,99,99,ALL,ALL,WORLD,9,2019,226,,,,TIPO_DATO15__LBIRTHES_FROM2017_N1,,,,,,,,,,,,,
IT1:25_74_DF_DCIS_NATI1_8(1.0),A,ITF3,LBIRTHES_FROM2017,TOTAL,Y18,TOTAL,ALL,99,99,ALL,ALL,WORLD,9,2019,234,,,,TIPO_DATO15__LBIRTHES_FROM2017_N1,,,,,,,,,,,,,
IT1:25_74_DF_DCIS_NATI1_8(1.0),A,ITF3,LBIRTHES_FROM2017,TOTAL,Y19,TOTAL,ALL,99,99,ALL,ALL,WORLD,9,2019,395,,,,TIPO_DATO15__LBIRTHES_FROM2017_N1,,,,,,,,,,,,,
IT1:25_74_DF_DCIS_NATI1_8(1.0),A,ITF3,LBIRTHES_FROM2017,TOTAL,Y20,TOTAL,ALL,99,99,ALL,ALL,WORLD,9,2019,587,,,,TIPO_DATO15__LBIRTHES_FROM2017_N1,,,,,,,,,,,,,
IT1:25_74_DF_DCIS_NATI1_8(1.0),A,ITF3,LBIRTHES_FROM2017,TOTAL,Y21,TOTAL,ALL,99,99,ALL,ALL,WORLD,9,2019,625,,,,TIPO_DATO15__LBIRTHES_FROM2017_N1,,,,,,,,,,,,,
IT1:25_74_DF_DCIS_NATI1_8(1.0),A,ITF3,LBIRTHES_FROM2017,TOTAL,Y22,TOTAL,ALL,99,99,ALL,ALL,WORLD,9,2019,849,,,,TIPO_DATO15__LBIRTHES_FROM2017_N1,,,,,,,,,,,,,
IT1:25_74_DF_DCIS_NATI1_8(1.0),A,ITF3,LBIRTHES_FROM2017,TOTAL,Y23,TOTAL,ALL,99,99,ALL,ALL,WORLD,9,2019,995,,,,TIPO_DATO15__LBIRTHES_FROM2017_N1,,,,,,,,,,,,,
IT1:25_74_DF_DCIS_NATI1_8(1.0),A,ITF3,LBIRTHES_FROM2017,TOTAL,Y24,TOTAL,ALL,99,99,ALL,ALL,WORLD,9,2019,1189,,,,TIPO_DATO15__LBIRTHES_FROM2017_N1,,,,,,,,,,,,,
IT1:25_74_DF_DCIS_NATI1_8(1.0),A,ITF3,LBIRTHES_FROM2017,TOTAL,Y25,TOTAL,ALL,99,99,ALL,ALL,WORLD,9,2019,1559,,,,TIPO_DATO15__LBIRTHES_FROM2017_N1,,,,,,,,,,,,,
IT1:25_74_DF_DCIS_NATI1_8(1.0),A,ITF4,LBIRTHES_FROM2017,FRG,Y_UN17,TOTAL,ALL,99,99,ALL,ALL,WORLD,9,2019,11,,,,TIPO_DATO15__LBIRTHES_FROM2017_N1,,,,,,,,,,,,,
IT1:25_74_DF_DCIS_NATI1_8(1.0),A,ITF4,LBIRTHES_FROM2017,FRG,Y18,TOTAL,ALL,99,99,ALL,ALL,WORLD,9,2019,16,,,,TIPO_DATO15__LBIRTHES_FROM2017_N1,,,,,,,,,,,,,
IT1:25_74_DF_DCIS_NATI1_8(1.0),A,ITF4,LBIRTHES_FROM2017,FRG,Y19,TOTAL,ALL,99,99,ALL,ALL,WORLD,9,2019,36,,,,TIPO_DATO15__LBIRTHES_FROM2017_N1,,,,,,,,,,,,,
IT1:25_74_DF_DCIS_NATI1_8(1.0),A,ITF4,LBIRTHES_FROM2017,FRG,Y20,TOTAL,ALL,99,99,ALL,ALL,WORLD,9,2019,59,,,,TIPO_DATO15__LBIRTHES_FROM2017_N1,,,,,,,,,,,,,
IT1:25_74_DF_DCIS_NATI1_8(1.0),A,ITF4,LBIRTHES_FROM2017,FRG,Y21,TOTAL,ALL,99,99,ALL,ALL,WORLD,9,2019,77,,,,TIPO_DATO15__LBIRTHES_FROM2017_N1,,,,,,,,,,,,,
IT1:25_74_DF_DCIS_NATI1_8(1.0),A,ITF4,LBIRTHES_FROM2017,FRG,Y22,TOTAL,ALL,99,99,ALL,ALL,WORLD,9,2019,67,,,,TIPO_DATO15__LBIRTHES_FROM2017_N1,,,,,,,,,,,,,
IT1:25_74_DF_DCIS_NATI1_8(1.0),A,ITF4,LBIRTHES_FROM2017,FRG,Y23,TOTAL,ALL,99,99,ALL,ALL,WORLD,9,2019,83,,,,TIPO_DATO15__LBIRTHES_FROM2017_N1,,,,,,,,,,,,,
IT1:25_74_DF_DCIS_NATI1_8(1.0),A,ITF4,LBIRTHES_FROM2017,FRG,Y24,TOTAL,ALL,99,99,ALL,ALL,WORLD,9,2019,91,,,,TIPO_DATO15__LBIRTHES_FROM2017_N1,,,,,,,,,,,,,
IT1:25_74_DF_DCIS_NATI1_8(1.0),A,ITF4,LBIRTHES_FROM2017,FRG,Y25,TOTAL,ALL,99,99,ALL,ALL,WORLD,9,2019,117,,,,TIPO_DATO15__LBIRTHES_FROM2017_N1,,,,,,,,,,,,,
IT1:25_74_DF_DCIS_NATI1_8(1.0),A,ITF4,LBIRTHES_FROM2017,ITL,Y_UN17,TOTAL,ALL,99,99,ALL,ALL,WORLD,9,2019,109,,,,TIPO_DATO15__LBIRTHES_FROM2017_N1,,,,,,,,,,,,,
IT1:25_74_DF_DCIS_NATI1_8(1.0),A,ITF4,LBIRTHES_FROM2017,ITL,Y18,TOTAL,ALL,99,99,ALL,ALL,WORLD,9,2019,138,,,,TIPO_DATO15__LBIRTHES_FROM2017_N1,,,,,,,,,,,,,
IT1:25_74_DF_DCIS_NATI1_8(1.0),A,ITF4,LBIRTHES_FROM2017,ITL,Y19,TOTAL,ALL,99,99,ALL,ALL,WORLD,9,2019,199,,,,TIPO_DATO15__LBIRTHES_FROM2017_N1,,,,,,,,,,,,,
IT1:25_74_DF_DCIS_NATI1_8(1.0),A,ITF4,LBIRTHES_FROM2017,ITL,Y20,TOTAL,ALL,99,99,ALL,ALL,WORLD,9,2019,254,,,,TIPO_DATO15__LBIRTHES_FROM2017_N1,,,,,,,,,,,,,
IT1:25_74_DF_DCIS_NATI1_8(1.0),A,ITF4,LBIRTHES_FROM2017,ITL,Y21,TOTAL,ALL,99,99,ALL,ALL,WORLD,9,2019,326,,,,TIPO_DATO15__LBIRTHES_FROM2017_N1,,,,,,,,,,,,,
IT1:25_74_DF_DCIS_NATI1_8(1.0),A,ITF4,LBIRTHES_FROM2017,ITL,Y22,TOTAL,ALL,99,99,ALL,ALL,WORLD,9,2019,400,,,,TIPO_DATO15__LBIRTHES_FROM2017_N1,,,,,,,,,,,,,
IT1:25_74_DF_DCIS_NATI1_8(1.0),A,ITF4,LBIRTHES_FROM2017,ITL,Y23,TOTAL,ALL,99,99,ALL,ALL,WORLD,9,2019,453,,,,TIPO_DATO15__LBIRTHES_FROM2017_N1,,,,,,,,,,,,,
IT1:25_74_DF_DCIS_NATI1_8(1.0),A,ITF4,LBIRTHES_FROM2017,ITL,Y24,TOTAL,ALL,99,99,ALL,ALL,WORLD,9,2019,572,,,,TIPO_DATO15__LBIRTHES_FROM2017_N1,,,,,,,,,,,,,
IT1:25_74_DF_DCIS_NATI1_8(1.0),A,ITF4,LBIRTHES_FROM2017,ITL,Y25,TOTAL,ALL,99,99,ALL,ALL,WORLD,9,2019,684,,,,TIPO_DATO15__LBIRTHES_FROM2017_N1,,,,,,,,,,,,,
IT1:25_74_DF_DCIS_NATI1_8(1.0),A,ITF4,LBIRTHES_FROM2017,TOTAL,Y_UN17,TOTAL,ALL,99,99,ALL,ALL,WORLD,9,2019,120,,,,TIPO_DATO15__LBIRTHES_FROM2017_N1,,,,,,,,,,,,,
IT1:25_74_DF_DCIS_NATI1_8(1.0),A,ITF4,LBIRTHES_FROM2017,TOTAL,Y18,TOTAL,ALL,99,99,ALL,ALL,WORLD,9,2019,154,,,,TIPO_DATO15__LBIRTHES_FROM2017_N1,,,,,,,,,,,,,
IT1:25_74_DF_DCIS_NATI1_8(1.0),A,ITF4,LBIRTHES_FROM2017,TOTAL,Y19,TOTAL,ALL,99,99,ALL,ALL,WORLD,9,2019,235,,,,TIPO_DATO15__LBIRTHES_FROM2017_N1,,,,,,,,,,,,,
IT1:25_74_DF_DCIS_NATI1_8(1.0),A,ITF4,LBIRTHES_FROM2017,TOTAL,Y20,TOTAL,ALL,99,99,ALL,ALL,WORLD,9,2019,313,,,,TIPO_DATO15__LBIRTHES_FROM2017_N1,,,,,,,,,,,,,
IT1:25_74_DF_DCIS_NATI1_8(1.0),A,ITF4,LBIRTHES_FROM2017,TOTAL,Y21,TOTAL,ALL,99,99,ALL,ALL,WORLD,9,2019,403,,,,TIPO_DATO15__LBIRTHES_FROM2017_N1,,,,,,,,,,,,,
IT1:25_74_DF_DCIS_NATI1_8(1.0),A,ITF4,LBIRTHES_FROM2017,TOTAL,Y22,TOTAL,ALL,99,99,ALL,ALL,WORLD,9,2019,467,,,,TIPO_DATO15__LBIRTHES_FROM2017_N1,,,,,,,,,,,,,
IT1:25_74_DF_DCIS_NATI1_8(1.0),A,ITF4,LBIRTHES_FROM2017,TOTAL,Y23,TOTAL,ALL,99,99,ALL,ALL,WORLD,9,2019,536,,,,TIPO_DATO15__LBIRTHES_FROM2017_N1,,,,,,,,,,,,,
IT1:25_74_DF_DCIS_NATI1_8(1.0),A,ITF4,LBIRTHES_FROM2017,TOTAL,Y24,TOTAL,ALL,99,99,ALL,ALL,WORLD,9,2019,663,,,,TIPO_DATO15__LBIRTHES_FROM2017_N1,,,,,,,,,,,,,
IT1:25_74_DF_DCIS_NATI1_8(1.0),A,ITF4,LBIRTHES_FROM2017,TOTAL,Y25,TOTAL,ALL,99,99,ALL,ALL,WORLD,9,2019,801,,,,TIPO_DATO15__LBIRTHES_FROM2017_N1,,,,,,,,,,,,,
IT1:25_74_DF_DCIS_NATI1_8(1.0),A,ITF5,LBIRTHES_FROM2017,FRG,Y_UN17,TOTAL,ALL,99,99,ALL,ALL,WORLD,9,2019,2,,,,TIPO_DATO15__LBIRTHES_FROM2017_N1,,,,,,,,,,,,,
IT1:25_74_DF_DCIS_NATI1_8(1.0),A,ITF5,LBIRTHES_FROM2017,FRG,Y18,TOTAL,ALL,99,99,ALL,ALL,WORLD,9,2019,1,,,,TIPO_DATO15__LBIRTHES_FROM2017_N1,,,,,,,,,,,,,
IT1:25_74_DF_DCIS_NATI1_8(1.0),A,ITF5,LBIRTHES_FROM2017,FRG,Y19,TOTAL,ALL,99,99,ALL,ALL,WORLD,9,2019,6,,,,TIPO_DATO15__LBIRTHES_FROM2017_N1,,,,,,,,,,,,,
IT1:25_74_DF_DCIS_NATI1_8(1.0),A,ITF5,LBIRTHES_FROM2017,FRG,Y20,TOTAL,ALL,99,99,ALL,ALL,WORLD,9,2019,9,,,,TIPO_DATO15__LBIRTHES_FROM2017_N1,,,,,,,,,,,,,
IT1:25_74_DF_DCIS_NATI1_8(1.0),A,ITF5,LBIRTHES_FROM2017,FRG,Y21,TOTAL,ALL,99,99,ALL,ALL,WORLD,9,2019,12,,,,TIPO_DATO15__LBIRTHES_FROM2017_N1,,,,,,,,,,,,,
IT1:25_74_DF_DCIS_NATI1_8(1.0),A,ITF5,LBIRTHES_FROM2017,FRG,Y22,TOTAL,ALL,99,99,ALL,ALL,WORLD,9,2019,10,,,,TIPO_DATO15__LBIRTHES_FROM2017_N1,,,,,,,,,,,,,
IT1:25_74_DF_DCIS_NATI1_8(1.0),A,ITF5,LBIRTHES_FROM2017,FRG,Y23,TOTAL,ALL,99,99,ALL,ALL,WORLD,9,2019,14,,,,TIPO_DATO15__LBIRTHES_FROM2017_N1,,,,,,,,,,,,,
IT1:25_74_DF_DCIS_NATI1_8(1.0),A,ITF5,LBIRTHES_FROM2017,FRG,Y24,TOTAL,ALL,99,99,ALL,ALL,WORLD,9,2019,9,,,,TIPO_DATO15__LBIRTHES_FROM2017_N1,,,,,,,,,,,,,
IT1:25_74_DF_DCIS_NATI1_8(1.0),A,ITF5,LBIRTHES_FROM2017,FRG,Y25,TOTAL,ALL,99,99,ALL,ALL,WORLD,9,2019,14,,,,TIPO_DATO15__LBIRTHES_FROM2017_N1,,,,,,,,,,,,,
IT1:25_74_DF_DCIS_NATI1_8(1.0),A,ITF5,LBIRTHES_FROM2017,ITL,Y_UN17,TOTAL,ALL,99,99,ALL,ALL,WORLD,9,2019,3,,,,TIPO_DATO15__LBIRTHES_FROM2017_N1,,,,,,,,,,,,,
IT1:25_74_DF_DCIS_NATI1_8(1.0),A,ITF5,LBIRTHES_FROM2017,ITL,Y18,TOTAL,ALL,99,99,ALL,ALL,WORLD,9,2019,8,,,,TIPO_DATO15__LBIRTHES_FROM2017_N1,,,,,,,,,,,,,
IT1:25_74_DF_DCIS_NATI1_8(1.0),A,ITF5,LBIRTHES_FROM2017,ITL,Y19,TOTAL,ALL,99,99,ALL,ALL,WORLD,9,2019,11,,,,TIPO_DATO15__LBIRTHES_FROM2017_N1,,,,,,,,,,,,,
IT1:25_74_DF_DCIS_NATI1_8(1.0),A,ITF5,LBIRTHES_FROM2017,ITL,Y20,TOTAL,ALL,99,99,ALL,ALL,WORLD,9,2019,23,,,,TIPO_DATO15__LBIRTHES_FROM2017_N1,,,,,,,,,,,,,
IT1:25_74_DF_DCIS_NATI1_8(1.0),A,ITF5,LBIRTHES_FROM2017,ITL,Y21,TOTAL,ALL,99,99,ALL,ALL,WORLD,9,2019,30,,,,TIPO_DATO15__LBIRTHES_FROM2017_N1,,,,,,,,,,,,,
IT1:25_74_DF_DCIS_NATI1_8(1.0),A,ITF5,LBIRTHES_FROM2017,ITL,Y22,TOTAL,ALL,99,99,ALL,ALL,WORLD,9,2019,28,,,,TIPO_DATO15__LBIRTHES_FROM2017_N1,,,,,,,,,,,,,
IT1:25_74_DF_DCIS_NATI1_8(1.0),A,ITF5,LBIRTHES_FROM2017,ITL,Y23,TOTAL,ALL,99,99,ALL,ALL,WORLD,9,2019,45,,,,TIPO_DATO15__LBIRTHES_FROM2017_N1,,,,,,,,,,,,,
IT1:25_74_DF_DCIS_NATI1_8(1.0),A,ITF5,LBIRTHES_FROM2017,ITL,Y24,TOTAL,ALL,99,99,ALL,ALL,WORLD,9,2019,57,,,,TIPO_DATO15__LBIRTHES_FROM2017_N1,,,,,,,,,,,,,
IT1:25_74_DF_DCIS_NATI1_8(1.0),A,ITF5,LBIRTHES_FROM2017,ITL,Y25,TOTAL,ALL,99,99,ALL,ALL,WORLD,9,2019,62,,,,TIPO_DATO15__LBIRTHES_FROM2017_N1,,,,,,,,,,,,,
IT1:25_74_DF_DCIS_NATI1_8(1.0),A,ITF5,LBIRTHES_FROM2017,TOTAL,Y_UN17,TOTAL,ALL,99,99,ALL,ALL,WORLD,9,2019,5,,,,TIPO_DATO15__LBIRTHES_FROM2017_N1,,,,,,,,,,,,,
IT1:25_74_DF_DCIS_NATI1_8(1.0),A,ITF5,LBIRTHES_FROM2017,TOTAL,Y18,TOTAL,ALL,99,99,ALL,ALL,WORLD,9,2019,9,,,,TIPO_DATO15__LBIRTHES_FROM2017_N1,,,,,,,,,,,,,
IT1:25_74_DF_DCIS_NATI1_8(1.0),A,ITF5,LBIRTHES_FROM2017,TOTAL,Y19,TOTAL,ALL,99,99,ALL,ALL,WORLD,9,2019,17,,,,TIPO_DATO15__LBIRTHES_FROM2017_N1,,,,,,,,,,,,,
IT1:25_74_DF_DCIS_NATI1_8(1.0),A,ITF5,LBIRTHES_FROM2017,TOTAL,Y20,TOTAL,ALL,99,99,ALL,ALL,WORLD,9,2019,32,,,,TIPO_DATO15__LBIRTHES_FROM2017_N1,,,,,,,,,,,,,
IT1:25_74_DF_DCIS_NATI1_8(1.0),A,ITF5,LBIRTHES_FROM2017,TOTAL,Y21,TOTAL,ALL,99,99,ALL,ALL,WORLD,9,2019,42,,,,TIPO_DATO15__LBIRTHES_FROM2017_N1,,,,,,,,,,,,,
IT1:25_74_DF_DCIS_NATI1_8(1.0),A,ITF5,LBIRTHES_FROM2017,TOTAL,Y22,TOTAL,ALL,99,99,ALL,ALL,WORLD,9,2019,38,,,,TIPO_DATO15__LBIRTHES_FROM2017_N1,,,,,,,,,,,,,
IT1:25_74_DF_DCIS_NATI1_8(1.0),A,ITF5,LBIRTHES_FROM2017,TOTAL,Y23,TOTAL,ALL,99,99,ALL,ALL,WORLD,9,2019,59,,,,TIPO_DATO15__LBIRTHES_FROM2017_N1,,,,,,,,,,,,,
IT1:25_74_DF_DCIS_NATI1_8(1.0),A,ITF5,LBIRTHES_FROM2017,TOTAL,Y24,TOTAL,ALL,99,99,ALL,ALL,WORLD,9,2019,66,,,,TIPO_DATO15__LBIRTHES_FROM2017_N1,,,,,,,,,,,,,
IT1:25_74_DF_DCIS_NATI1_8(1.0),A,ITF5,LBIRTHES_FROM2017,TOTAL,Y25,TOTAL,ALL,99,99,ALL,ALL,WORLD,9,2019,76,,,,TIPO_DATO15__LBIRTHES_FROM2017_N1,,,,,,,,,,,,,
IT1:25_74_DF_DCIS_NATI1_8(1.0),A,ITF6,LBIRTHES_FROM2017,FRG,Y_UN17,TOTAL,ALL,99,99,ALL,ALL,WORLD,9,2019,6,,,,TIPO_DATO15__LBIRTHES_FROM2017_N1,,,,,,,,,,,,,
IT1:25_74_DF_DCIS_NATI1_8(1.0),A,ITF6,LBIRTHES_FROM2017,FRG,Y18,TOTAL,ALL,99,99,ALL,ALL,WORLD,9,2019,15,,,,TIPO_DATO15__LBIRTHES_FROM2017_N1,,,,,,,,,,,,,
IT1:25_74_DF_DCIS_NATI1_8(1.0),A,ITF6,LBIRTHES_FROM2017,FRG,Y19,TOTAL,ALL,99,99,ALL,ALL,WORLD,9,2019,22,,,,TIPO_DATO15__LBIRTHES_FROM2017_N1,,,,,,,,,,,,,
IT1:25_74_DF_DCIS_NATI1_8(1.0),A,ITF6,LBIRTHES_FROM2017,FRG,Y20,TOTAL,ALL,99,99,ALL,ALL,WORLD,9,2019,34,,,,TIPO_DATO15__LBIRTHES_FROM2017_N1,,,,,,,,,,,,,
IT1:25_74_DF_DCIS_NATI1_8(1.0),A,ITF6,LBIRTHES_FROM2017,FRG,Y21,TOTAL,ALL,99,99,ALL,ALL,WORLD,9,2019,45,,,,TIPO_DATO15__LBIRTHES_FROM2017_N1,,,,,,,,,,,,,
IT1:25_74_DF_DCIS_NATI1_8(1.0),A,ITF6,LBIRTHES_FROM2017,FRG,Y22,TOTAL,ALL,99,99,ALL,ALL,WORLD,9,2019,45,,,,TIPO_DATO15__LBIRTHES_FROM2017_N1,,,,,,,,,,,,,
IT1:25_74_DF_DCIS_NATI1_8(1.0),A,ITF6,LBIRTHES_FROM2017,FRG,Y23,TOTAL,ALL,99,99,ALL,ALL,WORLD,9,2019,45,,,,TIPO_DATO15__LBIRTHES_FROM2017_N1,,,,,,,,,,,,,
IT1:25_74_DF_DCIS_NATI1_8(1.0),A,ITF6,LBIRTHES_FROM2017,FRG,Y24,TOTAL,ALL,99,99,ALL,ALL,WORLD,9,2019,58,,,,TIPO_DATO15__LBIRTHES_FROM2017_N1,,,,,,,,,,,,,
IT1:25_74_DF_DCIS_NATI1_8(1.0),A,ITF6,LBIRTHES_FROM2017,FRG,Y25,TOTAL,ALL,99,99,ALL,ALL,WORLD,9,2019,69,,,,TIPO_DATO15__LBIRTHES_FROM2017_N1,,,,,,,,,,,,,
IT1:25_74_DF_DCIS_NATI1_8(1.0),A,ITF6,LBIRTHES_FROM2017,ITL,Y_UN17,TOTAL,ALL,99,99,ALL,ALL,WORLD,9,2019,31,,,,TIPO_DATO15__LBIRTHES_FROM2017_N1,,,,,,,,,,,,,
IT1:25_74_DF_DCIS_NATI1_8(1.0),A,ITF6,LBIRTHES_FROM2017,ITL,Y18,TOTAL,ALL,99,99,ALL,ALL,WORLD,9,2019,58,,,,TIPO_DATO15__LBIRTHES_FROM2017_N1,,,,,,,,,,,,,
IT1:25_74_DF_DCIS_NATI1_8(1.0),A,ITF6,LBIRTHES_FROM2017,ITL,Y19,TOTAL,ALL,99,99,ALL,ALL,WORLD,9,2019,77,,,,TIPO_DATO15__LBIRTHES_FROM2017_N1,,,,,,,,,,,,,
IT1:25_74_DF_DCIS_NATI1_8(1.0),A,ITF6,LBIRTHES_FROM2017,ITL,Y20,TOTAL,ALL,99,99,ALL,ALL,WORLD,9,2019,104,,,,TIPO_DATO15__LBIRTHES_FROM2017_N1,,,,,,,,,,,,,
IT1:25_74_DF_DCIS_NATI1_8(1.0),A,ITF6,LBIRTHES_FROM2017,ITL,Y21,TOTAL,ALL,99,99,ALL,ALL,WORLD,9,2019,138,,,,TIPO_DATO15__LBIRTHES_FROM2017_N1,,,,,,,,,,,,,
IT1:25_74_DF_DCIS_NATI1_8(1.0),A,ITF6,LBIRTHES_FROM2017,ITL,Y22,TOTAL,ALL,99,99,ALL,ALL,WORLD,9,2019,159,,,,TIPO_DATO15__LBIRTHES_FROM2017_N1,,,,,,,,,,,,,
IT1:25_74_DF_DCIS_NATI1_8(1.0),A,ITF6,LBIRTHES_FROM2017,ITL,Y23,TOTAL,ALL,99,99,ALL,ALL,WORLD,9,2019,237,,,,TIPO_DATO15__LBIRTHES_FROM2017_N1,,,,,,,,,,,,,
IT1:25_74_DF_DCIS_NATI1_8(1.0),A,ITF6,LBIRTHES_FROM2017,ITL,Y24,TOTAL,ALL,99,99,ALL,ALL,WORLD,9,2019,299,,,,TIPO_DATO15__LBIRTHES_FROM2017_N1,,,,,,,,,,,,,
IT1:25_74_DF_DCIS_NATI1_8(1.0),A,ITF6,LBIRTHES_FROM2017,ITL,Y25,TOTAL,ALL,99,99,ALL,ALL,WORLD,9,2019,430,,,,TIPO_DATO15__LBIRTHES_FROM2017_N1,,,,,,,,,,,,,
IT1:25_74_DF_DCIS_NATI1_8(1.0),A,ITF6,LBIRTHES_FROM2017,TOTAL,Y_UN17,TOTAL,ALL,99,99,ALL,ALL,WORLD,9,2019,37,,,,TIPO_DATO15__LBIRTHES_FROM2017_N1,,,,,,,,,,,,,
IT1:25_74_DF_DCIS_NATI1_8(1.0),A,ITF6,LBIRTHES_FROM2017,TOTAL,Y18,TOTAL,ALL,99,99,ALL,ALL,WORLD,9,2019,73,,,,TIPO_DATO15__LBIRTHES_FROM2017_N1,,,,,,,,,,,,,
IT1:25_74_DF_DCIS_NATI1_8(1.0),A,ITF6,LBIRTHES_FROM2017,TOTAL,Y19,TOTAL,ALL,99,99,ALL,ALL,WORLD,9,2019,99,,,,TIPO_DATO15__LBIRTHES_FROM2017_N1,,,,,,,,,,,,,
IT1:25_74_DF_DCIS_NATI1_8(1.0),A,ITF6,LBIRTHES_FROM2017,TOTAL,Y20,TOTAL,ALL,99,99,ALL,ALL,WORLD,9,2019,138,,,,TIPO_DATO15__LBIRTHES_FROM2017_N1,,,,,,,,,,,,,
IT1:25_74_DF_DCIS_NATI1_8(1.0),A,ITF6,LBIRTHES_FROM2017,TOTAL,Y21,TOTAL,ALL,99,99,ALL,ALL,WORLD,9,2019,183,,,,TIPO_DATO15__LBIRTHES_FROM2017_N1,,,,,,,,,,,,,
IT1:25_74_DF_DCIS_NATI1_8(1.0),A,ITF6,LBIRTHES_FROM2017,TOTAL,Y22,TOTAL,ALL,99,99,ALL,ALL,WORLD,9,2019,204,,,,TIPO_DATO15__LBIRTHES_FROM2017_N1,,,,,,,,,,,,,
IT1:25_74_DF_DCIS_NATI1_8(1.0),A,ITF6,LBIRTHES_FROM2017,TOTAL,Y23,TOTAL,ALL,99,99,ALL,ALL,WORLD,9,2019,282,,,,TIPO_DATO15__LBIRTHES_FROM2017_N1,,,,,,,,,,,,,
IT1:25_74_DF_DCIS_NATI1_8(1.0),A,ITF6,LBIRTHES_FROM2017,TOTAL,Y24,TOTAL,ALL,99,99,ALL,ALL,WORLD,9,2019,357,,,,TIPO_DATO15__LBIRTHES_FROM2017_N1,,,,,,,,,,,,,
IT1:25_74_DF_DCIS_NATI1_8(1.0),A,ITF6,LBIRTHES_FROM2017,TOTAL,Y25,TOTAL,ALL,99,99,ALL,ALL,WORLD,9,2019,499,,,,TIPO_DATO15__LBIRTHES_FROM2017_N1,,,,,,,,,,,,,
IT1:25_74_DF_DCIS_NATI1_8(1.0),A,ITG1,LBIRTHES_FROM2017,FRG,Y_UN17,TOTAL,ALL,99,99,ALL,ALL,WORLD,9,2019,16,,,,TIPO_DATO15__LBIRTHES_FROM2017_N1,,,,,,,,,,,,,
IT1:25_74_DF_DCIS_NATI1_8(1.0),A,ITG1,LBIRTHES_FROM2017,FRG,Y18,TOTAL,ALL,99,99,ALL,ALL,WORLD,9,2019,26,,,,TIPO_DATO15__LBIRTHES_FROM2017_N1,,,,,,,,,,,,,
IT1:25_74_DF_DCIS_NATI1_8(1.0),A,ITG1,LBIRTHES_FROM2017,FRG,Y19,TOTAL,ALL,99,99,ALL,ALL,WORLD,9,2019,56,,,,TIPO_DATO15__LBIRTHES_FROM2017_N1,,,,,,,,,,,,,
IT1:25_74_DF_DCIS_NATI1_8(1.0),A,ITG1,LBIRTHES_FROM2017,FRG,Y20,TOTAL,ALL,99,99,ALL,ALL,WORLD,9,2019,61,,,,TIPO_DATO15__LBIRTHES_FROM2017_N1,,,,,,,,,,,,,
IT1:25_74_DF_DCIS_NATI1_8(1.0),A,ITG1,LBIRTHES_FROM2017,FRG,Y21,TOTAL,ALL,99,99,ALL,ALL,WORLD,9,2019,89,,,,TIPO_DATO15__LBIRTHES_FROM2017_N1,,,,,,,,,,,,,
IT1:25_74_DF_DCIS_NATI1_8(1.0),A,ITG1,LBIRTHES_FROM2017,FRG,Y22,TOTAL,ALL,99,99,ALL,ALL,WORLD,9,2019,104,,,,TIPO_DATO15__LBIRTHES_FROM2017_N1,,,,,,,,,,,,,
IT1:25_74_DF_DCIS_NATI1_8(1.0),A,ITG1,LBIRTHES_FROM2017,FRG,Y23,TOTAL,ALL,99,99,ALL,ALL,WORLD,9,2019,122,,,,TIPO_DATO15__LBIRTHES_FROM2017_N1,,,,,,,,,,,,,
IT1:25_74_DF_DCIS_NATI1_8(1.0),A,ITG1,LBIRTHES_FROM2017,FRG,Y24,TOTAL,ALL,99,99,ALL,ALL,WORLD,9,2019,141,,,,TIPO_DATO15__LBIRTHES_FROM2017_N1,,,,,,,,,,,,,
IT1:25_74_DF_DCIS_NATI1_8(1.0),A,ITG1,LBIRTHES_FROM2017,FRG,Y25,TOTAL,ALL,99,99,ALL,ALL,WORLD,9,2019,145,,,,TIPO_DATO15__LBIRTHES_FROM2017_N1,,,,,,,,,,,,,
IT1:25_74_DF_DCIS_NATI1_8(1.0),A,ITG1,LBIRTHES_FROM2017,ITL,Y_UN17,TOTAL,ALL,99,99,ALL,ALL,WORLD,9,2019,254,,,,TIPO_DATO15__LBIRTHES_FROM2017_N1,,,,,,,,,,,,,
IT1:25_74_DF_DCIS_NATI1_8(1.0),A,ITG1,LBIRTHES_FROM2017,ITL,Y18,TOTAL,ALL,99,99,ALL,ALL,WORLD,9,2019,280,,,,TIPO_DATO15__LBIRTHES_FROM2017_N1,,,,,,,,,,,,,
IT1:25_74_DF_DCIS_NATI1_8(1.0),A,ITG1,LBIRTHES_FROM2017,ITL,Y19,TOTAL,ALL,99,99,ALL,ALL,WORLD,9,2019,392,,,,TIPO_DATO15__LBIRTHES_FROM2017_N1,,,,,,,,,,,,,
IT1:25_74_DF_DCIS_NATI1_8(1.0),A,ITG1,LBIRTHES_FROM2017,ITL,Y20,TOTAL,ALL,99,99,ALL,ALL,WORLD,9,2019,459,,,,TIPO_DATO15__LBIRTHES_FROM2017_N1,,,,,,,,,,,,,
IT1:25_74_DF_DCIS_NATI1_8(1.0),A,ITG1,LBIRTHES_FROM2017,ITL,Y21,TOTAL,ALL,99,99,ALL,ALL,WORLD,9,2019,628,,,,TIPO_DATO15__LBIRTHES_FROM2017_N1,,,,,,,,,,,,,
IT1:25_74_DF_DCIS_NATI1_8(1.0),A,ITG1,LBIRTHES_FROM2017,ITL,Y22,TOTAL,ALL,99,99,ALL,ALL,WORLD,9,2019,723,,,,TIPO_DATO15__LBIRTHES_FROM2017_N1,,,,,,,,,,,,,
IT1:25_74_DF_DCIS_NATI1_8(1.0),A,ITG1,LBIRTHES_FROM2017,ITL,Y23,TOTAL,ALL,99,99,ALL,ALL,WORLD,9,2019,820,,,,TIPO_DATO15__LBIRTHES_FROM2017_N1,,,,,,,,,,,,,
IT1:25_74_DF_DCIS_NATI1_8(1.0),A,ITG1,LBIRTHES_FROM2017,ITL,Y24,TOTAL,ALL,99,99,ALL,ALL,WORLD,9,2019,919,,,,TIPO_DATO15__LBIRTHES_FROM2017_N1,,,,,,,,,,,,,
IT1:25_74_DF_DCIS_NATI1_8(1.0),A,ITG1,LBIRTHES_FROM2017,ITL,Y25,TOTAL,ALL,99,99,ALL,ALL,WORLD,9,2019,1216,,,,TIPO_DATO15__LBIRTHES_FROM2017_N1,,,,,,,,,,,,,
IT1:25_74_DF_DCIS_NATI1_8(1.0),A,ITG1,LBIRTHES_FROM2017,TOTAL,Y_UN17,TOTAL,ALL,99,99,ALL,ALL,WORLD,9,2019,270,,,,TIPO_DATO15__LBIRTHES_FROM2017_N1,,,,,,,,,,,,,
IT1:25_74_DF_DCIS_NATI1_8(1.0),A,ITG1,LBIRTHES_FROM2017,TOTAL,Y18,TOTAL,ALL,99,99,ALL,ALL,WORLD,9,2019,306,,,,TIPO_DATO15__LBIRTHES_FROM2017_N1,,,,,,,,,,,,,
IT1:25_74_DF_DCIS_NATI1_8(1.0),A,ITG1,LBIRTHES_FROM2017,TOTAL,Y19,TOTAL,ALL,99,99,ALL,ALL,WORLD,9,2019,448,,,,TIPO_DATO15__LBIRTHES_FROM2017_N1,,,,,,,,,,,,,
IT1:25_74_DF_DCIS_NATI1_8(1.0),A,ITG1,LBIRTHES_FROM2017,TOTAL,Y20,TOTAL,ALL,99,99,ALL,ALL,WORLD,9,2019,520,,,,TIPO_DATO15__LBIRTHES_FROM2017_N1,,,,,,,,,,,,,
IT1:25_74_DF_DCIS_NATI1_8(1.0),A,ITG1,LBIRTHES_FROM2017,TOTAL,Y21,TOTAL,ALL,99,99,ALL,ALL,WORLD,9,2019,717,,,,TIPO_DATO15__LBIRTHES_FROM2017_N1,,,,,,,,,,,,,
IT1:25_74_DF_DCIS_NATI1_8(1.0),A,ITG1,LBIRTHES_FROM2017,TOTAL,Y22,TOTAL,ALL,99,99,ALL,ALL,WORLD,9,2019,827,,,,TIPO_DATO15__LBIRTHES_FROM2017_N1,,,,,,,,,,,,,
IT1:25_74_DF_DCIS_NATI1_8(1.0),A,ITG1,LBIRTHES_FROM2017,TOTAL,Y23,TOTAL,ALL,99,99,ALL,ALL,WORLD,9,2019,942,,,,TIPO_DATO15__LBIRTHES_FROM2017_N1,,,,,,,,,,,,,
IT1:25_74_DF_DCIS_NATI1_8(1.0),A,ITG1,LBIRTHES_FROM2017,TOTAL,Y24,TOTAL,ALL,99,99,ALL,ALL,WORLD,9,2019,1060,,,,TIPO_DATO15__LBIRTHES_FROM2017_N1,,,,,,,,,,,,,
IT1:25_74_DF_DCIS_NATI1_8(1.0),A,ITG1,LBIRTHES_FROM2017,TOTAL,Y25,TOTAL,ALL,99,99,ALL,ALL,WORLD,9,2019,1361,,,,TIPO_DATO15__LBIRTHES_FROM2017_N1,,,,,,,,,,,,,
IT1:25_74_DF_DCIS_NATI1_8(1.0),A,ITG2,LBIRTHES_FROM2017,FRG,Y_UN17,TOTAL,ALL,99,99,ALL,ALL,WORLD,9,2019,2,,,,TIPO_DATO15__LBIRTHES_FROM2017_N1,,,,,,,,,,,,,
IT1:25_74_DF_DCIS_NATI1_8(1.0),A,ITG2,LBIRTHES_FROM2017,FRG,Y18,TOTAL,ALL,99,99,ALL,ALL,WORLD,9,2019,5,,,,TIPO_DATO15__LBIRTHES_FROM2017_N1,,,,,,,,,,,,,
IT1:25_74_DF_DCIS_NATI1_8(1.0),A,ITG2,LBIRTHES_FROM2017,FRG,Y19,TOTAL,ALL,99,99,ALL,ALL,WORLD,9,2019,3,,,,TIPO_DATO15__LBIRTHES_FROM2017_N1,,,,,,,,,,,,,
IT1:25_74_DF_DCIS_NATI1_8(1.0),A,ITG2,LBIRTHES_FROM2017,FRG,Y20,TOTAL,ALL,99,99,ALL,ALL,WORLD,9,2019,3,,,,TIPO_DATO15__LBIRTHES_FROM2017_N1,,,,,,,,,,,,,
IT1:25_74_DF_DCIS_NATI1_8(1.0),A,ITG2,LBIRTHES_FROM2017,FRG,Y21,TOTAL,ALL,99,99,ALL,ALL,WORLD,9,2019,14,,,,TIPO_DATO15__LBIRTHES_FROM2017_N1,,,,,,,,,,,,,
IT1:25_74_DF_DCIS_NATI1_8(1.0),A,ITG2,LBIRTHES_FROM2017,FRG,Y22,TOTAL,ALL,99,99,ALL,ALL,WORLD,9,2019,16,,,,TIPO_DATO15__LBIRTHES_FROM2017_N1,,,,,,,,,,,,,
IT1:25_74_DF_DCIS_NATI1_8(1.0),A,ITG2,LBIRTHES_FROM2017,FRG,Y23,TOTAL,ALL,99,99,ALL,ALL,WORLD,9,2019,19,,,,TIPO_DATO15__LBIRTHES_FROM2017_N1,,,,,,,,,,,,,
IT1:25_74_DF_DCIS_NATI1_8(1.0),A,ITG2,LBIRTHES_FROM2017,FRG,Y24,TOTAL,ALL,99,99,ALL,ALL,WORLD,9,2019,24,,,,TIPO_DATO15__LBIRTHES_FROM2017_N1,,,,,,,,,,,,,
IT1:25_74_DF_DCIS_NATI1_8(1.0),A,ITG2,LBIRTHES_FROM2017,FRG,Y25,TOTAL,ALL,99,99,ALL,ALL,WORLD,9,2019,45,,,,TIPO_DATO15__LBIRTHES_FROM2017_N1,,,,,,,,,,,,,
IT1:25_74_DF_DCIS_NATI1_8(1.0),A,ITG2,LBIRTHES_FROM2017,ITL,Y_UN17,TOTAL,ALL,99,99,ALL,ALL,WORLD,9,2019,19,,,,TIPO_DATO15__LBIRTHES_FROM2017_N1,,,,,,,,,,,,,
IT1:25_74_DF_DCIS_NATI1_8(1.0),A,ITG2,LBIRTHES_FROM2017,ITL,Y18,TOTAL,ALL,99,99,ALL,ALL,WORLD,9,2019,26,,,,TIPO_DATO15__LBIRTHES_FROM2017_N1,,,,,,,,,,,,,
IT1:25_74_DF_DCIS_NATI1_8(1.0),A,ITG2,LBIRTHES_FROM2017,ITL,Y19,TOTAL,ALL,99,99,ALL,ALL,WORLD,9,2019,46,,,,TIPO_DATO15__LBIRTHES_FROM2017_N1,,,,,,,,,,,,,
IT1:25_74_DF_DCIS_NATI1_8(1.0),A,ITG2,LBIRTHES_FROM2017,ITL,Y20,TOTAL,ALL,99,99,ALL,ALL,WORLD,9,2019,70,,,,TIPO_DATO15__LBIRTHES_FROM2017_N1,,,,,,,,,,,,,
IT1:25_74_DF_DCIS_NATI1_8(1.0),A,ITG2,LBIRTHES_FROM2017,ITL,Y21,TOTAL,ALL,99,99,ALL,ALL,WORLD,9,2019,73,,,,TIPO_DATO15__LBIRTHES_FROM2017_N1,,,,,,,,,,,,,
IT1:25_74_DF_DCIS_NATI1_8(1.0),A,ITG2,LBIRTHES_FROM2017,ITL,Y22,TOTAL,ALL,99,99,ALL,ALL,WORLD,9,2019,109,,,,TIPO_DATO15__LBIRTHES_FROM2017_N1,,,,,,,,,,,,,
IT1:25_74_DF_DCIS_NATI1_8(1.0),A,ITG2,LBIRTHES_FROM2017,ITL,Y23,TOTAL,ALL,99,99,ALL,ALL,WORLD,9,2019,112,,,,TIPO_DATO15__LBIRTHES_FROM2017_N1,,,,,,,,,,,,,
IT1:25_74_DF_DCIS_NATI1_8(1.0),A,ITG2,LBIRTHES_FROM2017,ITL,Y24,TOTAL,ALL,99,99,ALL,ALL,WORLD,9,2019,161,,,,TIPO_DATO15__LBIRTHES_FROM2017_N1,,,,,,,,,,,,,
IT1:25_74_DF_DCIS_NATI1_8(1.0),A,ITG2,LBIRTHES_FROM2017,ITL,Y25,TOTAL,ALL,99,99,ALL,ALL,WORLD,9,2019,182,,,,TIPO_DATO15__LBIRTHES_FROM2017_N1,,,,,,,,,,,,,
IT1:25_74_DF_DCIS_NATI1_8(1.0),A,ITG2,LBIRTHES_FROM2017,TOTAL,Y_UN17,TOTAL,ALL,99,99,ALL,ALL,WORLD,9,2019,21,,,,TIPO_DATO15__LBIRTHES_FROM2017_N1,,,,,,,,,,,,,
IT1:25_74_DF_DCIS_NATI1_8(1.0),A,ITG2,LBIRTHES_FROM2017,TOTAL,Y18,TOTAL,ALL,99,99,ALL,ALL,WORLD,9,2019,31,,,,TIPO_DATO15__LBIRTHES_FROM2017_N1,,,,,,,,,,,,,
IT1:25_74_DF_DCIS_NATI1_8(1.0),A,ITG2,LBIRTHES_FROM2017,TOTAL,Y19,TOTAL,ALL,99,99,ALL,ALL,WORLD,9,2019,49,,,,TIPO_DATO15__LBIRTHES_FROM2017_N1,,,,,,,,,,,,,
IT1:25_74_DF_DCIS_NATI1_8(1.0),A,ITG2,LBIRTHES_FROM2017,TOTAL,Y20,TOTAL,ALL,99,99,ALL,ALL,WORLD,9,2019,73,,,,TIPO_DATO15__LBIRTHES_FROM2017_N1,,,,,,,,,,,,,
IT1:25_74_DF_DCIS_NATI1_8(1.0),A,ITG2,LBIRTHES_FROM2017,TOTAL,Y21,TOTAL,ALL,99,99,ALL,ALL,WORLD,9,2019,87,,,,TIPO_DATO15__LBIRTHES_FROM2017_N1,,,,,,,,,,,,,
IT1:25_74_DF_DCIS_NATI1_8(1.0),A,ITG2,LBIRTHES_FROM2017,TOTAL,Y22,TOTAL,ALL,99,99,ALL,ALL,WORLD,9,2019,125,,,,TIPO_DATO15__LBIRTHES_FROM2017_N1,,,,,,,,,,,,,
IT1:25_74_DF_DCIS_NATI1_8(1.0),A,ITG2,LBIRTHES_FROM2017,TOTAL,Y23,TOTAL,ALL,99,99,ALL,ALL,WORLD,9,2019,131,,,,TIPO_DATO15__LBIRTHES_FROM2017_N1,,,,,,,,,,,,,
IT1:25_74_DF_DCIS_NATI1_8(1.0),A,ITG2,LBIRTHES_FROM2017,TOTAL,Y24,TOTAL,ALL,99,99,ALL,ALL,WORLD,9,2019,185,,,,TIPO_DATO15__LBIRTHES_FROM2017_N1,,,,,,,,,,,,,
IT1:25_74_DF_DCIS_NATI1_8(1.0),A,ITG2,LBIRTHES_FROM2017,TOTAL,Y25,TOTAL,ALL,99,99,ALL,ALL,WORLD,9,2019,227,,,,TIPO_DATO15__LBIRTHES_FROM2017_N1,,,,,,,,,,,,,
