DATAFLOW,FREQ,RESIDENCE_TERR,DATA_TYPE,CITIZENSHIP_MOTHER,MOTHER_AGE,FATHERS_AGE,YEAR_BIRTH_MOTHER,MARITAL_STATUS_MOTHER,MARITAL_STATUS_FATHER,COUPLE_OF_PARENTS,GEOG_AREA_BIRTH,CITIZEN_FOREIN_OFBIRTH,Y_BORN_ALIVE_MARRIAGE,TIME_PERIOD,OBS_VALUE,OBS_STATUS,NOTE_DS,NOTE_RESIDENCE_TERR,NOTE_DATA_TYPE,NOTE_CITIZENSHIP_MOTHER,NOTE_MOTHER_AGE,NOTE_FATHERS_AGE,NOTE_YEAR_BIRTH_MOTHER,NOTE_MARITAL_STATUS_MOTHER,NOTE_MARITAL_STATUS_FATHER,NOTE_COUPLE_OF_PARENTS,NOTE_GEOG_AREA_BIRTH,NOTE_CITIZEN_FOREIN_OFBIRTH,NOTE_Y_BORN_ALIVE_MARRIAGE,BASE_PER,UNIT_MEAS,UNIT_MULT
IT1:25_74_DF_DCIS_NATI1_8(1.0),A,ITC1,LBIRTHES_FROM2017,FRG,Y_UN17,TOTAL,ALL,99,99,ALL,ALL,WORLD,9,2017,31,,,,TIPO_DATO15__LBIRTHES_FROM2017_N1,,,,,,,,,,,,,
IT1:25_74_DF_DCIS_NATI1_8(1.0),A,ITC1,LBIRTHES_FROM2017,FRG,Y18,TOTAL,ALL,99,99,ALL,ALL,WORLD,9,2017,28,,,,TIPO_DATO15__LBIRTHES_FROM2017_N1,,,,,,,,,,,,,
IT1:25_74_DF_DCIS_NATI1_8(1.0),A,ITC1,LBIRTHES_FROM2017,FRG,Y19,TOTAL,ALL,99,99,ALL,ALL,WORLD,9,2017,86,,,,TIPO_DATO15__LBIRTHES_FROM2017_N1,,,,,,,,,,,,,
IT1:25_74_DF_DCIS_NATI1_8(1.0),A,ITC1,LBIRTHES_FROM2017,FRG,Y20,TOTAL,ALL,99,99,ALL,ALL,WORLD,9,2017,138,,,,TIPO_DATO15__LBIRTHES_FROM2017_N1,,,,,,,,,,,,,
IT1:25_74_DF_DCIS_NATI1_8(1.0),A,ITC1,LBIRTHES_FROM2017,FRG,Y21,TOTAL,ALL,99,99,ALL,ALL,WORLD,9,2017,192,,,,TIPO_DATO15__LBIRTHES_FROM2017_N1,,,,,,,,,,,,,
IT1:25_74_DF_DCIS_NATI1_8(1.0),A,ITC1,LBIRTHES_FROM2017,FRG,Y22,TOTAL,ALL,99,99,ALL,ALL,WORLD,9,2017,257,,,,TIPO_DATO15__LBIRTHES_FROM2017_N1,,,,,,,,,,,,,
IT1:25_74_DF_DCIS_NATI1_8(1.0),A,ITC1,LBIRTHES_FROM2017,FRG,Y23,TOTAL,ALL,99,99,ALL,ALL,WORLD,9,2017,282,,,,TIPO_DATO15__LBIRTHES_FROM2017_N1,,,,,,,,,,,,,
IT1:25_74_DF_DCIS_NATI1_8(1.0),A,ITC1,LBIRTHES_FROM2017,FRG,Y24,TOTAL,ALL,99,99,ALL,ALL,WORLD,9,2017,357,,,,TIPO_DATO15__LBIRTHES_FROM2017_N1,,,,,,,,,,,,,
IT1:25_74_DF_DCIS_NATI1_8(1.0),A,ITC1,LBIRTHES_FROM2017,FRG,Y25,TOTAL,ALL,99,99,ALL,ALL,WORLD,9,2017,447,,,,TIPO_DATO15__LBIRTHES_FROM2017_N1,,,,,,,,,,,,,
IT1:25_74_DF_DCIS_NATI1_8(1.0),A,ITC1,LBIRTHES_FROM2017,ITL,Y_UN17,TOTAL,ALL,99,99,ALL,ALL,WORLD,9,2017,33,,,,TIPO_DATO15__LBIRTHES_FROM2017_N1,,,,,,,,,,,,,
IT1:25_74_DF_DCIS_NATI1_8(1.0),A,ITC1,LBIRTHES_FROM2017,ITL,Y18,TOTAL,ALL,99,99,ALL,ALL,WORLD,9,2017,39,,,,TIPO_DATO15__LBIRTHES_FROM2017_N1,,,,,,,,,,,,,
IT1:25_74_DF_DCIS_NATI1_8(1.0),A,ITC1,LBIRTHES_FROM2017,ITL,Y19,TOTAL,ALL,99,99,ALL,ALL,WORLD,9,2017,94,,,,TIPO_DATO15__LBIRTHES_FROM2017_N1,,,,,,,,,,,,,
IT1:25_74_DF_DCIS_NATI1_8(1.0),A,ITC1,LBIRTHES_FROM2017,ITL,Y20,TOTAL,ALL,99,99,ALL,ALL,WORLD,9,2017,134,,,,TIPO_DATO15__LBIRTHES_FROM2017_N1,,,,,,,,,,,,,
IT1:25_74_DF_DCIS_NATI1_8(1.0),A,ITC1,LBIRTHES_FROM2017,ITL,Y21,TOTAL,ALL,99,99,ALL,ALL,WORLD,9,2017,158,,,,TIPO_DATO15__LBIRTHES_FROM2017_N1,,,,,,,,,,,,,
IT1:25_74_DF_DCIS_NATI1_8(1.0),A,ITC1,LBIRTHES_FROM2017,ITL,Y22,TOTAL,ALL,99,99,ALL,ALL,WORLD,9,2017,212,,,,TIPO_DATO15__LBIRTHES_FROM2017_N1,,,,,,,,,,,,,
IT1:25_74_DF_DCIS_NATI1_8(1.0),A,ITC1,LBIRTHES_FROM2017,ITL,Y23,TOTAL,ALL,99,99,ALL,ALL,WORLD,9,2017,289,,,,TIPO_DATO15__LBIRTHES_FROM2017_N1,,,,,,,,,,,,,
IT1:25_74_DF_DCIS_NATI1_8(1.0),A,ITC1,LBIRTHES_FROM2017,ITL,Y24,TOTAL,ALL,99,99,ALL,ALL,WORLD,9,2017,394,,,,TIPO_DATO15__LBIRTHES_FROM2017_N1,,,,,,,,,,,,,
IT1:25_74_DF_DCIS_NATI1_8(1.0),A,ITC1,LBIRTHES_FROM2017,ITL,Y25,TOTAL,ALL,99,99,ALL,ALL,WORLD,9,2017,565,,,,TIPO_DATO15__LBIRTHES_FROM2017_N1,,,,,,,,,,,,,
IT1:25_74_DF_DCIS_NATI1_8(1.0),A,ITC1,LBIRTHES_FROM2017,TOTAL,Y_UN17,TOTAL,ALL,99,99,ALL,ALL,WORLD,9,2017,64,,,,TIPO_DATO15__LBIRTHES_FROM2017_N1,,,,,,,,,,,,,
IT1:25_74_DF_DCIS_NATI1_8(1.0),A,ITC1,LBIRTHES_FROM2017,TOTAL,Y18,TOTAL,ALL,99,99,ALL,ALL,WORLD,9,2017,67,,,,TIPO_DATO15__LBIRTHES_FROM2017_N1,,,,,,,,,,,,,
IT1:25_74_DF_DCIS_NATI1_8(1.0),A,ITC1,LBIRTHES_FROM2017,TOTAL,Y19,TOTAL,ALL,99,99,ALL,ALL,WORLD,9,2017,180,,,,TIPO_DATO15__LBIRTHES_FROM2017_N1,,,,,,,,,,,,,
IT1:25_74_DF_DCIS_NATI1_8(1.0),A,ITC1,LBIRTHES_FROM2017,TOTAL,Y20,TOTAL,ALL,99,99,ALL,ALL,WORLD,9,2017,272,,,,TIPO_DATO15__LBIRTHES_FROM2017_N1,,,,,,,,,,,,,
IT1:25_74_DF_DCIS_NATI1_8(1.0),A,ITC1,LBIRTHES_FROM2017,TOTAL,Y21,TOTAL,ALL,99,99,ALL,ALL,WORLD,9,2017,350,,,,TIPO_DATO15__LBIRTHES_FROM2017_N1,,,,,,,,,,,,,
IT1:25_74_DF_DCIS_NATI1_8(1.0),A,ITC1,LBIRTHES_FROM2017,TOTAL,Y22,TOTAL,ALL,99,99,ALL,ALL,WORLD,9,2017,469,,,,TIPO_DATO15__LBIRTHES_FROM2017_N1,,,,,,,,,,,,,
IT1:25_74_DF_DCIS_NATI1_8(1.0),A,ITC1,LBIRTHES_FROM2017,TOTAL,Y23,TOTAL,ALL,99,99,ALL,ALL,WORLD,9,2017,571,,,,TIPO_DATO15__LBIRTHES_FROM2017_N1,,,,,,,,,,,,,
IT1:25_74_DF_DCIS_NATI1_8(1.0),A,ITC1,LBIRTHES_FROM2017,TOTAL,Y24,TOTAL,ALL,99,99,ALL,ALL,WORLD,9,2017,751,,,,TIPO_DATO15__LBIRTHES_FROM2017_N1,,,,,,,,,,,,,
IT1:25_74_DF_DCIS_NATI1_8(1.0),A,ITC1,LBIRTHES_FROM2017,TOTAL,Y25,TOTAL,ALL,99,99,ALL,ALL,WORLD,9,2017,1012,,,,TIPO_DATO15__LBIRTHES_FROM2017_N1,,,,,,,,,,,,,
IT1:25_74_DF_DCIS_NATI1_8(1.0),A,ITC2,LBIRTHES_FROM2017,FRG,Y_UN17,TOTAL,ALL,99,99,ALL,ALL,WORLD,9,2017,0,,,,TIPO_DATO15__LBIRTHES_FROM2017_N1,,,,,,,,,,,,,
IT1:25_74_DF_DCIS_NATI1_8(1.0),A,ITC2,LBIRTHES_FROM2017,FRG,Y18,TOTAL,ALL,99,99,ALL,ALL,WORLD,9,2017,0,,,,TIPO_DATO15__LBIRTHES_FROM2017_N1,,,,,,,,,,,,,
IT1:25_74_DF_DCIS_NATI1_8(1.0),A,ITC2,LBIRTHES_FROM2017,FRG,Y19,TOTAL,ALL,99,99,ALL,ALL,WORLD,9,2017,3,,,,TIPO_DATO15__LBIRTHES_FROM2017_N1,,,,,,,,,,,,,
IT1:25_74_DF_DCIS_NATI1_8(1.0),A,ITC2,LBIRTHES_FROM2017,FRG,Y20,TOTAL,ALL,99,99,ALL,ALL,WORLD,9,2017,3,,,,TIPO_DATO15__LBIRTHES_FROM2017_N1,,,,,,,,,,,,,
IT1:25_74_DF_DCIS_NATI1_8(1.0),A,ITC2,LBIRTHES_FROM2017,FRG,Y21,TOTAL,ALL,99,99,ALL,ALL,WORLD,9,2017,4,,,,TIPO_DATO15__LBIRTHES_FROM2017_N1,,,,,,,,,,,,,
IT1:25_74_DF_DCIS_NATI1_8(1.0),A,ITC2,LBIRTHES_FROM2017,FRG,Y22,TOTAL,ALL,99,99,ALL,ALL,WORLD,9,2017,5,,,,TIPO_DATO15__LBIRTHES_FROM2017_N1,,,,,,,,,,,,,
IT1:25_74_DF_DCIS_NATI1_8(1.0),A,ITC2,LBIRTHES_FROM2017,FRG,Y23,TOTAL,ALL,99,99,ALL,ALL,WORLD,9,2017,4,,,,TIPO_DATO15__LBIRTHES_FROM2017_N1,,,,,,,,,,,,,
IT1:25_74_DF_DCIS_NATI1_8(1.0),A,ITC2,LBIRTHES_FROM2017,FRG,Y24,TOTAL,ALL,99,99,ALL,ALL,WORLD,9,2017,2,,,,TIPO_DATO15__LBIRTHES_FROM2017_N1,,,,,,,,,,,,,
IT1:25_74_DF_DCIS_NATI1_8(1.0),A,ITC2,LBIRTHES_FROM2017,FRG,Y25,TOTAL,ALL,99,99,ALL,ALL,WORLD,9,2017,12,,,,TIPO_DATO15__LBIRTHES_FROM2017_N1,,,,,,,,,,,,,
IT1:25_74_DF_DCIS_NATI1_8(1.0),A,ITC2,LBIRTHES_FROM2017,ITL,Y_UN17,TOTAL,ALL,99,99,ALL,ALL,WORLD,9,2017,0,,,,TIPO_DATO15__LBIRTHES_FROM2017_N1,,,,,,,,,,,,,
IT1:25_74_DF_DCIS_NATI1_8(1.0),A,ITC2,LBIRTHES_FROM2017,ITL,Y18,TOTAL,ALL,99,99,ALL,ALL,WORLD,9,2017,2,,,,TIPO_DATO15__LBIRTHES_FROM2017_N1,,,,,,,,,,,,,
IT1:25_74_DF_DCIS_NATI1_8(1.0),A,ITC2,LBIRTHES_FROM2017,ITL,Y19,TOTAL,ALL,99,99,ALL,ALL,WORLD,9,2017,1,,,,TIPO_DATO15__LBIRTHES_FROM2017_N1,,,,,,,,,,,,,
IT1:25_74_DF_DCIS_NATI1_8(1.0),A,ITC2,LBIRTHES_FROM2017,ITL,Y20,TOTAL,ALL,99,99,ALL,ALL,WORLD,9,2017,1,,,,TIPO_DATO15__LBIRTHES_FROM2017_N1,,,,,,,,,,,,,
IT1:25_74_DF_DCIS_NATI1_8(1.0),A,ITC2,LBIRTHES_FROM2017,ITL,Y21,TOTAL,ALL,99,99,ALL,ALL,WORLD,9,2017,10,,,,TIPO_DATO15__LBIRTHES_FROM2017_N1,,,,,,,,,,,,,
IT1:25_74_DF_DCIS_NATI1_8(1.0),A,ITC2,LBIRTHES_FROM2017,ITL,Y22,TOTAL,ALL,99,99,ALL,ALL,WORLD,9,2017,10,,,,TIPO_DATO15__LBIRTHES_FROM2017_N1,,,,,,,,,,,,,
IT1:25_74_DF_DCIS_NATI1_8(1.0),A,ITC2,LBIRTHES_FROM2017,ITL,Y23,TOTAL,ALL,99,99,ALL,ALL,WORLD,9,2017,15,,,,TIPO_DATO15__LBIRTHES_FROM2017_N1,,,,,,,,,,,,,
IT1:25_74_DF_DCIS_NATI1_8(1.0),A,ITC2,LBIRTHES_FROM2017,ITL,Y24,TOTAL,ALL,99,99,ALL,ALL,WORLD,9,2017,11,,,,TIPO_DATO15__LBIRTHES_FROM2017_N1,,,,,,,,,,,,,
IT1:25_74_DF_DCIS_NATI1_8(1.0),A,ITC2,LBIRTHES_FROM2017,ITL,Y25,TOTAL,ALL,99,99,ALL,ALL,WORLD,9,2017,20,,,,TIPO_DATO15__LBIRTHES_FROM2017_N1,,,,,,,,,,,,,
IT1:25_74_DF_DCIS_NATI1_8(1.0),A,ITC2,LBIRTHES_FROM2017,TOTAL,Y_UN17,TOTAL,ALL,99,99,ALL,ALL,WORLD,9,2017,0,,,,TIPO_DATO15__LBIRTHES_FROM2017_N1,,,,,,,,,,,,,
IT1:25_74_DF_DCIS_NATI1_8(1.0),A,ITC2,LBIRTHES_FROM2017,TOTAL,Y18,TOTAL,ALL,99,99,ALL,ALL,WORLD,9,2017,2,,,,TIPO_DATO15__LBIRTHES_FROM2017_N1,,,,,,,,,,,,,
IT1:25_74_DF_DCIS_NATI1_8(1.0),A,ITC2,LBIRTHES_FROM2017,TOTAL,Y19,TOTAL,ALL,99,99,ALL,ALL,WORLD,9,2017,4,,,,TIPO_DATO15__LBIRTHES_FROM2017_N1,,,,,,,,,,,,,
IT1:25_74_DF_DCIS_NATI1_8(1.0),A,ITC2,LBIRTHES_FROM2017,TOTAL,Y20,TOTAL,ALL,99,99,ALL,ALL,WORLD,9,2017,4,,,,TIPO_DATO15__LBIRTHES_FROM2017_N1,,,,,,,,,,,,,
IT1:25_74_DF_DCIS_NATI1_8(1.0),A,ITC2,LBIRTHES_FROM2017,TOTAL,Y21,TOTAL,ALL,99,99,ALL,ALL,WORLD,9,2017,14,,,,TIPO_DATO15__LBIRTHES_FROM2017_N1,,,,,,,,,,,,,
IT1:25_74_DF_DCIS_NATI1_8(1.0),A,ITC2,LBIRTHES_FROM2017,TOTAL,Y22,TOTAL,ALL,99,99,ALL,ALL,WORLD,9,2017,15,,,,TIPO_DATO15__LBIRTHES_FROM2017_N1,,,,,,,,,,,,,
IT1:25_74_DF_DCIS_NATI1_8(1.0),A,ITC2,LBIRTHES_FROM2017,TOTAL,Y23,TOTAL,ALL,99,99,ALL,ALL,WORLD,9,2017,19,,,,TIPO_DATO15__LBIRTHES_FROM2017_N1,,,,,,,,,,,,,
IT1:25_74_DF_DCIS_NATI1_8(1.0),A,ITC2,LBIRTHES_FROM2017,TOTAL,Y24,TOTAL,ALL,99,99,ALL,ALL,WORLD,9,2017,13,,,,TIPO_DATO15__LBIRTHES_FROM2017_N1,,,,,,,,,,,,,
IT1:25_74_DF_DCIS_NATI1_8(1.0),A,ITC2,LBIRTHES_FROM2017,TOTAL,Y25,TOTAL,ALL,99,99,ALL,ALL,WORLD,9,2017,32,,,,TIPO_DATO15__LBIRTHES_FROM2017_N1,,,,,,,,,,,,,
IT1:25_74_DF_DCIS_NATI1_8(1.0),A,ITC3,LBIRTHES_FROM2017,FRG,Y_UN17,TOTAL,ALL,99,99,ALL,ALL,WORLD,9,2017,11,,,,TIPO_DATO15__LBIRTHES_FROM2017_N1,,,,,,,,,,,,,
IT1:25_74_DF_DCIS_NATI1_8(1.0),A,ITC3,LBIRTHES_FROM2017,FRG,Y18,TOTAL,ALL,99,99,ALL,ALL,WORLD,9,2017,18,,,,TIPO_DATO15__LBIRTHES_FROM2017_N1,,,,,,,,,,,,,
IT1:25_74_DF_DCIS_NATI1_8(1.0),A,ITC3,LBIRTHES_FROM2017,FRG,Y19,TOTAL,ALL,99,99,ALL,ALL,WORLD,9,2017,55,,,,TIPO_DATO15__LBIRTHES_FROM2017_N1,,,,,,,,,,,,,
IT1:25_74_DF_DCIS_NATI1_8(1.0),A,ITC3,LBIRTHES_FROM2017,FRG,Y20,TOTAL,ALL,99,99,ALL,ALL,WORLD,9,2017,61,,,,TIPO_DATO15__LBIRTHES_FROM2017_N1,,,,,,,,,,,,,
IT1:25_74_DF_DCIS_NATI1_8(1.0),A,ITC3,LBIRTHES_FROM2017,FRG,Y21,TOTAL,ALL,99,99,ALL,ALL,WORLD,9,2017,74,,,,TIPO_DATO15__LBIRTHES_FROM2017_N1,,,,,,,,,,,,,
IT1:25_74_DF_DCIS_NATI1_8(1.0),A,ITC3,LBIRTHES_FROM2017,FRG,Y22,TOTAL,ALL,99,99,ALL,ALL,WORLD,9,2017,60,,,,TIPO_DATO15__LBIRTHES_FROM2017_N1,,,,,,,,,,,,,
IT1:25_74_DF_DCIS_NATI1_8(1.0),A,ITC3,LBIRTHES_FROM2017,FRG,Y23,TOTAL,ALL,99,99,ALL,ALL,WORLD,9,2017,112,,,,TIPO_DATO15__LBIRTHES_FROM2017_N1,,,,,,,,,,,,,
IT1:25_74_DF_DCIS_NATI1_8(1.0),A,ITC3,LBIRTHES_FROM2017,FRG,Y24,TOTAL,ALL,99,99,ALL,ALL,WORLD,9,2017,114,,,,TIPO_DATO15__LBIRTHES_FROM2017_N1,,,,,,,,,,,,,
IT1:25_74_DF_DCIS_NATI1_8(1.0),A,ITC3,LBIRTHES_FROM2017,FRG,Y25,TOTAL,ALL,99,99,ALL,ALL,WORLD,9,2017,167,,,,TIPO_DATO15__LBIRTHES_FROM2017_N1,,,,,,,,,,,,,
IT1:25_74_DF_DCIS_NATI1_8(1.0),A,ITC3,LBIRTHES_FROM2017,ITL,Y_UN17,TOTAL,ALL,99,99,ALL,ALL,WORLD,9,2017,13,,,,TIPO_DATO15__LBIRTHES_FROM2017_N1,,,,,,,,,,,,,
IT1:25_74_DF_DCIS_NATI1_8(1.0),A,ITC3,LBIRTHES_FROM2017,ITL,Y18,TOTAL,ALL,99,99,ALL,ALL,WORLD,9,2017,12,,,,TIPO_DATO15__LBIRTHES_FROM2017_N1,,,,,,,,,,,,,
IT1:25_74_DF_DCIS_NATI1_8(1.0),A,ITC3,LBIRTHES_FROM2017,ITL,Y19,TOTAL,ALL,99,99,ALL,ALL,WORLD,9,2017,21,,,,TIPO_DATO15__LBIRTHES_FROM2017_N1,,,,,,,,,,,,,
IT1:25_74_DF_DCIS_NATI1_8(1.0),A,ITC3,LBIRTHES_FROM2017,ITL,Y20,TOTAL,ALL,99,99,ALL,ALL,WORLD,9,2017,33,,,,TIPO_DATO15__LBIRTHES_FROM2017_N1,,,,,,,,,,,,,
IT1:25_74_DF_DCIS_NATI1_8(1.0),A,ITC3,LBIRTHES_FROM2017,ITL,Y21,TOTAL,ALL,99,99,ALL,ALL,WORLD,9,2017,50,,,,TIPO_DATO15__LBIRTHES_FROM2017_N1,,,,,,,,,,,,,
IT1:25_74_DF_DCIS_NATI1_8(1.0),A,ITC3,LBIRTHES_FROM2017,ITL,Y22,TOTAL,ALL,99,99,ALL,ALL,WORLD,9,2017,64,,,,TIPO_DATO15__LBIRTHES_FROM2017_N1,,,,,,,,,,,,,
IT1:25_74_DF_DCIS_NATI1_8(1.0),A,ITC3,LBIRTHES_FROM2017,ITL,Y23,TOTAL,ALL,99,99,ALL,ALL,WORLD,9,2017,80,,,,TIPO_DATO15__LBIRTHES_FROM2017_N1,,,,,,,,,,,,,
IT1:25_74_DF_DCIS_NATI1_8(1.0),A,ITC3,LBIRTHES_FROM2017,ITL,Y24,TOTAL,ALL,99,99,ALL,ALL,WORLD,9,2017,119,,,,TIPO_DATO15__LBIRTHES_FROM2017_N1,,,,,,,,,,,,,
IT1:25_74_DF_DCIS_NATI1_8(1.0),A,ITC3,LBIRTHES_FROM2017,ITL,Y25,TOTAL,ALL,99,99,ALL,ALL,WORLD,9,2017,157,,,,TIPO_DATO15__LBIRTHES_FROM2017_N1,,,,,,,,,,,,,
IT1:25_74_DF_DCIS_NATI1_8(1.0),A,ITC3,LBIRTHES_FROM2017,TOTAL,Y_UN17,TOTAL,ALL,99,99,ALL,ALL,WORLD,9,2017,24,,,,TIPO_DATO15__LBIRTHES_FROM2017_N1,,,,,,,,,,,,,
IT1:25_74_DF_DCIS_NATI1_8(1.0),A,ITC3,LBIRTHES_FROM2017,TOTAL,Y18,TOTAL,ALL,99,99,ALL,ALL,WORLD,9,2017,30,,,,TIPO_DATO15__LBIRTHES_FROM2017_N1,,,,,,,,,,,,,
IT1:25_74_DF_DCIS_NATI1_8(1.0),A,ITC3,LBIRTHES_FROM2017,TOTAL,Y19,TOTAL,ALL,99,99,ALL,ALL,WORLD,9,2017,76,,,,TIPO_DATO15__LBIRTHES_FROM2017_N1,,,,,,,,,,,,,
IT1:25_74_DF_DCIS_NATI1_8(1.0),A,ITC3,LBIRTHES_FROM2017,TOTAL,Y20,TOTAL,ALL,99,99,ALL,ALL,WORLD,9,2017,94,,,,TIPO_DATO15__LBIRTHES_FROM2017_N1,,,,,,,,,,,,,
IT1:25_74_DF_DCIS_NATI1_8(1.0),A,ITC3,LBIRTHES_FROM2017,TOTAL,Y21,TOTAL,ALL,99,99,ALL,ALL,WORLD,9,2017,124,,,,TIPO_DATO15__LBIRTHES_FROM2017_N1,,,,,,,,,,,,,
IT1:25_74_DF_DCIS_NATI1_8(1.0),A,ITC3,LBIRTHES_FROM2017,TOTAL,Y22,TOTAL,ALL,99,99,ALL,ALL,WORLD,9,2017,124,,,,TIPO_DATO15__LBIRTHES_FROM2017_N1,,,,,,,,,,,,,
IT1:25_74_DF_DCIS_NATI1_8(1.0),A,ITC3,LBIRTHES_FROM2017,TOTAL,Y23,TOTAL,ALL,99,99,ALL,ALL,WORLD,9,2017,192,,,,TIPO_DATO15__LBIRTHES_FROM2017_N1,,,,,,,,,,,,,
IT1:25_74_DF_DCIS_NATI1_8(1.0),A,ITC3,LBIRTHES_FROM2017,TOTAL,Y24,TOTAL,ALL,99,99,ALL,ALL,WORLD,9,2017,233,,,,TIPO_DATO15__LBIRTHES_FROM2017_N1,,,,,,,,,,,,,
IT1:25_74_DF_DCIS_NATI1_8(1.0),A,ITC3,LBIRTHES_FROM2017,TOTAL,Y25,TOTAL,ALL,99,99,ALL,ALL,WORLD,9,2017,324,,,,TIPO_DATO15__LBIRTHES_FROM2017_N1,,,,,,,,,,,,,
IT1:25_74_DF_DCIS_NATI1_8(1.0),A,ITC4,LBIRTHES_FROM2017,FRG,Y_UN17,TOTAL,ALL,99,99,ALL,ALL,WORLD,9,2017,50,,,,TIPO_DATO15__LBIRTHES_FROM2017_N1,,,,,,,,,,,,,
IT1:25_74_DF_DCIS_NATI1_8(1.0),A,ITC4,LBIRTHES_FROM2017,FRG,Y18,TOTAL,ALL,99,99,ALL,ALL,WORLD,9,2017,89,,,,TIPO_DATO15__LBIRTHES_FROM2017_N1,,,,,,,,,,,,,
IT1:25_74_DF_DCIS_NATI1_8(1.0),A,ITC4,LBIRTHES_FROM2017,FRG,Y19,TOTAL,ALL,99,99,ALL,ALL,WORLD,9,2017,227,,,,TIPO_DATO15__LBIRTHES_FROM2017_N1,,,,,,,,,,,,,
IT1:25_74_DF_DCIS_NATI1_8(1.0),A,ITC4,LBIRTHES_FROM2017,FRG,Y20,TOTAL,ALL,99,99,ALL,ALL,WORLD,9,2017,362,,,,TIPO_DATO15__LBIRTHES_FROM2017_N1,,,,,,,,,,,,,
IT1:25_74_DF_DCIS_NATI1_8(1.0),A,ITC4,LBIRTHES_FROM2017,FRG,Y21,TOTAL,ALL,99,99,ALL,ALL,WORLD,9,2017,534,,,,TIPO_DATO15__LBIRTHES_FROM2017_N1,,,,,,,,,,,,,
IT1:25_74_DF_DCIS_NATI1_8(1.0),A,ITC4,LBIRTHES_FROM2017,FRG,Y22,TOTAL,ALL,99,99,ALL,ALL,WORLD,9,2017,650,,,,TIPO_DATO15__LBIRTHES_FROM2017_N1,,,,,,,,,,,,,
IT1:25_74_DF_DCIS_NATI1_8(1.0),A,ITC4,LBIRTHES_FROM2017,FRG,Y23,TOTAL,ALL,99,99,ALL,ALL,WORLD,9,2017,882,,,,TIPO_DATO15__LBIRTHES_FROM2017_N1,,,,,,,,,,,,,
IT1:25_74_DF_DCIS_NATI1_8(1.0),A,ITC4,LBIRTHES_FROM2017,FRG,Y24,TOTAL,ALL,99,99,ALL,ALL,WORLD,9,2017,986,,,,TIPO_DATO15__LBIRTHES_FROM2017_N1,,,,,,,,,,,,,
IT1:25_74_DF_DCIS_NATI1_8(1.0),A,ITC4,LBIRTHES_FROM2017,FRG,Y25,TOTAL,ALL,99,99,ALL,ALL,WORLD,9,2017,1132,,,,TIPO_DATO15__LBIRTHES_FROM2017_N1,,,,,,,,,,,,,
IT1:25_74_DF_DCIS_NATI1_8(1.0),A,ITC4,LBIRTHES_FROM2017,ITL,Y_UN17,TOTAL,ALL,99,99,ALL,ALL,WORLD,9,2017,95,,,,TIPO_DATO15__LBIRTHES_FROM2017_N1,,,,,,,,,,,,,
IT1:25_74_DF_DCIS_NATI1_8(1.0),A,ITC4,LBIRTHES_FROM2017,ITL,Y18,TOTAL,ALL,99,99,ALL,ALL,WORLD,9,2017,119,,,,TIPO_DATO15__LBIRTHES_FROM2017_N1,,,,,,,,,,,,,
IT1:25_74_DF_DCIS_NATI1_8(1.0),A,ITC4,LBIRTHES_FROM2017,ITL,Y19,TOTAL,ALL,99,99,ALL,ALL,WORLD,9,2017,177,,,,TIPO_DATO15__LBIRTHES_FROM2017_N1,,,,,,,,,,,,,
IT1:25_74_DF_DCIS_NATI1_8(1.0),A,ITC4,LBIRTHES_FROM2017,ITL,Y20,TOTAL,ALL,99,99,ALL,ALL,WORLD,9,2017,293,,,,TIPO_DATO15__LBIRTHES_FROM2017_N1,,,,,,,,,,,,,
IT1:25_74_DF_DCIS_NATI1_8(1.0),A,ITC4,LBIRTHES_FROM2017,ITL,Y21,TOTAL,ALL,99,99,ALL,ALL,WORLD,9,2017,373,,,,TIPO_DATO15__LBIRTHES_FROM2017_N1,,,,,,,,,,,,,
IT1:25_74_DF_DCIS_NATI1_8(1.0),A,ITC4,LBIRTHES_FROM2017,ITL,Y22,TOTAL,ALL,99,99,ALL,ALL,WORLD,9,2017,483,,,,TIPO_DATO15__LBIRTHES_FROM2017_N1,,,,,,,,,,,,,
IT1:25_74_DF_DCIS_NATI1_8(1.0),A,ITC4,LBIRTHES_FROM2017,ITL,Y23,TOTAL,ALL,99,99,ALL,ALL,WORLD,9,2017,614,,,,TIPO_DATO15__LBIRTHES_FROM2017_N1,,,,,,,,,,,,,
IT1:25_74_DF_DCIS_NATI1_8(1.0),A,ITC4,LBIRTHES_FROM2017,ITL,Y24,TOTAL,ALL,99,99,ALL,ALL,WORLD,9,2017,800,,,,TIPO_DATO15__LBIRTHES_FROM2017_N1,,,,,,,,,,,,,
IT1:25_74_DF_DCIS_NATI1_8(1.0),A,ITC4,LBIRTHES_FROM2017,ITL,Y25,TOTAL,ALL,99,99,ALL,ALL,WORLD,9,2017,1078,,,,TIPO_DATO15__LBIRTHES_FROM2017_N1,,,,,,,,,,,,,
IT1:25_74_DF_DCIS_NATI1_8(1.0),A,ITC4,LBIRTHES_FROM2017,TOTAL,Y_UN17,TOTAL,ALL,99,99,ALL,ALL,WORLD,9,2017,145,,,,TIPO_DATO15__LBIRTHES_FROM2017_N1,,,,,,,,,,,,,
IT1:25_74_DF_DCIS_NATI1_8(1.0),A,ITC4,LBIRTHES_FROM2017,TOTAL,Y18,TOTAL,ALL,99,99,ALL,ALL,WORLD,9,2017,208,,,,TIPO_DATO15__LBIRTHES_FROM2017_N1,,,,,,,,,,,,,
IT1:25_74_DF_DCIS_NATI1_8(1.0),A,ITC4,LBIRTHES_FROM2017,TOTAL,Y19,TOTAL,ALL,99,99,ALL,ALL,WORLD,9,2017,404,,,,TIPO_DATO15__LBIRTHES_FROM2017_N1,,,,,,,,,,,,,
IT1:25_74_DF_DCIS_NATI1_8(1.0),A,ITC4,LBIRTHES_FROM2017,TOTAL,Y20,TOTAL,ALL,99,99,ALL,ALL,WORLD,9,2017,655,,,,TIPO_DATO15__LBIRTHES_FROM2017_N1,,,,,,,,,,,,,
IT1:25_74_DF_DCIS_NATI1_8(1.0),A,ITC4,LBIRTHES_FROM2017,TOTAL,Y21,TOTAL,ALL,99,99,ALL,ALL,WORLD,9,2017,907,,,,TIPO_DATO15__LBIRTHES_FROM2017_N1,,,,,,,,,,,,,
IT1:25_74_DF_DCIS_NATI1_8(1.0),A,ITC4,LBIRTHES_FROM2017,TOTAL,Y22,TOTAL,ALL,99,99,ALL,ALL,WORLD,9,2017,1133,,,,TIPO_DATO15__LBIRTHES_FROM2017_N1,,,,,,,,,,,,,
IT1:25_74_DF_DCIS_NATI1_8(1.0),A,ITC4,LBIRTHES_FROM2017,TOTAL,Y23,TOTAL,ALL,99,99,ALL,ALL,WORLD,9,2017,1496,,,,TIPO_DATO15__LBIRTHES_FROM2017_N1,,,,,,,,,,,,,
IT1:25_74_DF_DCIS_NATI1_8(1.0),A,ITC4,LBIRTHES_FROM2017,TOTAL,Y24,TOTAL,ALL,99,99,ALL,ALL,WORLD,9,2017,1786,,,,TIPO_DATO15__LBIRTHES_FROM2017_N1,,,,,,,,,,,,,
IT1:25_74_DF_DCIS_NATI1_8(1.0),A,ITC4,LBIRTHES_FROM2017,TOTAL,Y25,TOTAL,ALL,99,99,ALL,ALL,WORLD,9,2017,2210,,,,TIPO_DATO15__LBIRTHES_FROM2017_N1,,,,,,,,,,,,,
IT1:25_74_DF_DCIS_NATI1_8(1.0),A,ITD1,LBIRTHES_FROM2017,FRG,Y_UN17,TOTAL,ALL,99,99,ALL,ALL,WORLD,9,2017,3,,,,TIPO_DATO15__LBIRTHES_FROM2017_N1,,,,,,,,,,,,,
IT1:25_74_DF_DCIS_NATI1_8(1.0),A,ITD1,LBIRTHES_FROM2017,FRG,Y18,TOTAL,ALL,99,99,ALL,ALL,WORLD,9,2017,0,,,,TIPO_DATO15__LBIRTHES_FROM2017_N1,,,,,,,,,,,,,
IT1:25_74_DF_DCIS_NATI1_8(1.0),A,ITD1,LBIRTHES_FROM2017,FRG,Y19,TOTAL,ALL,99,99,ALL,ALL,WORLD,9,2017,5,,,,TIPO_DATO15__LBIRTHES_FROM2017_N1,,,,,,,,,,,,,
IT1:25_74_DF_DCIS_NATI1_8(1.0),A,ITD1,LBIRTHES_FROM2017,FRG,Y20,TOTAL,ALL,99,99,ALL,ALL,WORLD,9,2017,11,,,,TIPO_DATO15__LBIRTHES_FROM2017_N1,,,,,,,,,,,,,
IT1:25_74_DF_DCIS_NATI1_8(1.0),A,ITD1,LBIRTHES_FROM2017,FRG,Y21,TOTAL,ALL,99,99,ALL,ALL,WORLD,9,2017,29,,,,TIPO_DATO15__LBIRTHES_FROM2017_N1,,,,,,,,,,,,,
IT1:25_74_DF_DCIS_NATI1_8(1.0),A,ITD1,LBIRTHES_FROM2017,FRG,Y22,TOTAL,ALL,99,99,ALL,ALL,WORLD,9,2017,33,,,,TIPO_DATO15__LBIRTHES_FROM2017_N1,,,,,,,,,,,,,
IT1:25_74_DF_DCIS_NATI1_8(1.0),A,ITD1,LBIRTHES_FROM2017,FRG,Y23,TOTAL,ALL,99,99,ALL,ALL,WORLD,9,2017,57,,,,TIPO_DATO15__LBIRTHES_FROM2017_N1,,,,,,,,,,,,,
IT1:25_74_DF_DCIS_NATI1_8(1.0),A,ITD1,LBIRTHES_FROM2017,FRG,Y24,TOTAL,ALL,99,99,ALL,ALL,WORLD,9,2017,65,,,,TIPO_DATO15__LBIRTHES_FROM2017_N1,,,,,,,,,,,,,
IT1:25_74_DF_DCIS_NATI1_8(1.0),A,ITD1,LBIRTHES_FROM2017,FRG,Y25,TOTAL,ALL,99,99,ALL,ALL,WORLD,9,2017,52,,,,TIPO_DATO15__LBIRTHES_FROM2017_N1,,,,,,,,,,,,,
IT1:25_74_DF_DCIS_NATI1_8(1.0),A,ITD1,LBIRTHES_FROM2017,ITL,Y_UN17,TOTAL,ALL,99,99,ALL,ALL,WORLD,9,2017,6,,,,TIPO_DATO15__LBIRTHES_FROM2017_N1,,,,,,,,,,,,,
IT1:25_74_DF_DCIS_NATI1_8(1.0),A,ITD1,LBIRTHES_FROM2017,ITL,Y18,TOTAL,ALL,99,99,ALL,ALL,WORLD,9,2017,13,,,,TIPO_DATO15__LBIRTHES_FROM2017_N1,,,,,,,,,,,,,
IT1:25_74_DF_DCIS_NATI1_8(1.0),A,ITD1,LBIRTHES_FROM2017,ITL,Y19,TOTAL,ALL,99,99,ALL,ALL,WORLD,9,2017,25,,,,TIPO_DATO15__LBIRTHES_FROM2017_N1,,,,,,,,,,,,,
IT1:25_74_DF_DCIS_NATI1_8(1.0),A,ITD1,LBIRTHES_FROM2017,ITL,Y20,TOTAL,ALL,99,99,ALL,ALL,WORLD,9,2017,20,,,,TIPO_DATO15__LBIRTHES_FROM2017_N1,,,,,,,,,,,,,
IT1:25_74_DF_DCIS_NATI1_8(1.0),A,ITD1,LBIRTHES_FROM2017,ITL,Y21,TOTAL,ALL,99,99,ALL,ALL,WORLD,9,2017,31,,,,TIPO_DATO15__LBIRTHES_FROM2017_N1,,,,,,,,,,,,,
IT1:25_74_DF_DCIS_NATI1_8(1.0),A,ITD1,LBIRTHES_FROM2017,ITL,Y22,TOTAL,ALL,99,99,ALL,ALL,WORLD,9,2017,46,,,,TIPO_DATO15__LBIRTHES_FROM2017_N1,,,,,,,,,,,,,
IT1:25_74_DF_DCIS_NATI1_8(1.0),A,ITD1,LBIRTHES_FROM2017,ITL,Y23,TOTAL,ALL,99,99,ALL,ALL,WORLD,9,2017,55,,,,TIPO_DATO15__LBIRTHES_FROM2017_N1,,,,,,,,,,,,,
IT1:25_74_DF_DCIS_NATI1_8(1.0),A,ITD1,LBIRTHES_FROM2017,ITL,Y24,TOTAL,ALL,99,99,ALL,ALL,WORLD,9,2017,104,,,,TIPO_DATO15__LBIRTHES_FROM2017_N1,,,,,,,,,,,,,
IT1:25_74_DF_DCIS_NATI1_8(1.0),A,ITD1,LBIRTHES_FROM2017,ITL,Y25,TOTAL,ALL,99,99,ALL,ALL,WORLD,9,2017,122,,,,TIPO_DATO15__LBIRTHES_FROM2017_N1,,,,,,,,,,,,,
IT1:25_74_DF_DCIS_NATI1_8(1.0),A,ITD1,LBIRTHES_FROM2017,TOTAL,Y_UN17,TOTAL,ALL,99,99,ALL,ALL,WORLD,9,2017,9,,,,TIPO_DATO15__LBIRTHES_FROM2017_N1,,,,,,,,,,,,,
IT1:25_74_DF_DCIS_NATI1_8(1.0),A,ITD1,LBIRTHES_FROM2017,TOTAL,Y18,TOTAL,ALL,99,99,ALL,ALL,WORLD,9,2017,13,,,,TIPO_DATO15__LBIRTHES_FROM2017_N1,,,,,,,,,,,,,
IT1:25_74_DF_DCIS_NATI1_8(1.0),A,ITD1,LBIRTHES_FROM2017,TOTAL,Y19,TOTAL,ALL,99,99,ALL,ALL,WORLD,9,2017,30,,,,TIPO_DATO15__LBIRTHES_FROM2017_N1,,,,,,,,,,,,,
IT1:25_74_DF_DCIS_NATI1_8(1.0),A,ITD1,LBIRTHES_FROM2017,TOTAL,Y20,TOTAL,ALL,99,99,ALL,ALL,WORLD,9,2017,31,,,,TIPO_DATO15__LBIRTHES_FROM2017_N1,,,,,,,,,,,,,
IT1:25_74_DF_DCIS_NATI1_8(1.0),A,ITD1,LBIRTHES_FROM2017,TOTAL,Y21,TOTAL,ALL,99,99,ALL,ALL,WORLD,9,2017,60,,,,TIPO_DATO15__LBIRTHES_FROM2017_N1,,,,,,,,,,,,,
IT1:25_74_DF_DCIS_NATI1_8(1.0),A,ITD1,LBIRTHES_FROM2017,TOTAL,Y22,TOTAL,ALL,99,99,ALL,ALL,WORLD,9,2017,79,,,,TIPO_DATO15__LBIRTHES_FROM2017_N1,,,,,,,,,,,,,
IT1:25_74_DF_DCIS_NATI1_8(1.0),A,ITD1,LBIRTHES_FROM2017,TOTAL,Y23,TOTAL,ALL,99,99,ALL,ALL,WORLD,9,2017,112,,,,TIPO_DATO15__LBIRTHES_FROM2017_N1,,,,,,,,,,,,,
IT1:25_74_DF_DCIS_NATI1_8(1.0),A,ITD1,LBIRTHES_FROM2017,TOTAL,Y24,TOTAL,ALL,99,99,ALL,ALL,WORLD,9,2017,169,,,,TIPO_DATO15__LBIRTHES_FROM2017_N1,,,,,,,,,,,,,
IT1:25_74_DF_DCIS_NATI1_8(1.0),A,ITD1,LBIRTHES_FROM2017,TOTAL,Y25,TOTAL,ALL,99,99,ALL,ALL,WORLD,9,2017,174,,,,TIPO_DATO15__LBIRTHES_FROM2017_N1,,,,,,,,,,,,,
IT1:25_74_DF_DCIS_NATI1_8(1.0),A,ITD2,LBIRTHES_FROM2017,FRG,Y_UN17,TOTAL,ALL,99,99,ALL,ALL,WORLD,9,2017,2,,,,TIPO_DATO15__LBIRTHES_FROM2017_N1,,,,,,,,,,,,,
IT1:25_74_DF_DCIS_NATI1_8(1.0),A,ITD2,LBIRTHES_FROM2017,FRG,Y18,TOTAL,ALL,99,99,ALL,ALL,WORLD,9,2017,3,,,,TIPO_DATO15__LBIRTHES_FROM2017_N1,,,,,,,,,,,,,
IT1:25_74_DF_DCIS_NATI1_8(1.0),A,ITD2,LBIRTHES_FROM2017,FRG,Y19,TOTAL,ALL,99,99,ALL,ALL,WORLD,9,2017,8,,,,TIPO_DATO15__LBIRTHES_FROM2017_N1,,,,,,,,,,,,,
IT1:25_74_DF_DCIS_NATI1_8(1.0),A,ITD2,LBIRTHES_FROM2017,FRG,Y20,TOTAL,ALL,99,99,ALL,ALL,WORLD,9,2017,20,,,,TIPO_DATO15__LBIRTHES_FROM2017_N1,,,,,,,,,,,,,
IT1:25_74_DF_DCIS_NATI1_8(1.0),A,ITD2,LBIRTHES_FROM2017,FRG,Y21,TOTAL,ALL,99,99,ALL,ALL,WORLD,9,2017,34,,,,TIPO_DATO15__LBIRTHES_FROM2017_N1,,,,,,,,,,,,,
IT1:25_74_DF_DCIS_NATI1_8(1.0),A,ITD2,LBIRTHES_FROM2017,FRG,Y22,TOTAL,ALL,99,99,ALL,ALL,WORLD,9,2017,29,,,,TIPO_DATO15__LBIRTHES_FROM2017_N1,,,,,,,,,,,,,
IT1:25_74_DF_DCIS_NATI1_8(1.0),A,ITD2,LBIRTHES_FROM2017,FRG,Y23,TOTAL,ALL,99,99,ALL,ALL,WORLD,9,2017,35,,,,TIPO_DATO15__LBIRTHES_FROM2017_N1,,,,,,,,,,,,,
IT1:25_74_DF_DCIS_NATI1_8(1.0),A,ITD2,LBIRTHES_FROM2017,FRG,Y24,TOTAL,ALL,99,99,ALL,ALL,WORLD,9,2017,43,,,,TIPO_DATO15__LBIRTHES_FROM2017_N1,,,,,,,,,,,,,
IT1:25_74_DF_DCIS_NATI1_8(1.0),A,ITD2,LBIRTHES_FROM2017,FRG,Y25,TOTAL,ALL,99,99,ALL,ALL,WORLD,9,2017,57,,,,TIPO_DATO15__LBIRTHES_FROM2017_N1,,,,,,,,,,,,,
IT1:25_74_DF_DCIS_NATI1_8(1.0),A,ITD2,LBIRTHES_FROM2017,ITL,Y_UN17,TOTAL,ALL,99,99,ALL,ALL,WORLD,9,2017,4,,,,TIPO_DATO15__LBIRTHES_FROM2017_N1,,,,,,,,,,,,,
IT1:25_74_DF_DCIS_NATI1_8(1.0),A,ITD2,LBIRTHES_FROM2017,ITL,Y18,TOTAL,ALL,99,99,ALL,ALL,WORLD,9,2017,6,,,,TIPO_DATO15__LBIRTHES_FROM2017_N1,,,,,,,,,,,,,
IT1:25_74_DF_DCIS_NATI1_8(1.0),A,ITD2,LBIRTHES_FROM2017,ITL,Y19,TOTAL,ALL,99,99,ALL,ALL,WORLD,9,2017,14,,,,TIPO_DATO15__LBIRTHES_FROM2017_N1,,,,,,,,,,,,,
IT1:25_74_DF_DCIS_NATI1_8(1.0),A,ITD2,LBIRTHES_FROM2017,ITL,Y20,TOTAL,ALL,99,99,ALL,ALL,WORLD,9,2017,20,,,,TIPO_DATO15__LBIRTHES_FROM2017_N1,,,,,,,,,,,,,
IT1:25_74_DF_DCIS_NATI1_8(1.0),A,ITD2,LBIRTHES_FROM2017,ITL,Y21,TOTAL,ALL,99,99,ALL,ALL,WORLD,9,2017,22,,,,TIPO_DATO15__LBIRTHES_FROM2017_N1,,,,,,,,,,,,,
IT1:25_74_DF_DCIS_NATI1_8(1.0),A,ITD2,LBIRTHES_FROM2017,ITL,Y22,TOTAL,ALL,99,99,ALL,ALL,WORLD,9,2017,35,,,,TIPO_DATO15__LBIRTHES_FROM2017_N1,,,,,,,,,,,,,
IT1:25_74_DF_DCIS_NATI1_8(1.0),A,ITD2,LBIRTHES_FROM2017,ITL,Y23,TOTAL,ALL,99,99,ALL,ALL,WORLD,9,2017,48,,,,TIPO_DATO15__LBIRTHES_FROM2017_N1,,,,,,,,,,,,,
IT1:25_74_DF_DCIS_NATI1_8(1.0),A,ITD2,LBIRTHES_FROM2017,ITL,Y24,TOTAL,ALL,99,99,ALL,ALL,WORLD,9,2017,62,,,,TIPO_DATO15__LBIRTHES_FROM2017_N1,,,,,,,,,,,,,
IT1:25_74_DF_DCIS_NATI1_8(1.0),A,ITD2,LBIRTHES_FROM2017,ITL,Y25,TOTAL,ALL,99,99,ALL,ALL,WORLD,9,2017,71,,,,TIPO_DATO15__LBIRTHES_FROM2017_N1,,,,,,,,,,,,,
IT1:25_74_DF_DCIS_NATI1_8(1.0),A,ITD2,LBIRTHES_FROM2017,TOTAL,Y_UN17,TOTAL,ALL,99,99,ALL,ALL,WORLD,9,2017,6,,,,TIPO_DATO15__LBIRTHES_FROM2017_N1,,,,,,,,,,,,,
IT1:25_74_DF_DCIS_NATI1_8(1.0),A,ITD2,LBIRTHES_FROM2017,TOTAL,Y18,TOTAL,ALL,99,99,ALL,ALL,WORLD,9,2017,9,,,,TIPO_DATO15__LBIRTHES_FROM2017_N1,,,,,,,,,,,,,
IT1:25_74_DF_DCIS_NATI1_8(1.0),A,ITD2,LBIRTHES_FROM2017,TOTAL,Y19,TOTAL,ALL,99,99,ALL,ALL,WORLD,9,2017,22,,,,TIPO_DATO15__LBIRTHES_FROM2017_N1,,,,,,,,,,,,,
IT1:25_74_DF_DCIS_NATI1_8(1.0),A,ITD2,LBIRTHES_FROM2017,TOTAL,Y20,TOTAL,ALL,99,99,ALL,ALL,WORLD,9,2017,40,,,,TIPO_DATO15__LBIRTHES_FROM2017_N1,,,,,,,,,,,,,
IT1:25_74_DF_DCIS_NATI1_8(1.0),A,ITD2,LBIRTHES_FROM2017,TOTAL,Y21,TOTAL,ALL,99,99,ALL,ALL,WORLD,9,2017,56,,,,TIPO_DATO15__LBIRTHES_FROM2017_N1,,,,,,,,,,,,,
IT1:25_74_DF_DCIS_NATI1_8(1.0),A,ITD2,LBIRTHES_FROM2017,TOTAL,Y22,TOTAL,ALL,99,99,ALL,ALL,WORLD,9,2017,64,,,,TIPO_DATO15__LBIRTHES_FROM2017_N1,,,,,,,,,,,,,
IT1:25_74_DF_DCIS_NATI1_8(1.0),A,ITD2,LBIRTHES_FROM2017,TOTAL,Y23,TOTAL,ALL,99,99,ALL,ALL,WORLD,9,2017,83,,,,TIPO_DATO15__LBIRTHES_FROM2017_N1,,,,,,,,,,,,,
IT1:25_74_DF_DCIS_NATI1_8(1.0),A,ITD2,LBIRTHES_FROM2017,TOTAL,Y24,TOTAL,ALL,99,99,ALL,ALL,WORLD,9,2017,105,,,,TIPO_DATO15__LBIRTHES_FROM2017_N1,,,,,,,,,,,,,
IT1:25_74_DF_DCIS_NATI1_8(1.0),A,ITD2,LBIRTHES_FROM2017,TOTAL,Y25,TOTAL,ALL,99,99,ALL,ALL,WORLD,9,2017,128,,,,TIPO_DATO15__LBIRTHES_FROM2017_N1,,,,,,,,,,,,,
IT1:25_74_DF_DCIS_NATI1_8(1.0),A,ITD3,LBIRTHES_FROM2017,FRG,Y_UN17,TOTAL,ALL,99,99,ALL,ALL,WORLD,9,2017,23,,,,TIPO_DATO15__LBIRTHES_FROM2017_N1,,,,,,,,,,,,,
IT1:25_74_DF_DCIS_NATI1_8(1.0),A,ITD3,LBIRTHES_FROM2017,FRG,Y18,TOTAL,ALL,99,99,ALL,ALL,WORLD,9,2017,36,,,,TIPO_DATO15__LBIRTHES_FROM2017_N1,,,,,,,,,,,,,
IT1:25_74_DF_DCIS_NATI1_8(1.0),A,ITD3,LBIRTHES_FROM2017,FRG,Y19,TOTAL,ALL,99,99,ALL,ALL,WORLD,9,2017,94,,,,TIPO_DATO15__LBIRTHES_FROM2017_N1,,,,,,,,,,,,,
IT1:25_74_DF_DCIS_NATI1_8(1.0),A,ITD3,LBIRTHES_FROM2017,FRG,Y20,TOTAL,ALL,99,99,ALL,ALL,WORLD,9,2017,149,,,,TIPO_DATO15__LBIRTHES_FROM2017_N1,,,,,,,,,,,,,
IT1:25_74_DF_DCIS_NATI1_8(1.0),A,ITD3,LBIRTHES_FROM2017,FRG,Y21,TOTAL,ALL,99,99,ALL,ALL,WORLD,9,2017,203,,,,TIPO_DATO15__LBIRTHES_FROM2017_N1,,,,,,,,,,,,,
IT1:25_74_DF_DCIS_NATI1_8(1.0),A,ITD3,LBIRTHES_FROM2017,FRG,Y22,TOTAL,ALL,99,99,ALL,ALL,WORLD,9,2017,306,,,,TIPO_DATO15__LBIRTHES_FROM2017_N1,,,,,,,,,,,,,
IT1:25_74_DF_DCIS_NATI1_8(1.0),A,ITD3,LBIRTHES_FROM2017,FRG,Y23,TOTAL,ALL,99,99,ALL,ALL,WORLD,9,2017,340,,,,TIPO_DATO15__LBIRTHES_FROM2017_N1,,,,,,,,,,,,,
IT1:25_74_DF_DCIS_NATI1_8(1.0),A,ITD3,LBIRTHES_FROM2017,FRG,Y24,TOTAL,ALL,99,99,ALL,ALL,WORLD,9,2017,453,,,,TIPO_DATO15__LBIRTHES_FROM2017_N1,,,,,,,,,,,,,
IT1:25_74_DF_DCIS_NATI1_8(1.0),A,ITD3,LBIRTHES_FROM2017,FRG,Y25,TOTAL,ALL,99,99,ALL,ALL,WORLD,9,2017,526,,,,TIPO_DATO15__LBIRTHES_FROM2017_N1,,,,,,,,,,,,,
IT1:25_74_DF_DCIS_NATI1_8(1.0),A,ITD3,LBIRTHES_FROM2017,ITL,Y_UN17,TOTAL,ALL,99,99,ALL,ALL,WORLD,9,2017,49,,,,TIPO_DATO15__LBIRTHES_FROM2017_N1,,,,,,,,,,,,,
IT1:25_74_DF_DCIS_NATI1_8(1.0),A,ITD3,LBIRTHES_FROM2017,ITL,Y18,TOTAL,ALL,99,99,ALL,ALL,WORLD,9,2017,50,,,,TIPO_DATO15__LBIRTHES_FROM2017_N1,,,,,,,,,,,,,
IT1:25_74_DF_DCIS_NATI1_8(1.0),A,ITD3,LBIRTHES_FROM2017,ITL,Y19,TOTAL,ALL,99,99,ALL,ALL,WORLD,9,2017,91,,,,TIPO_DATO15__LBIRTHES_FROM2017_N1,,,,,,,,,,,,,
IT1:25_74_DF_DCIS_NATI1_8(1.0),A,ITD3,LBIRTHES_FROM2017,ITL,Y20,TOTAL,ALL,99,99,ALL,ALL,WORLD,9,2017,149,,,,TIPO_DATO15__LBIRTHES_FROM2017_N1,,,,,,,,,,,,,
IT1:25_74_DF_DCIS_NATI1_8(1.0),A,ITD3,LBIRTHES_FROM2017,ITL,Y21,TOTAL,ALL,99,99,ALL,ALL,WORLD,9,2017,140,,,,TIPO_DATO15__LBIRTHES_FROM2017_N1,,,,,,,,,,,,,
IT1:25_74_DF_DCIS_NATI1_8(1.0),A,ITD3,LBIRTHES_FROM2017,ITL,Y22,TOTAL,ALL,99,99,ALL,ALL,WORLD,9,2017,227,,,,TIPO_DATO15__LBIRTHES_FROM2017_N1,,,,,,,,,,,,,
IT1:25_74_DF_DCIS_NATI1_8(1.0),A,ITD3,LBIRTHES_FROM2017,ITL,Y23,TOTAL,ALL,99,99,ALL,ALL,WORLD,9,2017,273,,,,TIPO_DATO15__LBIRTHES_FROM2017_N1,,,,,,,,,,,,,
IT1:25_74_DF_DCIS_NATI1_8(1.0),A,ITD3,LBIRTHES_FROM2017,ITL,Y24,TOTAL,ALL,99,99,ALL,ALL,WORLD,9,2017,389,,,,TIPO_DATO15__LBIRTHES_FROM2017_N1,,,,,,,,,,,,,
IT1:25_74_DF_DCIS_NATI1_8(1.0),A,ITD3,LBIRTHES_FROM2017,ITL,Y25,TOTAL,ALL,99,99,ALL,ALL,WORLD,9,2017,573,,,,TIPO_DATO15__LBIRTHES_FROM2017_N1,,,,,,,,,,,,,
IT1:25_74_DF_DCIS_NATI1_8(1.0),A,ITD3,LBIRTHES_FROM2017,TOTAL,Y_UN17,TOTAL,ALL,99,99,ALL,ALL,WORLD,9,2017,72,,,,TIPO_DATO15__LBIRTHES_FROM2017_N1,,,,,,,,,,,,,
IT1:25_74_DF_DCIS_NATI1_8(1.0),A,ITD3,LBIRTHES_FROM2017,TOTAL,Y18,TOTAL,ALL,99,99,ALL,ALL,WORLD,9,2017,86,,,,TIPO_DATO15__LBIRTHES_FROM2017_N1,,,,,,,,,,,,,
IT1:25_74_DF_DCIS_NATI1_8(1.0),A,ITD3,LBIRTHES_FROM2017,TOTAL,Y19,TOTAL,ALL,99,99,ALL,ALL,WORLD,9,2017,185,,,,TIPO_DATO15__LBIRTHES_FROM2017_N1,,,,,,,,,,,,,
IT1:25_74_DF_DCIS_NATI1_8(1.0),A,ITD3,LBIRTHES_FROM2017,TOTAL,Y20,TOTAL,ALL,99,99,ALL,ALL,WORLD,9,2017,298,,,,TIPO_DATO15__LBIRTHES_FROM2017_N1,,,,,,,,,,,,,
IT1:25_74_DF_DCIS_NATI1_8(1.0),A,ITD3,LBIRTHES_FROM2017,TOTAL,Y21,TOTAL,ALL,99,99,ALL,ALL,WORLD,9,2017,343,,,,TIPO_DATO15__LBIRTHES_FROM2017_N1,,,,,,,,,,,,,
IT1:25_74_DF_DCIS_NATI1_8(1.0),A,ITD3,LBIRTHES_FROM2017,TOTAL,Y22,TOTAL,ALL,99,99,ALL,ALL,WORLD,9,2017,533,,,,TIPO_DATO15__LBIRTHES_FROM2017_N1,,,,,,,,,,,,,
IT1:25_74_DF_DCIS_NATI1_8(1.0),A,ITD3,LBIRTHES_FROM2017,TOTAL,Y23,TOTAL,ALL,99,99,ALL,ALL,WORLD,9,2017,613,,,,TIPO_DATO15__LBIRTHES_FROM2017_N1,,,,,,,,,,,,,
IT1:25_74_DF_DCIS_NATI1_8(1.0),A,ITD3,LBIRTHES_FROM2017,TOTAL,Y24,TOTAL,ALL,99,99,ALL,ALL,WORLD,9,2017,842,,,,TIPO_DATO15__LBIRTHES_FROM2017_N1,,,,,,,,,,,,,
IT1:25_74_DF_DCIS_NATI1_8(1.0),A,ITD3,LBIRTHES_FROM2017,TOTAL,Y25,TOTAL,ALL,99,99,ALL,ALL,WORLD,9,2017,1099,,,,TIPO_DATO15__LBIRTHES_FROM2017_N1,,,,,,,,,,,,,
IT1:25_74_DF_DCIS_NATI1_8(1.0),A,ITD4,LBIRTHES_FROM2017,FRG,Y_UN17,TOTAL,ALL,99,99,ALL,ALL,WORLD,9,2017,2,,,,TIPO_DATO15__LBIRTHES_FROM2017_N1,,,,,,,,,,,,,
IT1:25_74_DF_DCIS_NATI1_8(1.0),A,ITD4,LBIRTHES_FROM2017,FRG,Y18,TOTAL,ALL,99,99,ALL,ALL,WORLD,9,2017,6,,,,TIPO_DATO15__LBIRTHES_FROM2017_N1,,,,,,,,,,,,,
IT1:25_74_DF_DCIS_NATI1_8(1.0),A,ITD4,LBIRTHES_FROM2017,FRG,Y19,TOTAL,ALL,99,99,ALL,ALL,WORLD,9,2017,12,,,,TIPO_DATO15__LBIRTHES_FROM2017_N1,,,,,,,,,,,,,
IT1:25_74_DF_DCIS_NATI1_8(1.0),A,ITD4,LBIRTHES_FROM2017,FRG,Y20,TOTAL,ALL,99,99,ALL,ALL,WORLD,9,2017,28,,,,TIPO_DATO15__LBIRTHES_FROM2017_N1,,,,,,,,,,,,,
IT1:25_74_DF_DCIS_NATI1_8(1.0),A,ITD4,LBIRTHES_FROM2017,FRG,Y21,TOTAL,ALL,99,99,ALL,ALL,WORLD,9,2017,35,,,,TIPO_DATO15__LBIRTHES_FROM2017_N1,,,,,,,,,,,,,
IT1:25_74_DF_DCIS_NATI1_8(1.0),A,ITD4,LBIRTHES_FROM2017,FRG,Y22,TOTAL,ALL,99,99,ALL,ALL,WORLD,9,2017,81,,,,TIPO_DATO15__LBIRTHES_FROM2017_N1,,,,,,,,,,,,,
IT1:25_74_DF_DCIS_NATI1_8(1.0),A,ITD4,LBIRTHES_FROM2017,FRG,Y23,TOTAL,ALL,99,99,ALL,ALL,WORLD,9,2017,78,,,,TIPO_DATO15__LBIRTHES_FROM2017_N1,,,,,,,,,,,,,
IT1:25_74_DF_DCIS_NATI1_8(1.0),A,ITD4,LBIRTHES_FROM2017,FRG,Y24,TOTAL,ALL,99,99,ALL,ALL,WORLD,9,2017,89,,,,TIPO_DATO15__LBIRTHES_FROM2017_N1,,,,,,,,,,,,,
IT1:25_74_DF_DCIS_NATI1_8(1.0),A,ITD4,LBIRTHES_FROM2017,FRG,Y25,TOTAL,ALL,99,99,ALL,ALL,WORLD,9,2017,107,,,,TIPO_DATO15__LBIRTHES_FROM2017_N1,,,,,,,,,,,,,
IT1:25_74_DF_DCIS_NATI1_8(1.0),A,ITD4,LBIRTHES_FROM2017,ITL,Y_UN17,TOTAL,ALL,99,99,ALL,ALL,WORLD,9,2017,9,,,,TIPO_DATO15__LBIRTHES_FROM2017_N1,,,,,,,,,,,,,
IT1:25_74_DF_DCIS_NATI1_8(1.0),A,ITD4,LBIRTHES_FROM2017,ITL,Y18,TOTAL,ALL,99,99,ALL,ALL,WORLD,9,2017,10,,,,TIPO_DATO15__LBIRTHES_FROM2017_N1,,,,,,,,,,,,,
IT1:25_74_DF_DCIS_NATI1_8(1.0),A,ITD4,LBIRTHES_FROM2017,ITL,Y19,TOTAL,ALL,99,99,ALL,ALL,WORLD,9,2017,16,,,,TIPO_DATO15__LBIRTHES_FROM2017_N1,,,,,,,,,,,,,
IT1:25_74_DF_DCIS_NATI1_8(1.0),A,ITD4,LBIRTHES_FROM2017,ITL,Y20,TOTAL,ALL,99,99,ALL,ALL,WORLD,9,2017,31,,,,TIPO_DATO15__LBIRTHES_FROM2017_N1,,,,,,,,,,,,,
IT1:25_74_DF_DCIS_NATI1_8(1.0),A,ITD4,LBIRTHES_FROM2017,ITL,Y21,TOTAL,ALL,99,99,ALL,ALL,WORLD,9,2017,50,,,,TIPO_DATO15__LBIRTHES_FROM2017_N1,,,,,,,,,,,,,
IT1:25_74_DF_DCIS_NATI1_8(1.0),A,ITD4,LBIRTHES_FROM2017,ITL,Y22,TOTAL,ALL,99,99,ALL,ALL,WORLD,9,2017,56,,,,TIPO_DATO15__LBIRTHES_FROM2017_N1,,,,,,,,,,,,,
IT1:25_74_DF_DCIS_NATI1_8(1.0),A,ITD4,LBIRTHES_FROM2017,ITL,Y23,TOTAL,ALL,99,99,ALL,ALL,WORLD,9,2017,61,,,,TIPO_DATO15__LBIRTHES_FROM2017_N1,,,,,,,,,,,,,
IT1:25_74_DF_DCIS_NATI1_8(1.0),A,ITD4,LBIRTHES_FROM2017,ITL,Y24,TOTAL,ALL,99,99,ALL,ALL,WORLD,9,2017,107,,,,TIPO_DATO15__LBIRTHES_FROM2017_N1,,,,,,,,,,,,,
IT1:25_74_DF_DCIS_NATI1_8(1.0),A,ITD4,LBIRTHES_FROM2017,ITL,Y25,TOTAL,ALL,99,99,ALL,ALL,WORLD,9,2017,139,,,,TIPO_DATO15__LBIRTHES_FROM2017_N1,,,,,,,,,,,,,
IT1:25_74_DF_DCIS_NATI1_8(1.0),A,ITD4,LBIRTHES_FROM2017,TOTAL,Y_UN17,TOTAL,ALL,99,99,ALL,ALL,WORLD,9,2017,11,,,,TIPO_DATO15__LBIRTHES_FROM2017_N1,,,,,,,,,,,,,
IT1:25_74_DF_DCIS_NATI1_8(1.0),A,ITD4,LBIRTHES_FROM2017,TOTAL,Y18,TOTAL,ALL,99,99,ALL,ALL,WORLD,9,2017,16,,,,TIPO_DATO15__LBIRTHES_FROM2017_N1,,,,,,,,,,,,,
IT1:25_74_DF_DCIS_NATI1_8(1.0),A,ITD4,LBIRTHES_FROM2017,TOTAL,Y19,TOTAL,ALL,99,99,ALL,ALL,WORLD,9,2017,28,,,,TIPO_DATO15__LBIRTHES_FROM2017_N1,,,,,,,,,,,,,
IT1:25_74_DF_DCIS_NATI1_8(1.0),A,ITD4,LBIRTHES_FROM2017,TOTAL,Y20,TOTAL,ALL,99,99,ALL,ALL,WORLD,9,2017,59,,,,TIPO_DATO15__LBIRTHES_FROM2017_N1,,,,,,,,,,,,,
IT1:25_74_DF_DCIS_NATI1_8(1.0),A,ITD4,LBIRTHES_FROM2017,TOTAL,Y21,TOTAL,ALL,99,99,ALL,ALL,WORLD,9,2017,85,,,,TIPO_DATO15__LBIRTHES_FROM2017_N1,,,,,,,,,,,,,
IT1:25_74_DF_DCIS_NATI1_8(1.0),A,ITD4,LBIRTHES_FROM2017,TOTAL,Y22,TOTAL,ALL,99,99,ALL,ALL,WORLD,9,2017,137,,,,TIPO_DATO15__LBIRTHES_FROM2017_N1,,,,,,,,,,,,,
IT1:25_74_DF_DCIS_NATI1_8(1.0),A,ITD4,LBIRTHES_FROM2017,TOTAL,Y23,TOTAL,ALL,99,99,ALL,ALL,WORLD,9,2017,139,,,,TIPO_DATO15__LBIRTHES_FROM2017_N1,,,,,,,,,,,,,
IT1:25_74_DF_DCIS_NATI1_8(1.0),A,ITD4,LBIRTHES_FROM2017,TOTAL,Y24,TOTAL,ALL,99,99,ALL,ALL,WORLD,9,2017,196,,,,TIPO_DATO15__LBIRTHES_FROM2017_N1,,,,,,,,,,,,,
IT1:25_74_DF_DCIS_NATI1_8(1.0),A,ITD4,LBIRTHES_FROM2017,TOTAL,Y25,TOTAL,ALL,99,99,ALL,ALL,WORLD,9,2017,246,,,,TIPO_DATO15__LBIRTHES_FROM2017_N1,,,,,,,,,,,,,
IT1:25_74_DF_DCIS_NATI1_8(1.0),A,ITD5,LBIRTHES_FROM2017,FRG,Y_UN17,TOTAL,ALL,99,99,ALL,ALL,WORLD,9,2017,21,,,,TIPO_DATO15__LBIRTHES_FROM2017_N1,,,,,,,,,,,,,
IT1:25_74_DF_DCIS_NATI1_8(1.0),A,ITD5,LBIRTHES_FROM2017,FRG,Y18,TOTAL,ALL,99,99,ALL,ALL,WORLD,9,2017,44,,,,TIPO_DATO15__LBIRTHES_FROM2017_N1,,,,,,,,,,,,,
IT1:25_74_DF_DCIS_NATI1_8(1.0),A,ITD5,LBIRTHES_FROM2017,FRG,Y19,TOTAL,ALL,99,99,ALL,ALL,WORLD,9,2017,99,,,,TIPO_DATO15__LBIRTHES_FROM2017_N1,,,,,,,,,,,,,
IT1:25_74_DF_DCIS_NATI1_8(1.0),A,ITD5,LBIRTHES_FROM2017,FRG,Y20,TOTAL,ALL,99,99,ALL,ALL,WORLD,9,2017,187,,,,TIPO_DATO15__LBIRTHES_FROM2017_N1,,,,,,,,,,,,,
IT1:25_74_DF_DCIS_NATI1_8(1.0),A,ITD5,LBIRTHES_FROM2017,FRG,Y21,TOTAL,ALL,99,99,ALL,ALL,WORLD,9,2017,250,,,,TIPO_DATO15__LBIRTHES_FROM2017_N1,,,,,,,,,,,,,
IT1:25_74_DF_DCIS_NATI1_8(1.0),A,ITD5,LBIRTHES_FROM2017,FRG,Y22,TOTAL,ALL,99,99,ALL,ALL,WORLD,9,2017,328,,,,TIPO_DATO15__LBIRTHES_FROM2017_N1,,,,,,,,,,,,,
IT1:25_74_DF_DCIS_NATI1_8(1.0),A,ITD5,LBIRTHES_FROM2017,FRG,Y23,TOTAL,ALL,99,99,ALL,ALL,WORLD,9,2017,398,,,,TIPO_DATO15__LBIRTHES_FROM2017_N1,,,,,,,,,,,,,
IT1:25_74_DF_DCIS_NATI1_8(1.0),A,ITD5,LBIRTHES_FROM2017,FRG,Y24,TOTAL,ALL,99,99,ALL,ALL,WORLD,9,2017,477,,,,TIPO_DATO15__LBIRTHES_FROM2017_N1,,,,,,,,,,,,,
IT1:25_74_DF_DCIS_NATI1_8(1.0),A,ITD5,LBIRTHES_FROM2017,FRG,Y25,TOTAL,ALL,99,99,ALL,ALL,WORLD,9,2017,563,,,,TIPO_DATO15__LBIRTHES_FROM2017_N1,,,,,,,,,,,,,
IT1:25_74_DF_DCIS_NATI1_8(1.0),A,ITD5,LBIRTHES_FROM2017,ITL,Y_UN17,TOTAL,ALL,99,99,ALL,ALL,WORLD,9,2017,24,,,,TIPO_DATO15__LBIRTHES_FROM2017_N1,,,,,,,,,,,,,
IT1:25_74_DF_DCIS_NATI1_8(1.0),A,ITD5,LBIRTHES_FROM2017,ITL,Y18,TOTAL,ALL,99,99,ALL,ALL,WORLD,9,2017,34,,,,TIPO_DATO15__LBIRTHES_FROM2017_N1,,,,,,,,,,,,,
IT1:25_74_DF_DCIS_NATI1_8(1.0),A,ITD5,LBIRTHES_FROM2017,ITL,Y19,TOTAL,ALL,99,99,ALL,ALL,WORLD,9,2017,75,,,,TIPO_DATO15__LBIRTHES_FROM2017_N1,,,,,,,,,,,,,
IT1:25_74_DF_DCIS_NATI1_8(1.0),A,ITD5,LBIRTHES_FROM2017,ITL,Y20,TOTAL,ALL,99,99,ALL,ALL,WORLD,9,2017,103,,,,TIPO_DATO15__LBIRTHES_FROM2017_N1,,,,,,,,,,,,,
IT1:25_74_DF_DCIS_NATI1_8(1.0),A,ITD5,LBIRTHES_FROM2017,ITL,Y21,TOTAL,ALL,99,99,ALL,ALL,WORLD,9,2017,147,,,,TIPO_DATO15__LBIRTHES_FROM2017_N1,,,,,,,,,,,,,
IT1:25_74_DF_DCIS_NATI1_8(1.0),A,ITD5,LBIRTHES_FROM2017,ITL,Y22,TOTAL,ALL,99,99,ALL,ALL,WORLD,9,2017,199,,,,TIPO_DATO15__LBIRTHES_FROM2017_N1,,,,,,,,,,,,,
IT1:25_74_DF_DCIS_NATI1_8(1.0),A,ITD5,LBIRTHES_FROM2017,ITL,Y23,TOTAL,ALL,99,99,ALL,ALL,WORLD,9,2017,274,,,,TIPO_DATO15__LBIRTHES_FROM2017_N1,,,,,,,,,,,,,
IT1:25_74_DF_DCIS_NATI1_8(1.0),A,ITD5,LBIRTHES_FROM2017,ITL,Y24,TOTAL,ALL,99,99,ALL,ALL,WORLD,9,2017,348,,,,TIPO_DATO15__LBIRTHES_FROM2017_N1,,,,,,,,,,,,,
IT1:25_74_DF_DCIS_NATI1_8(1.0),A,ITD5,LBIRTHES_FROM2017,ITL,Y25,TOTAL,ALL,99,99,ALL,ALL,WORLD,9,2017,470,,,,TIPO_DATO15__LBIRTHES_FROM2017_N1,,,,,,,,,,,,,
IT1:25_74_DF_DCIS_NATI1_8(1.0),A,ITD5,LBIRTHES_FROM2017,TOTAL,Y_UN17,TOTAL,ALL,99,99,ALL,ALL,WORLD,9,2017,45,,,,TIPO_DATO15__LBIRTHES_FROM2017_N1,,,,,,,,,,,,,
IT1:25_74_DF_DCIS_NATI1_8(1.0),A,ITD5,LBIRTHES_FROM2017,TOTAL,Y18,TOTAL,ALL,99,99,ALL,ALL,WORLD,9,2017,78,,,,TIPO_DATO15__LBIRTHES_FROM2017_N1,,,,,,,,,,,,,
IT1:25_74_DF_DCIS_NATI1_8(1.0),A,ITD5,LBIRTHES_FROM2017,TOTAL,Y19,TOTAL,ALL,99,99,ALL,ALL,WORLD,9,2017,174,,,,TIPO_DATO15__LBIRTHES_FROM2017_N1,,,,,,,,,,,,,
IT1:25_74_DF_DCIS_NATI1_8(1.0),A,ITD5,LBIRTHES_FROM2017,TOTAL,Y20,TOTAL,ALL,99,99,ALL,ALL,WORLD,9,2017,290,,,,TIPO_DATO15__LBIRTHES_FROM2017_N1,,,,,,,,,,,,,
IT1:25_74_DF_DCIS_NATI1_8(1.0),A,ITD5,LBIRTHES_FROM2017,TOTAL,Y21,TOTAL,ALL,99,99,ALL,ALL,WORLD,9,2017,397,,,,TIPO_DATO15__LBIRTHES_FROM2017_N1,,,,,,,,,,,,,
IT1:25_74_DF_DCIS_NATI1_8(1.0),A,ITD5,LBIRTHES_FROM2017,TOTAL,Y22,TOTAL,ALL,99,99,ALL,ALL,WORLD,9,2017,527,,,,TIPO_DATO15__LBIRTHES_FROM2017_N1,,,,,,,,,,,,,
IT1:25_74_DF_DCIS_NATI1_8(1.0),A,ITD5,LBIRTHES_FROM2017,TOTAL,Y23,TOTAL,ALL,99,99,ALL,ALL,WORLD,9,2017,672,,,,TIPO_DATO15__LBIRTHES_FROM2017_N1,,,,,,,,,,,,,
IT1:25_74_DF_DCIS_NATI1_8(1.0),A,ITD5,LBIRTHES_FROM2017,TOTAL,Y24,TOTAL,ALL,99,99,ALL,ALL,WORLD,9,2017,825,,,,TIPO_DATO15__LBIRTHES_FROM2017_N1,,,,,,,,,,,,,
IT1:25_74_DF_DCIS_NATI1_8(1.0),A,ITD5,LBIRTHES_FROM2017,TOTAL,Y25,TOTAL,ALL,99,99,ALL,ALL,WORLD,9,2017,1033,,,,TIPO_DATO15__LBIRTHES_FROM2017_N1,,,,,,,,,,,,,
IT1:25_74_DF_DCIS_NATI1_8(1.0),A,ITDA,LBIRTHES_FROM2017,FRG,Y_UN17,TOTAL,ALL,99,99,ALL,ALL,WORLD,9,2017,5,,,,TIPO_DATO15__LBIRTHES_FROM2017_N1,,,,,,,,,,,,,
IT1:25_74_DF_DCIS_NATI1_8(1.0),A,ITDA,LBIRTHES_FROM2017,FRG,Y18,TOTAL,ALL,99,99,ALL,ALL,WORLD,9,2017,3,,,,TIPO_DATO15__LBIRTHES_FROM2017_N1,,,,,,,,,,,,,
IT1:25_74_DF_DCIS_NATI1_8(1.0),A,ITDA,LBIRTHES_FROM2017,FRG,Y19,TOTAL,ALL,99,99,ALL,ALL,WORLD,9,2017,13,,,,TIPO_DATO15__LBIRTHES_FROM2017_N1,,,,,,,,,,,,,
IT1:25_74_DF_DCIS_NATI1_8(1.0),A,ITDA,LBIRTHES_FROM2017,FRG,Y20,TOTAL,ALL,99,99,ALL,ALL,WORLD,9,2017,31,,,,TIPO_DATO15__LBIRTHES_FROM2017_N1,,,,,,,,,,,,,
IT1:25_74_DF_DCIS_NATI1_8(1.0),A,ITDA,LBIRTHES_FROM2017,FRG,Y21,TOTAL,ALL,99,99,ALL,ALL,WORLD,9,2017,63,,,,TIPO_DATO15__LBIRTHES_FROM2017_N1,,,,,,,,,,,,,
IT1:25_74_DF_DCIS_NATI1_8(1.0),A,ITDA,LBIRTHES_FROM2017,FRG,Y22,TOTAL,ALL,99,99,ALL,ALL,WORLD,9,2017,62,,,,TIPO_DATO15__LBIRTHES_FROM2017_N1,,,,,,,,,,,,,
IT1:25_74_DF_DCIS_NATI1_8(1.0),A,ITDA,LBIRTHES_FROM2017,FRG,Y23,TOTAL,ALL,99,99,ALL,ALL,WORLD,9,2017,92,,,,TIPO_DATO15__LBIRTHES_FROM2017_N1,,,,,,,,,,,,,
IT1:25_74_DF_DCIS_NATI1_8(1.0),A,ITDA,LBIRTHES_FROM2017,FRG,Y24,TOTAL,ALL,99,99,ALL,ALL,WORLD,9,2017,108,,,,TIPO_DATO15__LBIRTHES_FROM2017_N1,,,,,,,,,,,,,
IT1:25_74_DF_DCIS_NATI1_8(1.0),A,ITDA,LBIRTHES_FROM2017,FRG,Y25,TOTAL,ALL,99,99,ALL,ALL,WORLD,9,2017,109,,,,TIPO_DATO15__LBIRTHES_FROM2017_N1,,,,,,,,,,,,,
IT1:25_74_DF_DCIS_NATI1_8(1.0),A,ITDA,LBIRTHES_FROM2017,ITL,Y_UN17,TOTAL,ALL,99,99,ALL,ALL,WORLD,9,2017,10,,,,TIPO_DATO15__LBIRTHES_FROM2017_N1,,,,,,,,,,,,,
IT1:25_74_DF_DCIS_NATI1_8(1.0),A,ITDA,LBIRTHES_FROM2017,ITL,Y18,TOTAL,ALL,99,99,ALL,ALL,WORLD,9,2017,19,,,,TIPO_DATO15__LBIRTHES_FROM2017_N1,,,,,,,,,,,,,
IT1:25_74_DF_DCIS_NATI1_8(1.0),A,ITDA,LBIRTHES_FROM2017,ITL,Y19,TOTAL,ALL,99,99,ALL,ALL,WORLD,9,2017,39,,,,TIPO_DATO15__LBIRTHES_FROM2017_N1,,,,,,,,,,,,,
IT1:25_74_DF_DCIS_NATI1_8(1.0),A,ITDA,LBIRTHES_FROM2017,ITL,Y20,TOTAL,ALL,99,99,ALL,ALL,WORLD,9,2017,40,,,,TIPO_DATO15__LBIRTHES_FROM2017_N1,,,,,,,,,,,,,
IT1:25_74_DF_DCIS_NATI1_8(1.0),A,ITDA,LBIRTHES_FROM2017,ITL,Y21,TOTAL,ALL,99,99,ALL,ALL,WORLD,9,2017,53,,,,TIPO_DATO15__LBIRTHES_FROM2017_N1,,,,,,,,,,,,,
IT1:25_74_DF_DCIS_NATI1_8(1.0),A,ITDA,LBIRTHES_FROM2017,ITL,Y22,TOTAL,ALL,99,99,ALL,ALL,WORLD,9,2017,81,,,,TIPO_DATO15__LBIRTHES_FROM2017_N1,,,,,,,,,,,,,
IT1:25_74_DF_DCIS_NATI1_8(1.0),A,ITDA,LBIRTHES_FROM2017,ITL,Y23,TOTAL,ALL,99,99,ALL,ALL,WORLD,9,2017,103,,,,TIPO_DATO15__LBIRTHES_FROM2017_N1,,,,,,,,,,,,,
IT1:25_74_DF_DCIS_NATI1_8(1.0),A,ITDA,LBIRTHES_FROM2017,ITL,Y24,TOTAL,ALL,99,99,ALL,ALL,WORLD,9,2017,166,,,,TIPO_DATO15__LBIRTHES_FROM2017_N1,,,,,,,,,,,,,
IT1:25_74_DF_DCIS_NATI1_8(1.0),A,ITDA,LBIRTHES_FROM2017,ITL,Y25,TOTAL,ALL,99,99,ALL,ALL,WORLD,9,2017,193,,,,TIPO_DATO15__LBIRTHES_FROM2017_N1,,,,,,,,,,,,,
IT1:25_74_DF_DCIS_NATI1_8(1.0),A,ITDA,LBIRTHES_FROM2017,TOTAL,Y_UN17,TOTAL,ALL,99,99,ALL,ALL,WORLD,9,2017,15,,,,TIPO_DATO15__LBIRTHES_FROM2017_N1,,,,,,,,,,,,,
IT1:25_74_DF_DCIS_NATI1_8(1.0),A,ITDA,LBIRTHES_FROM2017,TOTAL,Y18,TOTAL,ALL,99,99,ALL,ALL,WORLD,9,2017,22,,,,TIPO_DATO15__LBIRTHES_FROM2017_N1,,,,,,,,,,,,,
IT1:25_74_DF_DCIS_NATI1_8(1.0),A,ITDA,LBIRTHES_FROM2017,TOTAL,Y19,TOTAL,ALL,99,99,ALL,ALL,WORLD,9,2017,52,,,,TIPO_DATO15__LBIRTHES_FROM2017_N1,,,,,,,,,,,,,
IT1:25_74_DF_DCIS_NATI1_8(1.0),A,ITDA,LBIRTHES_FROM2017,TOTAL,Y20,TOTAL,ALL,99,99,ALL,ALL,WORLD,9,2017,71,,,,TIPO_DATO15__LBIRTHES_FROM2017_N1,,,,,,,,,,,,,
IT1:25_74_DF_DCIS_NATI1_8(1.0),A,ITDA,LBIRTHES_FROM2017,TOTAL,Y21,TOTAL,ALL,99,99,ALL,ALL,WORLD,9,2017,116,,,,TIPO_DATO15__LBIRTHES_FROM2017_N1,,,,,,,,,,,,,
IT1:25_74_DF_DCIS_NATI1_8(1.0),A,ITDA,LBIRTHES_FROM2017,TOTAL,Y22,TOTAL,ALL,99,99,ALL,ALL,WORLD,9,2017,143,,,,TIPO_DATO15__LBIRTHES_FROM2017_N1,,,,,,,,,,,,,
IT1:25_74_DF_DCIS_NATI1_8(1.0),A,ITDA,LBIRTHES_FROM2017,TOTAL,Y23,TOTAL,ALL,99,99,ALL,ALL,WORLD,9,2017,195,,,,TIPO_DATO15__LBIRTHES_FROM2017_N1,,,,,,,,,,,,,
IT1:25_74_DF_DCIS_NATI1_8(1.0),A,ITDA,LBIRTHES_FROM2017,TOTAL,Y24,TOTAL,ALL,99,99,ALL,ALL,WORLD,9,2017,274,,,,TIPO_DATO15__LBIRTHES_FROM2017_N1,,,,,,,,,,,,,
IT1:25_74_DF_DCIS_NATI1_8(1.0),A,ITDA,LBIRTHES_FROM2017,TOTAL,Y25,TOTAL,ALL,99,99,ALL,ALL,WORLD,9,2017,302,,,,TIPO_DATO15__LBIRTHES_FROM2017_N1,,,,,,,,,,,,,
IT1:25_74_DF_DCIS_NATI1_8(1.0),A,ITE1,LBIRTHES_FROM2017,FRG,Y_UN17,TOTAL,ALL,99,99,ALL,ALL,WORLD,9,2017,20,,,,TIPO_DATO15__LBIRTHES_FROM2017_N1,,,,,,,,,,,,,
IT1:25_74_DF_DCIS_NATI1_8(1.0),A,ITE1,LBIRTHES_FROM2017,FRG,Y18,TOTAL,ALL,99,99,ALL,ALL,WORLD,9,2017,20,,,,TIPO_DATO15__LBIRTHES_FROM2017_N1,,,,,,,,,,,,,
IT1:25_74_DF_DCIS_NATI1_8(1.0),A,ITE1,LBIRTHES_FROM2017,FRG,Y19,TOTAL,ALL,99,99,ALL,ALL,WORLD,9,2017,85,,,,TIPO_DATO15__LBIRTHES_FROM2017_N1,,,,,,,,,,,,,
IT1:25_74_DF_DCIS_NATI1_8(1.0),A,ITE1,LBIRTHES_FROM2017,FRG,Y20,TOTAL,ALL,99,99,ALL,ALL,WORLD,9,2017,124,,,,TIPO_DATO15__LBIRTHES_FROM2017_N1,,,,,,,,,,,,,
IT1:25_74_DF_DCIS_NATI1_8(1.0),A,ITE1,LBIRTHES_FROM2017,FRG,Y21,TOTAL,ALL,99,99,ALL,ALL,WORLD,9,2017,171,,,,TIPO_DATO15__LBIRTHES_FROM2017_N1,,,,,,,,,,,,,
IT1:25_74_DF_DCIS_NATI1_8(1.0),A,ITE1,LBIRTHES_FROM2017,FRG,Y22,TOTAL,ALL,99,99,ALL,ALL,WORLD,9,2017,235,,,,TIPO_DATO15__LBIRTHES_FROM2017_N1,,,,,,,,,,,,,
IT1:25_74_DF_DCIS_NATI1_8(1.0),A,ITE1,LBIRTHES_FROM2017,FRG,Y23,TOTAL,ALL,99,99,ALL,ALL,WORLD,9,2017,239,,,,TIPO_DATO15__LBIRTHES_FROM2017_N1,,,,,,,,,,,,,
IT1:25_74_DF_DCIS_NATI1_8(1.0),A,ITE1,LBIRTHES_FROM2017,FRG,Y24,TOTAL,ALL,99,99,ALL,ALL,WORLD,9,2017,346,,,,TIPO_DATO15__LBIRTHES_FROM2017_N1,,,,,,,,,,,,,
IT1:25_74_DF_DCIS_NATI1_8(1.0),A,ITE1,LBIRTHES_FROM2017,FRG,Y25,TOTAL,ALL,99,99,ALL,ALL,WORLD,9,2017,348,,,,TIPO_DATO15__LBIRTHES_FROM2017_N1,,,,,,,,,,,,,
IT1:25_74_DF_DCIS_NATI1_8(1.0),A,ITE1,LBIRTHES_FROM2017,ITL,Y_UN17,TOTAL,ALL,99,99,ALL,ALL,WORLD,9,2017,33,,,,TIPO_DATO15__LBIRTHES_FROM2017_N1,,,,,,,,,,,,,
IT1:25_74_DF_DCIS_NATI1_8(1.0),A,ITE1,LBIRTHES_FROM2017,ITL,Y18,TOTAL,ALL,99,99,ALL,ALL,WORLD,9,2017,22,,,,TIPO_DATO15__LBIRTHES_FROM2017_N1,,,,,,,,,,,,,
IT1:25_74_DF_DCIS_NATI1_8(1.0),A,ITE1,LBIRTHES_FROM2017,ITL,Y19,TOTAL,ALL,99,99,ALL,ALL,WORLD,9,2017,57,,,,TIPO_DATO15__LBIRTHES_FROM2017_N1,,,,,,,,,,,,,
IT1:25_74_DF_DCIS_NATI1_8(1.0),A,ITE1,LBIRTHES_FROM2017,ITL,Y20,TOTAL,ALL,99,99,ALL,ALL,WORLD,9,2017,86,,,,TIPO_DATO15__LBIRTHES_FROM2017_N1,,,,,,,,,,,,,
IT1:25_74_DF_DCIS_NATI1_8(1.0),A,ITE1,LBIRTHES_FROM2017,ITL,Y21,TOTAL,ALL,99,99,ALL,ALL,WORLD,9,2017,121,,,,TIPO_DATO15__LBIRTHES_FROM2017_N1,,,,,,,,,,,,,
IT1:25_74_DF_DCIS_NATI1_8(1.0),A,ITE1,LBIRTHES_FROM2017,ITL,Y22,TOTAL,ALL,99,99,ALL,ALL,WORLD,9,2017,166,,,,TIPO_DATO15__LBIRTHES_FROM2017_N1,,,,,,,,,,,,,
IT1:25_74_DF_DCIS_NATI1_8(1.0),A,ITE1,LBIRTHES_FROM2017,ITL,Y23,TOTAL,ALL,99,99,ALL,ALL,WORLD,9,2017,227,,,,TIPO_DATO15__LBIRTHES_FROM2017_N1,,,,,,,,,,,,,
IT1:25_74_DF_DCIS_NATI1_8(1.0),A,ITE1,LBIRTHES_FROM2017,ITL,Y24,TOTAL,ALL,99,99,ALL,ALL,WORLD,9,2017,244,,,,TIPO_DATO15__LBIRTHES_FROM2017_N1,,,,,,,,,,,,,
IT1:25_74_DF_DCIS_NATI1_8(1.0),A,ITE1,LBIRTHES_FROM2017,ITL,Y25,TOTAL,ALL,99,99,ALL,ALL,WORLD,9,2017,399,,,,TIPO_DATO15__LBIRTHES_FROM2017_N1,,,,,,,,,,,,,
IT1:25_74_DF_DCIS_NATI1_8(1.0),A,ITE1,LBIRTHES_FROM2017,TOTAL,Y_UN17,TOTAL,ALL,99,99,ALL,ALL,WORLD,9,2017,53,,,,TIPO_DATO15__LBIRTHES_FROM2017_N1,,,,,,,,,,,,,
IT1:25_74_DF_DCIS_NATI1_8(1.0),A,ITE1,LBIRTHES_FROM2017,TOTAL,Y18,TOTAL,ALL,99,99,ALL,ALL,WORLD,9,2017,42,,,,TIPO_DATO15__LBIRTHES_FROM2017_N1,,,,,,,,,,,,,
IT1:25_74_DF_DCIS_NATI1_8(1.0),A,ITE1,LBIRTHES_FROM2017,TOTAL,Y19,TOTAL,ALL,99,99,ALL,ALL,WORLD,9,2017,142,,,,TIPO_DATO15__LBIRTHES_FROM2017_N1,,,,,,,,,,,,,
IT1:25_74_DF_DCIS_NATI1_8(1.0),A,ITE1,LBIRTHES_FROM2017,TOTAL,Y20,TOTAL,ALL,99,99,ALL,ALL,WORLD,9,2017,210,,,,TIPO_DATO15__LBIRTHES_FROM2017_N1,,,,,,,,,,,,,
IT1:25_74_DF_DCIS_NATI1_8(1.0),A,ITE1,LBIRTHES_FROM2017,TOTAL,Y21,TOTAL,ALL,99,99,ALL,ALL,WORLD,9,2017,292,,,,TIPO_DATO15__LBIRTHES_FROM2017_N1,,,,,,,,,,,,,
IT1:25_74_DF_DCIS_NATI1_8(1.0),A,ITE1,LBIRTHES_FROM2017,TOTAL,Y22,TOTAL,ALL,99,99,ALL,ALL,WORLD,9,2017,401,,,,TIPO_DATO15__LBIRTHES_FROM2017_N1,,,,,,,,,,,,,
IT1:25_74_DF_DCIS_NATI1_8(1.0),A,ITE1,LBIRTHES_FROM2017,TOTAL,Y23,TOTAL,ALL,99,99,ALL,ALL,WORLD,9,2017,466,,,,TIPO_DATO15__LBIRTHES_FROM2017_N1,,,,,,,,,,,,,
IT1:25_74_DF_DCIS_NATI1_8(1.0),A,ITE1,LBIRTHES_FROM2017,TOTAL,Y24,TOTAL,ALL,99,99,ALL,ALL,WORLD,9,2017,590,,,,TIPO_DATO15__LBIRTHES_FROM2017_N1,,,,,,,,,,,,,
IT1:25_74_DF_DCIS_NATI1_8(1.0),A,ITE1,LBIRTHES_FROM2017,TOTAL,Y25,TOTAL,ALL,99,99,ALL,ALL,WORLD,9,2017,747,,,,TIPO_DATO15__LBIRTHES_FROM2017_N1,,,,,,,,,,,,,
IT1:25_74_DF_DCIS_NATI1_8(1.0),A,ITE2,LBIRTHES_FROM2017,FRG,Y_UN17,TOTAL,ALL,99,99,ALL,ALL,WORLD,9,2017,3,,,,TIPO_DATO15__LBIRTHES_FROM2017_N1,,,,,,,,,,,,,
IT1:25_74_DF_DCIS_NATI1_8(1.0),A,ITE2,LBIRTHES_FROM2017,FRG,Y18,TOTAL,ALL,99,99,ALL,ALL,WORLD,9,2017,4,,,,TIPO_DATO15__LBIRTHES_FROM2017_N1,,,,,,,,,,,,,
IT1:25_74_DF_DCIS_NATI1_8(1.0),A,ITE2,LBIRTHES_FROM2017,FRG,Y19,TOTAL,ALL,99,99,ALL,ALL,WORLD,9,2017,21,,,,TIPO_DATO15__LBIRTHES_FROM2017_N1,,,,,,,,,,,,,
IT1:25_74_DF_DCIS_NATI1_8(1.0),A,ITE2,LBIRTHES_FROM2017,FRG,Y20,TOTAL,ALL,99,99,ALL,ALL,WORLD,9,2017,23,,,,TIPO_DATO15__LBIRTHES_FROM2017_N1,,,,,,,,,,,,,
IT1:25_74_DF_DCIS_NATI1_8(1.0),A,ITE2,LBIRTHES_FROM2017,FRG,Y21,TOTAL,ALL,99,99,ALL,ALL,WORLD,9,2017,38,,,,TIPO_DATO15__LBIRTHES_FROM2017_N1,,,,,,,,,,,,,
IT1:25_74_DF_DCIS_NATI1_8(1.0),A,ITE2,LBIRTHES_FROM2017,FRG,Y22,TOTAL,ALL,99,99,ALL,ALL,WORLD,9,2017,49,,,,TIPO_DATO15__LBIRTHES_FROM2017_N1,,,,,,,,,,,,,
IT1:25_74_DF_DCIS_NATI1_8(1.0),A,ITE2,LBIRTHES_FROM2017,FRG,Y23,TOTAL,ALL,99,99,ALL,ALL,WORLD,9,2017,52,,,,TIPO_DATO15__LBIRTHES_FROM2017_N1,,,,,,,,,,,,,
IT1:25_74_DF_DCIS_NATI1_8(1.0),A,ITE2,LBIRTHES_FROM2017,FRG,Y24,TOTAL,ALL,99,99,ALL,ALL,WORLD,9,2017,73,,,,TIPO_DATO15__LBIRTHES_FROM2017_N1,,,,,,,,,,,,,
IT1:25_74_DF_DCIS_NATI1_8(1.0),A,ITE2,LBIRTHES_FROM2017,FRG,Y25,TOTAL,ALL,99,99,ALL,ALL,WORLD,9,2017,65,,,,TIPO_DATO15__LBIRTHES_FROM2017_N1,,,,,,,,,,,,,
IT1:25_74_DF_DCIS_NATI1_8(1.0),A,ITE2,LBIRTHES_FROM2017,ITL,Y_UN17,TOTAL,ALL,99,99,ALL,ALL,WORLD,9,2017,9,,,,TIPO_DATO15__LBIRTHES_FROM2017_N1,,,,,,,,,,,,,
IT1:25_74_DF_DCIS_NATI1_8(1.0),A,ITE2,LBIRTHES_FROM2017,ITL,Y18,TOTAL,ALL,99,99,ALL,ALL,WORLD,9,2017,10,,,,TIPO_DATO15__LBIRTHES_FROM2017_N1,,,,,,,,,,,,,
IT1:25_74_DF_DCIS_NATI1_8(1.0),A,ITE2,LBIRTHES_FROM2017,ITL,Y19,TOTAL,ALL,99,99,ALL,ALL,WORLD,9,2017,13,,,,TIPO_DATO15__LBIRTHES_FROM2017_N1,,,,,,,,,,,,,
IT1:25_74_DF_DCIS_NATI1_8(1.0),A,ITE2,LBIRTHES_FROM2017,ITL,Y20,TOTAL,ALL,99,99,ALL,ALL,WORLD,9,2017,23,,,,TIPO_DATO15__LBIRTHES_FROM2017_N1,,,,,,,,,,,,,
IT1:25_74_DF_DCIS_NATI1_8(1.0),A,ITE2,LBIRTHES_FROM2017,ITL,Y21,TOTAL,ALL,99,99,ALL,ALL,WORLD,9,2017,39,,,,TIPO_DATO15__LBIRTHES_FROM2017_N1,,,,,,,,,,,,,
IT1:25_74_DF_DCIS_NATI1_8(1.0),A,ITE2,LBIRTHES_FROM2017,ITL,Y22,TOTAL,ALL,99,99,ALL,ALL,WORLD,9,2017,38,,,,TIPO_DATO15__LBIRTHES_FROM2017_N1,,,,,,,,,,,,,
IT1:25_74_DF_DCIS_NATI1_8(1.0),A,ITE2,LBIRTHES_FROM2017,ITL,Y23,TOTAL,ALL,99,99,ALL,ALL,WORLD,9,2017,46,,,,TIPO_DATO15__LBIRTHES_FROM2017_N1,,,,,,,,,,,,,
IT1:25_74_DF_DCIS_NATI1_8(1.0),A,ITE2,LBIRTHES_FROM2017,ITL,Y24,TOTAL,ALL,99,99,ALL,ALL,WORLD,9,2017,87,,,,TIPO_DATO15__LBIRTHES_FROM2017_N1,,,,,,,,,,,,,
IT1:25_74_DF_DCIS_NATI1_8(1.0),A,ITE2,LBIRTHES_FROM2017,ITL,Y25,TOTAL,ALL,99,99,ALL,ALL,WORLD,9,2017,102,,,,TIPO_DATO15__LBIRTHES_FROM2017_N1,,,,,,,,,,,,,
IT1:25_74_DF_DCIS_NATI1_8(1.0),A,ITE2,LBIRTHES_FROM2017,TOTAL,Y_UN17,TOTAL,ALL,99,99,ALL,ALL,WORLD,9,2017,12,,,,TIPO_DATO15__LBIRTHES_FROM2017_N1,,,,,,,,,,,,,
IT1:25_74_DF_DCIS_NATI1_8(1.0),A,ITE2,LBIRTHES_FROM2017,TOTAL,Y18,TOTAL,ALL,99,99,ALL,ALL,WORLD,9,2017,14,,,,TIPO_DATO15__LBIRTHES_FROM2017_N1,,,,,,,,,,,,,
IT1:25_74_DF_DCIS_NATI1_8(1.0),A,ITE2,LBIRTHES_FROM2017,TOTAL,Y19,TOTAL,ALL,99,99,ALL,ALL,WORLD,9,2017,34,,,,TIPO_DATO15__LBIRTHES_FROM2017_N1,,,,,,,,,,,,,
IT1:25_74_DF_DCIS_NATI1_8(1.0),A,ITE2,LBIRTHES_FROM2017,TOTAL,Y20,TOTAL,ALL,99,99,ALL,ALL,WORLD,9,2017,46,,,,TIPO_DATO15__LBIRTHES_FROM2017_N1,,,,,,,,,,,,,
IT1:25_74_DF_DCIS_NATI1_8(1.0),A,ITE2,LBIRTHES_FROM2017,TOTAL,Y21,TOTAL,ALL,99,99,ALL,ALL,WORLD,9,2017,77,,,,TIPO_DATO15__LBIRTHES_FROM2017_N1,,,,,,,,,,,,,
IT1:25_74_DF_DCIS_NATI1_8(1.0),A,ITE2,LBIRTHES_FROM2017,TOTAL,Y22,TOTAL,ALL,99,99,ALL,ALL,WORLD,9,2017,87,,,,TIPO_DATO15__LBIRTHES_FROM2017_N1,,,,,,,,,,,,,
IT1:25_74_DF_DCIS_NATI1_8(1.0),A,ITE2,LBIRTHES_FROM2017,TOTAL,Y23,TOTAL,ALL,99,99,ALL,ALL,WORLD,9,2017,98,,,,TIPO_DATO15__LBIRTHES_FROM2017_N1,,,,,,,,,,,,,
IT1:25_74_DF_DCIS_NATI1_8(1.0),A,ITE2,LBIRTHES_FROM2017,TOTAL,Y24,TOTAL,ALL,99,99,ALL,ALL,WORLD,9,2017,160,,,,TIPO_DATO15__LBIRTHES_FROM2017_N1,,,,,,,,,,,,,
IT1:25_74_DF_DCIS_NATI1_8(1.0),A,ITE2,LBIRTHES_FROM2017,TOTAL,Y25,TOTAL,ALL,99,99,ALL,ALL,WORLD,9,2017,167,,,,TIPO_DATO15__LBIRTHES_FROM2017_N1,,,,,,,,,,,,,
IT1:25_74_DF_DCIS_NATI1_8(1.0),A,ITE3,LBIRTHES_FROM2017,FRG,Y_UN17,TOTAL,ALL,99,99,ALL,ALL,WORLD,9,2017,6,,,,TIPO_DATO15__LBIRTHES_FROM2017_N1,,,,,,,,,,,,,
IT1:25_74_DF_DCIS_NATI1_8(1.0),A,ITE3,LBIRTHES_FROM2017,FRG,Y18,TOTAL,ALL,99,99,ALL,ALL,WORLD,9,2017,10,,,,TIPO_DATO15__LBIRTHES_FROM2017_N1,,,,,,,,,,,,,
IT1:25_74_DF_DCIS_NATI1_8(1.0),A,ITE3,LBIRTHES_FROM2017,FRG,Y19,TOTAL,ALL,99,99,ALL,ALL,WORLD,9,2017,32,,,,TIPO_DATO15__LBIRTHES_FROM2017_N1,,,,,,,,,,,,,
IT1:25_74_DF_DCIS_NATI1_8(1.0),A,ITE3,LBIRTHES_FROM2017,FRG,Y20,TOTAL,ALL,99,99,ALL,ALL,WORLD,9,2017,52,,,,TIPO_DATO15__LBIRTHES_FROM2017_N1,,,,,,,,,,,,,
IT1:25_74_DF_DCIS_NATI1_8(1.0),A,ITE3,LBIRTHES_FROM2017,FRG,Y21,TOTAL,ALL,99,99,ALL,ALL,WORLD,9,2017,57,,,,TIPO_DATO15__LBIRTHES_FROM2017_N1,,,,,,,,,,,,,
IT1:25_74_DF_DCIS_NATI1_8(1.0),A,ITE3,LBIRTHES_FROM2017,FRG,Y22,TOTAL,ALL,99,99,ALL,ALL,WORLD,9,2017,62,,,,TIPO_DATO15__LBIRTHES_FROM2017_N1,,,,,,,,,,,,,
IT1:25_74_DF_DCIS_NATI1_8(1.0),A,ITE3,LBIRTHES_FROM2017,FRG,Y23,TOTAL,ALL,99,99,ALL,ALL,WORLD,9,2017,100,,,,TIPO_DATO15__LBIRTHES_FROM2017_N1,,,,,,,,,,,,,
IT1:25_74_DF_DCIS_NATI1_8(1.0),A,ITE3,LBIRTHES_FROM2017,FRG,Y24,TOTAL,ALL,99,99,ALL,ALL,WORLD,9,2017,136,,,,TIPO_DATO15__LBIRTHES_FROM2017_N1,,,,,,,,,,,,,
IT1:25_74_DF_DCIS_NATI1_8(1.0),A,ITE3,LBIRTHES_FROM2017,FRG,Y25,TOTAL,ALL,99,99,ALL,ALL,WORLD,9,2017,124,,,,TIPO_DATO15__LBIRTHES_FROM2017_N1,,,,,,,,,,,,,
IT1:25_74_DF_DCIS_NATI1_8(1.0),A,ITE3,LBIRTHES_FROM2017,ITL,Y_UN17,TOTAL,ALL,99,99,ALL,ALL,WORLD,9,2017,11,,,,TIPO_DATO15__LBIRTHES_FROM2017_N1,,,,,,,,,,,,,
IT1:25_74_DF_DCIS_NATI1_8(1.0),A,ITE3,LBIRTHES_FROM2017,ITL,Y18,TOTAL,ALL,99,99,ALL,ALL,WORLD,9,2017,17,,,,TIPO_DATO15__LBIRTHES_FROM2017_N1,,,,,,,,,,,,,
IT1:25_74_DF_DCIS_NATI1_8(1.0),A,ITE3,LBIRTHES_FROM2017,ITL,Y19,TOTAL,ALL,99,99,ALL,ALL,WORLD,9,2017,32,,,,TIPO_DATO15__LBIRTHES_FROM2017_N1,,,,,,,,,,,,,
IT1:25_74_DF_DCIS_NATI1_8(1.0),A,ITE3,LBIRTHES_FROM2017,ITL,Y20,TOTAL,ALL,99,99,ALL,ALL,WORLD,9,2017,42,,,,TIPO_DATO15__LBIRTHES_FROM2017_N1,,,,,,,,,,,,,
IT1:25_74_DF_DCIS_NATI1_8(1.0),A,ITE3,LBIRTHES_FROM2017,ITL,Y21,TOTAL,ALL,99,99,ALL,ALL,WORLD,9,2017,52,,,,TIPO_DATO15__LBIRTHES_FROM2017_N1,,,,,,,,,,,,,
IT1:25_74_DF_DCIS_NATI1_8(1.0),A,ITE3,LBIRTHES_FROM2017,ITL,Y22,TOTAL,ALL,99,99,ALL,ALL,WORLD,9,2017,85,,,,TIPO_DATO15__LBIRTHES_FROM2017_N1,,,,,,,,,,,,,
IT1:25_74_DF_DCIS_NATI1_8(1.0),A,ITE3,LBIRTHES_FROM2017,ITL,Y23,TOTAL,ALL,99,99,ALL,ALL,WORLD,9,2017,87,,,,TIPO_DATO15__LBIRTHES_FROM2017_N1,,,,,,,,,,,,,
IT1:25_74_DF_DCIS_NATI1_8(1.0),A,ITE3,LBIRTHES_FROM2017,ITL,Y24,TOTAL,ALL,99,99,ALL,ALL,WORLD,9,2017,142,,,,TIPO_DATO15__LBIRTHES_FROM2017_N1,,,,,,,,,,,,,
IT1:25_74_DF_DCIS_NATI1_8(1.0),A,ITE3,LBIRTHES_FROM2017,ITL,Y25,TOTAL,ALL,99,99,ALL,ALL,WORLD,9,2017,160,,,,TIPO_DATO15__LBIRTHES_FROM2017_N1,,,,,,,,,,,,,
IT1:25_74_DF_DCIS_NATI1_8(1.0),A,ITE3,LBIRTHES_FROM2017,TOTAL,Y_UN17,TOTAL,ALL,99,99,ALL,ALL,WORLD,9,2017,17,,,,TIPO_DATO15__LBIRTHES_FROM2017_N1,,,,,,,,,,,,,
IT1:25_74_DF_DCIS_NATI1_8(1.0),A,ITE3,LBIRTHES_FROM2017,TOTAL,Y18,TOTAL,ALL,99,99,ALL,ALL,WORLD,9,2017,27,,,,TIPO_DATO15__LBIRTHES_FROM2017_N1,,,,,,,,,,,,,
IT1:25_74_DF_DCIS_NATI1_8(1.0),A,ITE3,LBIRTHES_FROM2017,TOTAL,Y19,TOTAL,ALL,99,99,ALL,ALL,WORLD,9,2017,64,,,,TIPO_DATO15__LBIRTHES_FROM2017_N1,,,,,,,,,,,,,
IT1:25_74_DF_DCIS_NATI1_8(1.0),A,ITE3,LBIRTHES_FROM2017,TOTAL,Y20,TOTAL,ALL,99,99,ALL,ALL,WORLD,9,2017,94,,,,TIPO_DATO15__LBIRTHES_FROM2017_N1,,,,,,,,,,,,,
IT1:25_74_DF_DCIS_NATI1_8(1.0),A,ITE3,LBIRTHES_FROM2017,TOTAL,Y21,TOTAL,ALL,99,99,ALL,ALL,WORLD,9,2017,109,,,,TIPO_DATO15__LBIRTHES_FROM2017_N1,,,,,,,,,,,,,
IT1:25_74_DF_DCIS_NATI1_8(1.0),A,ITE3,LBIRTHES_FROM2017,TOTAL,Y22,TOTAL,ALL,99,99,ALL,ALL,WORLD,9,2017,147,,,,TIPO_DATO15__LBIRTHES_FROM2017_N1,,,,,,,,,,,,,
IT1:25_74_DF_DCIS_NATI1_8(1.0),A,ITE3,LBIRTHES_FROM2017,TOTAL,Y23,TOTAL,ALL,99,99,ALL,ALL,WORLD,9,2017,187,,,,TIPO_DATO15__LBIRTHES_FROM2017_N1,,,,,,,,,,,,,
IT1:25_74_DF_DCIS_NATI1_8(1.0),A,ITE3,LBIRTHES_FROM2017,TOTAL,Y24,TOTAL,ALL,99,99,ALL,ALL,WORLD,9,2017,278,,,,TIPO_DATO15__LBIRTHES_FROM2017_N1,,,,,,,,,,,,,
IT1:25_74_DF_DCIS_NATI1_8(1.0),A,ITE3,LBIRTHES_FROM2017,TOTAL,Y25,TOTAL,ALL,99,99,ALL,ALL,WORLD,9,2017,284,,,,TIPO_DATO15__LBIRTHES_FROM2017_N1,,,,,,,,,,,,,
IT1:25_74_DF_DCIS_NATI1_8(1.0),A,ITE4,LBIRTHES_FROM2017,FRG,Y_UN17,TOTAL,ALL,99,99,ALL,ALL,WORLD,9,2017,33,,,,TIPO_DATO15__LBIRTHES_FROM2017_N1,,,,,,,,,,,,,
IT1:25_74_DF_DCIS_NATI1_8(1.0),A,ITE4,LBIRTHES_FROM2017,FRG,Y18,TOTAL,ALL,99,99,ALL,ALL,WORLD,9,2017,33,,,,TIPO_DATO15__LBIRTHES_FROM2017_N1,,,,,,,,,,,,,
IT1:25_74_DF_DCIS_NATI1_8(1.0),A,ITE4,LBIRTHES_FROM2017,FRG,Y19,TOTAL,ALL,99,99,ALL,ALL,WORLD,9,2017,85,,,,TIPO_DATO15__LBIRTHES_FROM2017_N1,,,,,,,,,,,,,
IT1:25_74_DF_DCIS_NATI1_8(1.0),A,ITE4,LBIRTHES_FROM2017,FRG,Y20,TOTAL,ALL,99,99,ALL,ALL,WORLD,9,2017,119,,,,TIPO_DATO15__LBIRTHES_FROM2017_N1,,,,,,,,,,,,,
IT1:25_74_DF_DCIS_NATI1_8(1.0),A,ITE4,LBIRTHES_FROM2017,FRG,Y21,TOTAL,ALL,99,99,ALL,ALL,WORLD,9,2017,179,,,,TIPO_DATO15__LBIRTHES_FROM2017_N1,,,,,,,,,,,,,
IT1:25_74_DF_DCIS_NATI1_8(1.0),A,ITE4,LBIRTHES_FROM2017,FRG,Y22,TOTAL,ALL,99,99,ALL,ALL,WORLD,9,2017,239,,,,TIPO_DATO15__LBIRTHES_FROM2017_N1,,,,,,,,,,,,,
IT1:25_74_DF_DCIS_NATI1_8(1.0),A,ITE4,LBIRTHES_FROM2017,FRG,Y23,TOTAL,ALL,99,99,ALL,ALL,WORLD,9,2017,307,,,,TIPO_DATO15__LBIRTHES_FROM2017_N1,,,,,,,,,,,,,
IT1:25_74_DF_DCIS_NATI1_8(1.0),A,ITE4,LBIRTHES_FROM2017,FRG,Y24,TOTAL,ALL,99,99,ALL,ALL,WORLD,9,2017,396,,,,TIPO_DATO15__LBIRTHES_FROM2017_N1,,,,,,,,,,,,,
IT1:25_74_DF_DCIS_NATI1_8(1.0),A,ITE4,LBIRTHES_FROM2017,FRG,Y25,TOTAL,ALL,99,99,ALL,ALL,WORLD,9,2017,446,,,,TIPO_DATO15__LBIRTHES_FROM2017_N1,,,,,,,,,,,,,
IT1:25_74_DF_DCIS_NATI1_8(1.0),A,ITE4,LBIRTHES_FROM2017,ITL,Y_UN17,TOTAL,ALL,99,99,ALL,ALL,WORLD,9,2017,52,,,,TIPO_DATO15__LBIRTHES_FROM2017_N1,,,,,,,,,,,,,
IT1:25_74_DF_DCIS_NATI1_8(1.0),A,ITE4,LBIRTHES_FROM2017,ITL,Y18,TOTAL,ALL,99,99,ALL,ALL,WORLD,9,2017,80,,,,TIPO_DATO15__LBIRTHES_FROM2017_N1,,,,,,,,,,,,,
IT1:25_74_DF_DCIS_NATI1_8(1.0),A,ITE4,LBIRTHES_FROM2017,ITL,Y19,TOTAL,ALL,99,99,ALL,ALL,WORLD,9,2017,131,,,,TIPO_DATO15__LBIRTHES_FROM2017_N1,,,,,,,,,,,,,
IT1:25_74_DF_DCIS_NATI1_8(1.0),A,ITE4,LBIRTHES_FROM2017,ITL,Y20,TOTAL,ALL,99,99,ALL,ALL,WORLD,9,2017,192,,,,TIPO_DATO15__LBIRTHES_FROM2017_N1,,,,,,,,,,,,,
IT1:25_74_DF_DCIS_NATI1_8(1.0),A,ITE4,LBIRTHES_FROM2017,ITL,Y21,TOTAL,ALL,99,99,ALL,ALL,WORLD,9,2017,260,,,,TIPO_DATO15__LBIRTHES_FROM2017_N1,,,,,,,,,,,,,
IT1:25_74_DF_DCIS_NATI1_8(1.0),A,ITE4,LBIRTHES_FROM2017,ITL,Y22,TOTAL,ALL,99,99,ALL,ALL,WORLD,9,2017,320,,,,TIPO_DATO15__LBIRTHES_FROM2017_N1,,,,,,,,,,,,,
IT1:25_74_DF_DCIS_NATI1_8(1.0),A,ITE4,LBIRTHES_FROM2017,ITL,Y23,TOTAL,ALL,99,99,ALL,ALL,WORLD,9,2017,412,,,,TIPO_DATO15__LBIRTHES_FROM2017_N1,,,,,,,,,,,,,
IT1:25_74_DF_DCIS_NATI1_8(1.0),A,ITE4,LBIRTHES_FROM2017,ITL,Y24,TOTAL,ALL,99,99,ALL,ALL,WORLD,9,2017,547,,,,TIPO_DATO15__LBIRTHES_FROM2017_N1,,,,,,,,,,,,,
IT1:25_74_DF_DCIS_NATI1_8(1.0),A,ITE4,LBIRTHES_FROM2017,ITL,Y25,TOTAL,ALL,99,99,ALL,ALL,WORLD,9,2017,824,,,,TIPO_DATO15__LBIRTHES_FROM2017_N1,,,,,,,,,,,,,
IT1:25_74_DF_DCIS_NATI1_8(1.0),A,ITE4,LBIRTHES_FROM2017,TOTAL,Y_UN17,TOTAL,ALL,99,99,ALL,ALL,WORLD,9,2017,85,,,,TIPO_DATO15__LBIRTHES_FROM2017_N1,,,,,,,,,,,,,
IT1:25_74_DF_DCIS_NATI1_8(1.0),A,ITE4,LBIRTHES_FROM2017,TOTAL,Y18,TOTAL,ALL,99,99,ALL,ALL,WORLD,9,2017,113,,,,TIPO_DATO15__LBIRTHES_FROM2017_N1,,,,,,,,,,,,,
IT1:25_74_DF_DCIS_NATI1_8(1.0),A,ITE4,LBIRTHES_FROM2017,TOTAL,Y19,TOTAL,ALL,99,99,ALL,ALL,WORLD,9,2017,216,,,,TIPO_DATO15__LBIRTHES_FROM2017_N1,,,,,,,,,,,,,
IT1:25_74_DF_DCIS_NATI1_8(1.0),A,ITE4,LBIRTHES_FROM2017,TOTAL,Y20,TOTAL,ALL,99,99,ALL,ALL,WORLD,9,2017,311,,,,TIPO_DATO15__LBIRTHES_FROM2017_N1,,,,,,,,,,,,,
IT1:25_74_DF_DCIS_NATI1_8(1.0),A,ITE4,LBIRTHES_FROM2017,TOTAL,Y21,TOTAL,ALL,99,99,ALL,ALL,WORLD,9,2017,439,,,,TIPO_DATO15__LBIRTHES_FROM2017_N1,,,,,,,,,,,,,
IT1:25_74_DF_DCIS_NATI1_8(1.0),A,ITE4,LBIRTHES_FROM2017,TOTAL,Y22,TOTAL,ALL,99,99,ALL,ALL,WORLD,9,2017,559,,,,TIPO_DATO15__LBIRTHES_FROM2017_N1,,,,,,,,,,,,,
IT1:25_74_DF_DCIS_NATI1_8(1.0),A,ITE4,LBIRTHES_FROM2017,TOTAL,Y23,TOTAL,ALL,99,99,ALL,ALL,WORLD,9,2017,719,,,,TIPO_DATO15__LBIRTHES_FROM2017_N1,,,,,,,,,,,,,
IT1:25_74_DF_DCIS_NATI1_8(1.0),A,ITE4,LBIRTHES_FROM2017,TOTAL,Y24,TOTAL,ALL,99,99,ALL,ALL,WORLD,9,2017,943,,,,TIPO_DATO15__LBIRTHES_FROM2017_N1,,,,,,,,,,,,,
IT1:25_74_DF_DCIS_NATI1_8(1.0),A,ITE4,LBIRTHES_FROM2017,TOTAL,Y25,TOTAL,ALL,99,99,ALL,ALL,WORLD,9,2017,1270,,,,TIPO_DATO15__LBIRTHES_FROM2017_N1,,,,,,,,,,,,,
IT1:25_74_DF_DCIS_NATI1_8(1.0),A,ITF1,LBIRTHES_FROM2017,FRG,Y_UN17,TOTAL,ALL,99,99,ALL,ALL,WORLD,9,2017,2,,,,TIPO_DATO15__LBIRTHES_FROM2017_N1,,,,,,,,,,,,,
IT1:25_74_DF_DCIS_NATI1_8(1.0),A,ITF1,LBIRTHES_FROM2017,FRG,Y18,TOTAL,ALL,99,99,ALL,ALL,WORLD,9,2017,7,,,,TIPO_DATO15__LBIRTHES_FROM2017_N1,,,,,,,,,,,,,
IT1:25_74_DF_DCIS_NATI1_8(1.0),A,ITF1,LBIRTHES_FROM2017,FRG,Y19,TOTAL,ALL,99,99,ALL,ALL,WORLD,9,2017,23,,,,TIPO_DATO15__LBIRTHES_FROM2017_N1,,,,,,,,,,,,,
IT1:25_74_DF_DCIS_NATI1_8(1.0),A,ITF1,LBIRTHES_FROM2017,FRG,Y20,TOTAL,ALL,99,99,ALL,ALL,WORLD,9,2017,28,,,,TIPO_DATO15__LBIRTHES_FROM2017_N1,,,,,,,,,,,,,
IT1:25_74_DF_DCIS_NATI1_8(1.0),A,ITF1,LBIRTHES_FROM2017,FRG,Y21,TOTAL,ALL,99,99,ALL,ALL,WORLD,9,2017,46,,,,TIPO_DATO15__LBIRTHES_FROM2017_N1,,,,,,,,,,,,,
IT1:25_74_DF_DCIS_NATI1_8(1.0),A,ITF1,LBIRTHES_FROM2017,FRG,Y22,TOTAL,ALL,99,99,ALL,ALL,WORLD,9,2017,47,,,,TIPO_DATO15__LBIRTHES_FROM2017_N1,,,,,,,,,,,,,
IT1:25_74_DF_DCIS_NATI1_8(1.0),A,ITF1,LBIRTHES_FROM2017,FRG,Y23,TOTAL,ALL,99,99,ALL,ALL,WORLD,9,2017,61,,,,TIPO_DATO15__LBIRTHES_FROM2017_N1,,,,,,,,,,,,,
IT1:25_74_DF_DCIS_NATI1_8(1.0),A,ITF1,LBIRTHES_FROM2017,FRG,Y24,TOTAL,ALL,99,99,ALL,ALL,WORLD,9,2017,75,,,,TIPO_DATO15__LBIRTHES_FROM2017_N1,,,,,,,,,,,,,
IT1:25_74_DF_DCIS_NATI1_8(1.0),A,ITF1,LBIRTHES_FROM2017,FRG,Y25,TOTAL,ALL,99,99,ALL,ALL,WORLD,9,2017,97,,,,TIPO_DATO15__LBIRTHES_FROM2017_N1,,,,,,,,,,,,,
IT1:25_74_DF_DCIS_NATI1_8(1.0),A,ITF1,LBIRTHES_FROM2017,ITL,Y_UN17,TOTAL,ALL,99,99,ALL,ALL,WORLD,9,2017,12,,,,TIPO_DATO15__LBIRTHES_FROM2017_N1,,,,,,,,,,,,,
IT1:25_74_DF_DCIS_NATI1_8(1.0),A,ITF1,LBIRTHES_FROM2017,ITL,Y18,TOTAL,ALL,99,99,ALL,ALL,WORLD,9,2017,27,,,,TIPO_DATO15__LBIRTHES_FROM2017_N1,,,,,,,,,,,,,
IT1:25_74_DF_DCIS_NATI1_8(1.0),A,ITF1,LBIRTHES_FROM2017,ITL,Y19,TOTAL,ALL,99,99,ALL,ALL,WORLD,9,2017,31,,,,TIPO_DATO15__LBIRTHES_FROM2017_N1,,,,,,,,,,,,,
IT1:25_74_DF_DCIS_NATI1_8(1.0),A,ITF1,LBIRTHES_FROM2017,ITL,Y20,TOTAL,ALL,99,99,ALL,ALL,WORLD,9,2017,51,,,,TIPO_DATO15__LBIRTHES_FROM2017_N1,,,,,,,,,,,,,
IT1:25_74_DF_DCIS_NATI1_8(1.0),A,ITF1,LBIRTHES_FROM2017,ITL,Y21,TOTAL,ALL,99,99,ALL,ALL,WORLD,9,2017,72,,,,TIPO_DATO15__LBIRTHES_FROM2017_N1,,,,,,,,,,,,,
IT1:25_74_DF_DCIS_NATI1_8(1.0),A,ITF1,LBIRTHES_FROM2017,ITL,Y22,TOTAL,ALL,99,99,ALL,ALL,WORLD,9,2017,93,,,,TIPO_DATO15__LBIRTHES_FROM2017_N1,,,,,,,,,,,,,
IT1:25_74_DF_DCIS_NATI1_8(1.0),A,ITF1,LBIRTHES_FROM2017,ITL,Y23,TOTAL,ALL,99,99,ALL,ALL,WORLD,9,2017,113,,,,TIPO_DATO15__LBIRTHES_FROM2017_N1,,,,,,,,,,,,,
IT1:25_74_DF_DCIS_NATI1_8(1.0),A,ITF1,LBIRTHES_FROM2017,ITL,Y24,TOTAL,ALL,99,99,ALL,ALL,WORLD,9,2017,161,,,,TIPO_DATO15__LBIRTHES_FROM2017_N1,,,,,,,,,,,,,
IT1:25_74_DF_DCIS_NATI1_8(1.0),A,ITF1,LBIRTHES_FROM2017,ITL,Y25,TOTAL,ALL,99,99,ALL,ALL,WORLD,9,2017,177,,,,TIPO_DATO15__LBIRTHES_FROM2017_N1,,,,,,,,,,,,,
IT1:25_74_DF_DCIS_NATI1_8(1.0),A,ITF1,LBIRTHES_FROM2017,TOTAL,Y_UN17,TOTAL,ALL,99,99,ALL,ALL,WORLD,9,2017,14,,,,TIPO_DATO15__LBIRTHES_FROM2017_N1,,,,,,,,,,,,,
IT1:25_74_DF_DCIS_NATI1_8(1.0),A,ITF1,LBIRTHES_FROM2017,TOTAL,Y18,TOTAL,ALL,99,99,ALL,ALL,WORLD,9,2017,34,,,,TIPO_DATO15__LBIRTHES_FROM2017_N1,,,,,,,,,,,,,
IT1:25_74_DF_DCIS_NATI1_8(1.0),A,ITF1,LBIRTHES_FROM2017,TOTAL,Y19,TOTAL,ALL,99,99,ALL,ALL,WORLD,9,2017,54,,,,TIPO_DATO15__LBIRTHES_FROM2017_N1,,,,,,,,,,,,,
IT1:25_74_DF_DCIS_NATI1_8(1.0),A,ITF1,LBIRTHES_FROM2017,TOTAL,Y20,TOTAL,ALL,99,99,ALL,ALL,WORLD,9,2017,79,,,,TIPO_DATO15__LBIRTHES_FROM2017_N1,,,,,,,,,,,,,
IT1:25_74_DF_DCIS_NATI1_8(1.0),A,ITF1,LBIRTHES_FROM2017,TOTAL,Y21,TOTAL,ALL,99,99,ALL,ALL,WORLD,9,2017,118,,,,TIPO_DATO15__LBIRTHES_FROM2017_N1,,,,,,,,,,,,,
IT1:25_74_DF_DCIS_NATI1_8(1.0),A,ITF1,LBIRTHES_FROM2017,TOTAL,Y22,TOTAL,ALL,99,99,ALL,ALL,WORLD,9,2017,140,,,,TIPO_DATO15__LBIRTHES_FROM2017_N1,,,,,,,,,,,,,
IT1:25_74_DF_DCIS_NATI1_8(1.0),A,ITF1,LBIRTHES_FROM2017,TOTAL,Y23,TOTAL,ALL,99,99,ALL,ALL,WORLD,9,2017,174,,,,TIPO_DATO15__LBIRTHES_FROM2017_N1,,,,,,,,,,,,,
IT1:25_74_DF_DCIS_NATI1_8(1.0),A,ITF1,LBIRTHES_FROM2017,TOTAL,Y24,TOTAL,ALL,99,99,ALL,ALL,WORLD,9,2017,236,,,,TIPO_DATO15__LBIRTHES_FROM2017_N1,,,,,,,,,,,,,
IT1:25_74_DF_DCIS_NATI1_8(1.0),A,ITF1,LBIRTHES_FROM2017,TOTAL,Y25,TOTAL,ALL,99,99,ALL,ALL,WORLD,9,2017,274,,,,TIPO_DATO15__LBIRTHES_FROM2017_N1,,,,,,,,,,,,,
IT1:25_74_DF_DCIS_NATI1_8(1.0),A,ITF2,LBIRTHES_FROM2017,FRG,Y_UN17,TOTAL,ALL,99,99,ALL,ALL,WORLD,9,2017,3,,,,TIPO_DATO15__LBIRTHES_FROM2017_N1,,,,,,,,,,,,,
IT1:25_74_DF_DCIS_NATI1_8(1.0),A,ITF2,LBIRTHES_FROM2017,FRG,Y18,TOTAL,ALL,99,99,ALL,ALL,WORLD,9,2017,5,,,,TIPO_DATO15__LBIRTHES_FROM2017_N1,,,,,,,,,,,,,
IT1:25_74_DF_DCIS_NATI1_8(1.0),A,ITF2,LBIRTHES_FROM2017,FRG,Y19,TOTAL,ALL,99,99,ALL,ALL,WORLD,9,2017,4,,,,TIPO_DATO15__LBIRTHES_FROM2017_N1,,,,,,,,,,,,,
IT1:25_74_DF_DCIS_NATI1_8(1.0),A,ITF2,LBIRTHES_FROM2017,FRG,Y20,TOTAL,ALL,99,99,ALL,ALL,WORLD,9,2017,4,,,,TIPO_DATO15__LBIRTHES_FROM2017_N1,,,,,,,,,,,,,
IT1:25_74_DF_DCIS_NATI1_8(1.0),A,ITF2,LBIRTHES_FROM2017,FRG,Y21,TOTAL,ALL,99,99,ALL,ALL,WORLD,9,2017,12,,,,TIPO_DATO15__LBIRTHES_FROM2017_N1,,,,,,,,,,,,,
IT1:25_74_DF_DCIS_NATI1_8(1.0),A,ITF2,LBIRTHES_FROM2017,FRG,Y22,TOTAL,ALL,99,99,ALL,ALL,WORLD,9,2017,9,,,,TIPO_DATO15__LBIRTHES_FROM2017_N1,,,,,,,,,,,,,
IT1:25_74_DF_DCIS_NATI1_8(1.0),A,ITF2,LBIRTHES_FROM2017,FRG,Y23,TOTAL,ALL,99,99,ALL,ALL,WORLD,9,2017,7,,,,TIPO_DATO15__LBIRTHES_FROM2017_N1,,,,,,,,,,,,,
IT1:25_74_DF_DCIS_NATI1_8(1.0),A,ITF2,LBIRTHES_FROM2017,FRG,Y24,TOTAL,ALL,99,99,ALL,ALL,WORLD,9,2017,13,,,,TIPO_DATO15__LBIRTHES_FROM2017_N1,,,,,,,,,,,,,
IT1:25_74_DF_DCIS_NATI1_8(1.0),A,ITF2,LBIRTHES_FROM2017,FRG,Y25,TOTAL,ALL,99,99,ALL,ALL,WORLD,9,2017,7,,,,TIPO_DATO15__LBIRTHES_FROM2017_N1,,,,,,,,,,,,,
IT1:25_74_DF_DCIS_NATI1_8(1.0),A,ITF2,LBIRTHES_FROM2017,ITL,Y_UN17,TOTAL,ALL,99,99,ALL,ALL,WORLD,9,2017,2,,,,TIPO_DATO15__LBIRTHES_FROM2017_N1,,,,,,,,,,,,,
IT1:25_74_DF_DCIS_NATI1_8(1.0),A,ITF2,LBIRTHES_FROM2017,ITL,Y18,TOTAL,ALL,99,99,ALL,ALL,WORLD,9,2017,4,,,,TIPO_DATO15__LBIRTHES_FROM2017_N1,,,,,,,,,,,,,
IT1:25_74_DF_DCIS_NATI1_8(1.0),A,ITF2,LBIRTHES_FROM2017,ITL,Y19,TOTAL,ALL,99,99,ALL,ALL,WORLD,9,2017,8,,,,TIPO_DATO15__LBIRTHES_FROM2017_N1,,,,,,,,,,,,,
IT1:25_74_DF_DCIS_NATI1_8(1.0),A,ITF2,LBIRTHES_FROM2017,ITL,Y20,TOTAL,ALL,99,99,ALL,ALL,WORLD,9,2017,10,,,,TIPO_DATO15__LBIRTHES_FROM2017_N1,,,,,,,,,,,,,
IT1:25_74_DF_DCIS_NATI1_8(1.0),A,ITF2,LBIRTHES_FROM2017,ITL,Y21,TOTAL,ALL,99,99,ALL,ALL,WORLD,9,2017,19,,,,TIPO_DATO15__LBIRTHES_FROM2017_N1,,,,,,,,,,,,,
IT1:25_74_DF_DCIS_NATI1_8(1.0),A,ITF2,LBIRTHES_FROM2017,ITL,Y22,TOTAL,ALL,99,99,ALL,ALL,WORLD,9,2017,18,,,,TIPO_DATO15__LBIRTHES_FROM2017_N1,,,,,,,,,,,,,
IT1:25_74_DF_DCIS_NATI1_8(1.0),A,ITF2,LBIRTHES_FROM2017,ITL,Y23,TOTAL,ALL,99,99,ALL,ALL,WORLD,9,2017,37,,,,TIPO_DATO15__LBIRTHES_FROM2017_N1,,,,,,,,,,,,,
IT1:25_74_DF_DCIS_NATI1_8(1.0),A,ITF2,LBIRTHES_FROM2017,ITL,Y24,TOTAL,ALL,99,99,ALL,ALL,WORLD,9,2017,29,,,,TIPO_DATO15__LBIRTHES_FROM2017_N1,,,,,,,,,,,,,
IT1:25_74_DF_DCIS_NATI1_8(1.0),A,ITF2,LBIRTHES_FROM2017,ITL,Y25,TOTAL,ALL,99,99,ALL,ALL,WORLD,9,2017,47,,,,TIPO_DATO15__LBIRTHES_FROM2017_N1,,,,,,,,,,,,,
IT1:25_74_DF_DCIS_NATI1_8(1.0),A,ITF2,LBIRTHES_FROM2017,TOTAL,Y_UN17,TOTAL,ALL,99,99,ALL,ALL,WORLD,9,2017,5,,,,TIPO_DATO15__LBIRTHES_FROM2017_N1,,,,,,,,,,,,,
IT1:25_74_DF_DCIS_NATI1_8(1.0),A,ITF2,LBIRTHES_FROM2017,TOTAL,Y18,TOTAL,ALL,99,99,ALL,ALL,WORLD,9,2017,9,,,,TIPO_DATO15__LBIRTHES_FROM2017_N1,,,,,,,,,,,,,
IT1:25_74_DF_DCIS_NATI1_8(1.0),A,ITF2,LBIRTHES_FROM2017,TOTAL,Y19,TOTAL,ALL,99,99,ALL,ALL,WORLD,9,2017,12,,,,TIPO_DATO15__LBIRTHES_FROM2017_N1,,,,,,,,,,,,,
IT1:25_74_DF_DCIS_NATI1_8(1.0),A,ITF2,LBIRTHES_FROM2017,TOTAL,Y20,TOTAL,ALL,99,99,ALL,ALL,WORLD,9,2017,14,,,,TIPO_DATO15__LBIRTHES_FROM2017_N1,,,,,,,,,,,,,
IT1:25_74_DF_DCIS_NATI1_8(1.0),A,ITF2,LBIRTHES_FROM2017,TOTAL,Y21,TOTAL,ALL,99,99,ALL,ALL,WORLD,9,2017,31,,,,TIPO_DATO15__LBIRTHES_FROM2017_N1,,,,,,,,,,,,,
IT1:25_74_DF_DCIS_NATI1_8(1.0),A,ITF2,LBIRTHES_FROM2017,TOTAL,Y22,TOTAL,ALL,99,99,ALL,ALL,WORLD,9,2017,27,,,,TIPO_DATO15__LBIRTHES_FROM2017_N1,,,,,,,,,,,,,
IT1:25_74_DF_DCIS_NATI1_8(1.0),A,ITF2,LBIRTHES_FROM2017,TOTAL,Y23,TOTAL,ALL,99,99,ALL,ALL,WORLD,9,2017,44,,,,TIPO_DATO15__LBIRTHES_FROM2017_N1,,,,,,,,,,,,,
IT1:25_74_DF_DCIS_NATI1_8(1.0),A,ITF2,LBIRTHES_FROM2017,TOTAL,Y24,TOTAL,ALL,99,99,ALL,ALL,WORLD,9,2017,42,,,,TIPO_DATO15__LBIRTHES_FROM2017_N1,,,,,,,,,,,,,
IT1:25_74_DF_DCIS_NATI1_8(1.0),A,ITF2,LBIRTHES_FROM2017,TOTAL,Y25,TOTAL,ALL,99,99,ALL,ALL,WORLD,9,2017,54,,,,TIPO_DATO15__LBIRTHES_FROM2017_N1,,,,,,,,,,,,,
IT1:25_74_DF_DCIS_NATI1_8(1.0),A,ITF3,LBIRTHES_FROM2017,FRG,Y_UN17,TOTAL,ALL,99,99,ALL,ALL,WORLD,9,2017,24,,,,TIPO_DATO15__LBIRTHES_FROM2017_N1,,,,,,,,,,,,,
IT1:25_74_DF_DCIS_NATI1_8(1.0),A,ITF3,LBIRTHES_FROM2017,FRG,Y18,TOTAL,ALL,99,99,ALL,ALL,WORLD,9,2017,27,,,,TIPO_DATO15__LBIRTHES_FROM2017_N1,,,,,,,,,,,,,
IT1:25_74_DF_DCIS_NATI1_8(1.0),A,ITF3,LBIRTHES_FROM2017,FRG,Y19,TOTAL,ALL,99,99,ALL,ALL,WORLD,9,2017,53,,,,TIPO_DATO15__LBIRTHES_FROM2017_N1,,,,,,,,,,,,,
IT1:25_74_DF_DCIS_NATI1_8(1.0),A,ITF3,LBIRTHES_FROM2017,FRG,Y20,TOTAL,ALL,99,99,ALL,ALL,WORLD,9,2017,70,,,,TIPO_DATO15__LBIRTHES_FROM2017_N1,,,,,,,,,,,,,
IT1:25_74_DF_DCIS_NATI1_8(1.0),A,ITF3,LBIRTHES_FROM2017,FRG,Y21,TOTAL,ALL,99,99,ALL,ALL,WORLD,9,2017,76,,,,TIPO_DATO15__LBIRTHES_FROM2017_N1,,,,,,,,,,,,,
IT1:25_74_DF_DCIS_NATI1_8(1.0),A,ITF3,LBIRTHES_FROM2017,FRG,Y22,TOTAL,ALL,99,99,ALL,ALL,WORLD,9,2017,117,,,,TIPO_DATO15__LBIRTHES_FROM2017_N1,,,,,,,,,,,,,
IT1:25_74_DF_DCIS_NATI1_8(1.0),A,ITF3,LBIRTHES_FROM2017,FRG,Y23,TOTAL,ALL,99,99,ALL,ALL,WORLD,9,2017,131,,,,TIPO_DATO15__LBIRTHES_FROM2017_N1,,,,,,,,,,,,,
IT1:25_74_DF_DCIS_NATI1_8(1.0),A,ITF3,LBIRTHES_FROM2017,FRG,Y24,TOTAL,ALL,99,99,ALL,ALL,WORLD,9,2017,127,,,,TIPO_DATO15__LBIRTHES_FROM2017_N1,,,,,,,,,,,,,
IT1:25_74_DF_DCIS_NATI1_8(1.0),A,ITF3,LBIRTHES_FROM2017,FRG,Y25,TOTAL,ALL,99,99,ALL,ALL,WORLD,9,2017,185,,,,TIPO_DATO15__LBIRTHES_FROM2017_N1,,,,,,,,,,,,,
IT1:25_74_DF_DCIS_NATI1_8(1.0),A,ITF3,LBIRTHES_FROM2017,ITL,Y_UN17,TOTAL,ALL,99,99,ALL,ALL,WORLD,9,2017,223,,,,TIPO_DATO15__LBIRTHES_FROM2017_N1,,,,,,,,,,,,,
IT1:25_74_DF_DCIS_NATI1_8(1.0),A,ITF3,LBIRTHES_FROM2017,ITL,Y18,TOTAL,ALL,99,99,ALL,ALL,WORLD,9,2017,288,,,,TIPO_DATO15__LBIRTHES_FROM2017_N1,,,,,,,,,,,,,
IT1:25_74_DF_DCIS_NATI1_8(1.0),A,ITF3,LBIRTHES_FROM2017,ITL,Y19,TOTAL,ALL,99,99,ALL,ALL,WORLD,9,2017,412,,,,TIPO_DATO15__LBIRTHES_FROM2017_N1,,,,,,,,,,,,,
IT1:25_74_DF_DCIS_NATI1_8(1.0),A,ITF3,LBIRTHES_FROM2017,ITL,Y20,TOTAL,ALL,99,99,ALL,ALL,WORLD,9,2017,556,,,,TIPO_DATO15__LBIRTHES_FROM2017_N1,,,,,,,,,,,,,
IT1:25_74_DF_DCIS_NATI1_8(1.0),A,ITF3,LBIRTHES_FROM2017,ITL,Y21,TOTAL,ALL,99,99,ALL,ALL,WORLD,9,2017,719,,,,TIPO_DATO15__LBIRTHES_FROM2017_N1,,,,,,,,,,,,,
IT1:25_74_DF_DCIS_NATI1_8(1.0),A,ITF3,LBIRTHES_FROM2017,ITL,Y22,TOTAL,ALL,99,99,ALL,ALL,WORLD,9,2017,861,,,,TIPO_DATO15__LBIRTHES_FROM2017_N1,,,,,,,,,,,,,
IT1:25_74_DF_DCIS_NATI1_8(1.0),A,ITF3,LBIRTHES_FROM2017,ITL,Y23,TOTAL,ALL,99,99,ALL,ALL,WORLD,9,2017,1090,,,,TIPO_DATO15__LBIRTHES_FROM2017_N1,,,,,,,,,,,,,
IT1:25_74_DF_DCIS_NATI1_8(1.0),A,ITF3,LBIRTHES_FROM2017,ITL,Y24,TOTAL,ALL,99,99,ALL,ALL,WORLD,9,2017,1334,,,,TIPO_DATO15__LBIRTHES_FROM2017_N1,,,,,,,,,,,,,
IT1:25_74_DF_DCIS_NATI1_8(1.0),A,ITF3,LBIRTHES_FROM2017,ITL,Y25,TOTAL,ALL,99,99,ALL,ALL,WORLD,9,2017,1656,,,,TIPO_DATO15__LBIRTHES_FROM2017_N1,,,,,,,,,,,,,
IT1:25_74_DF_DCIS_NATI1_8(1.0),A,ITF3,LBIRTHES_FROM2017,TOTAL,Y_UN17,TOTAL,ALL,99,99,ALL,ALL,WORLD,9,2017,247,,,,TIPO_DATO15__LBIRTHES_FROM2017_N1,,,,,,,,,,,,,
IT1:25_74_DF_DCIS_NATI1_8(1.0),A,ITF3,LBIRTHES_FROM2017,TOTAL,Y18,TOTAL,ALL,99,99,ALL,ALL,WORLD,9,2017,315,,,,TIPO_DATO15__LBIRTHES_FROM2017_N1,,,,,,,,,,,,,
IT1:25_74_DF_DCIS_NATI1_8(1.0),A,ITF3,LBIRTHES_FROM2017,TOTAL,Y19,TOTAL,ALL,99,99,ALL,ALL,WORLD,9,2017,465,,,,TIPO_DATO15__LBIRTHES_FROM2017_N1,,,,,,,,,,,,,
IT1:25_74_DF_DCIS_NATI1_8(1.0),A,ITF3,LBIRTHES_FROM2017,TOTAL,Y20,TOTAL,ALL,99,99,ALL,ALL,WORLD,9,2017,626,,,,TIPO_DATO15__LBIRTHES_FROM2017_N1,,,,,,,,,,,,,
IT1:25_74_DF_DCIS_NATI1_8(1.0),A,ITF3,LBIRTHES_FROM2017,TOTAL,Y21,TOTAL,ALL,99,99,ALL,ALL,WORLD,9,2017,795,,,,TIPO_DATO15__LBIRTHES_FROM2017_N1,,,,,,,,,,,,,
IT1:25_74_DF_DCIS_NATI1_8(1.0),A,ITF3,LBIRTHES_FROM2017,TOTAL,Y22,TOTAL,ALL,99,99,ALL,ALL,WORLD,9,2017,978,,,,TIPO_DATO15__LBIRTHES_FROM2017_N1,,,,,,,,,,,,,
IT1:25_74_DF_DCIS_NATI1_8(1.0),A,ITF3,LBIRTHES_FROM2017,TOTAL,Y23,TOTAL,ALL,99,99,ALL,ALL,WORLD,9,2017,1221,,,,TIPO_DATO15__LBIRTHES_FROM2017_N1,,,,,,,,,,,,,
IT1:25_74_DF_DCIS_NATI1_8(1.0),A,ITF3,LBIRTHES_FROM2017,TOTAL,Y24,TOTAL,ALL,99,99,ALL,ALL,WORLD,9,2017,1461,,,,TIPO_DATO15__LBIRTHES_FROM2017_N1,,,,,,,,,,,,,
IT1:25_74_DF_DCIS_NATI1_8(1.0),A,ITF3,LBIRTHES_FROM2017,TOTAL,Y25,TOTAL,ALL,99,99,ALL,ALL,WORLD,9,2017,1841,,,,TIPO_DATO15__LBIRTHES_FROM2017_N1,,,,,,,,,,,,,
IT1:25_74_DF_DCIS_NATI1_8(1.0),A,ITF4,LBIRTHES_FROM2017,FRG,Y_UN17,TOTAL,ALL,99,99,ALL,ALL,WORLD,9,2017,18,,,,TIPO_DATO15__LBIRTHES_FROM2017_N1,,,,,,,,,,,,,
IT1:25_74_DF_DCIS_NATI1_8(1.0),A,ITF4,LBIRTHES_FROM2017,FRG,Y18,TOTAL,ALL,99,99,ALL,ALL,WORLD,9,2017,15,,,,TIPO_DATO15__LBIRTHES_FROM2017_N1,,,,,,,,,,,,,
IT1:25_74_DF_DCIS_NATI1_8(1.0),A,ITF4,LBIRTHES_FROM2017,FRG,Y19,TOTAL,ALL,99,99,ALL,ALL,WORLD,9,2017,32,,,,TIPO_DATO15__LBIRTHES_FROM2017_N1,,,,,,,,,,,,,
IT1:25_74_DF_DCIS_NATI1_8(1.0),A,ITF4,LBIRTHES_FROM2017,FRG,Y20,TOTAL,ALL,99,99,ALL,ALL,WORLD,9,2017,75,,,,TIPO_DATO15__LBIRTHES_FROM2017_N1,,,,,,,,,,,,,
IT1:25_74_DF_DCIS_NATI1_8(1.0),A,ITF4,LBIRTHES_FROM2017,FRG,Y21,TOTAL,ALL,99,99,ALL,ALL,WORLD,9,2017,83,,,,TIPO_DATO15__LBIRTHES_FROM2017_N1,,,,,,,,,,,,,
IT1:25_74_DF_DCIS_NATI1_8(1.0),A,ITF4,LBIRTHES_FROM2017,FRG,Y22,TOTAL,ALL,99,99,ALL,ALL,WORLD,9,2017,82,,,,TIPO_DATO15__LBIRTHES_FROM2017_N1,,,,,,,,,,,,,
IT1:25_74_DF_DCIS_NATI1_8(1.0),A,ITF4,LBIRTHES_FROM2017,FRG,Y23,TOTAL,ALL,99,99,ALL,ALL,WORLD,9,2017,97,,,,TIPO_DATO15__LBIRTHES_FROM2017_N1,,,,,,,,,,,,,
IT1:25_74_DF_DCIS_NATI1_8(1.0),A,ITF4,LBIRTHES_FROM2017,FRG,Y24,TOTAL,ALL,99,99,ALL,ALL,WORLD,9,2017,100,,,,TIPO_DATO15__LBIRTHES_FROM2017_N1,,,,,,,,,,,,,
IT1:25_74_DF_DCIS_NATI1_8(1.0),A,ITF4,LBIRTHES_FROM2017,FRG,Y25,TOTAL,ALL,99,99,ALL,ALL,WORLD,9,2017,132,,,,TIPO_DATO15__LBIRTHES_FROM2017_N1,,,,,,,,,,,,,
IT1:25_74_DF_DCIS_NATI1_8(1.0),A,ITF4,LBIRTHES_FROM2017,ITL,Y_UN17,TOTAL,ALL,99,99,ALL,ALL,WORLD,9,2017,124,,,,TIPO_DATO15__LBIRTHES_FROM2017_N1,,,,,,,,,,,,,
IT1:25_74_DF_DCIS_NATI1_8(1.0),A,ITF4,LBIRTHES_FROM2017,ITL,Y18,TOTAL,ALL,99,99,ALL,ALL,WORLD,9,2017,131,,,,TIPO_DATO15__LBIRTHES_FROM2017_N1,,,,,,,,,,,,,
IT1:25_74_DF_DCIS_NATI1_8(1.0),A,ITF4,LBIRTHES_FROM2017,ITL,Y19,TOTAL,ALL,99,99,ALL,ALL,WORLD,9,2017,207,,,,TIPO_DATO15__LBIRTHES_FROM2017_N1,,,,,,,,,,,,,
IT1:25_74_DF_DCIS_NATI1_8(1.0),A,ITF4,LBIRTHES_FROM2017,ITL,Y20,TOTAL,ALL,99,99,ALL,ALL,WORLD,9,2017,300,,,,TIPO_DATO15__LBIRTHES_FROM2017_N1,,,,,,,,,,,,,
IT1:25_74_DF_DCIS_NATI1_8(1.0),A,ITF4,LBIRTHES_FROM2017,ITL,Y21,TOTAL,ALL,99,99,ALL,ALL,WORLD,9,2017,362,,,,TIPO_DATO15__LBIRTHES_FROM2017_N1,,,,,,,,,,,,,
IT1:25_74_DF_DCIS_NATI1_8(1.0),A,ITF4,LBIRTHES_FROM2017,ITL,Y22,TOTAL,ALL,99,99,ALL,ALL,WORLD,9,2017,419,,,,TIPO_DATO15__LBIRTHES_FROM2017_N1,,,,,,,,,,,,,
IT1:25_74_DF_DCIS_NATI1_8(1.0),A,ITF4,LBIRTHES_FROM2017,ITL,Y23,TOTAL,ALL,99,99,ALL,ALL,WORLD,9,2017,517,,,,TIPO_DATO15__LBIRTHES_FROM2017_N1,,,,,,,,,,,,,
IT1:25_74_DF_DCIS_NATI1_8(1.0),A,ITF4,LBIRTHES_FROM2017,ITL,Y24,TOTAL,ALL,99,99,ALL,ALL,WORLD,9,2017,692,,,,TIPO_DATO15__LBIRTHES_FROM2017_N1,,,,,,,,,,,,,
IT1:25_74_DF_DCIS_NATI1_8(1.0),A,ITF4,LBIRTHES_FROM2017,ITL,Y25,TOTAL,ALL,99,99,ALL,ALL,WORLD,9,2017,832,,,,TIPO_DATO15__LBIRTHES_FROM2017_N1,,,,,,,,,,,,,
IT1:25_74_DF_DCIS_NATI1_8(1.0),A,ITF4,LBIRTHES_FROM2017,TOTAL,Y_UN17,TOTAL,ALL,99,99,ALL,ALL,WORLD,9,2017,142,,,,TIPO_DATO15__LBIRTHES_FROM2017_N1,,,,,,,,,,,,,
IT1:25_74_DF_DCIS_NATI1_8(1.0),A,ITF4,LBIRTHES_FROM2017,TOTAL,Y18,TOTAL,ALL,99,99,ALL,ALL,WORLD,9,2017,146,,,,TIPO_DATO15__LBIRTHES_FROM2017_N1,,,,,,,,,,,,,
IT1:25_74_DF_DCIS_NATI1_8(1.0),A,ITF4,LBIRTHES_FROM2017,TOTAL,Y19,TOTAL,ALL,99,99,ALL,ALL,WORLD,9,2017,239,,,,TIPO_DATO15__LBIRTHES_FROM2017_N1,,,,,,,,,,,,,
IT1:25_74_DF_DCIS_NATI1_8(1.0),A,ITF4,LBIRTHES_FROM2017,TOTAL,Y20,TOTAL,ALL,99,99,ALL,ALL,WORLD,9,2017,375,,,,TIPO_DATO15__LBIRTHES_FROM2017_N1,,,,,,,,,,,,,
IT1:25_74_DF_DCIS_NATI1_8(1.0),A,ITF4,LBIRTHES_FROM2017,TOTAL,Y21,TOTAL,ALL,99,99,ALL,ALL,WORLD,9,2017,445,,,,TIPO_DATO15__LBIRTHES_FROM2017_N1,,,,,,,,,,,,,
IT1:25_74_DF_DCIS_NATI1_8(1.0),A,ITF4,LBIRTHES_FROM2017,TOTAL,Y22,TOTAL,ALL,99,99,ALL,ALL,WORLD,9,2017,501,,,,TIPO_DATO15__LBIRTHES_FROM2017_N1,,,,,,,,,,,,,
IT1:25_74_DF_DCIS_NATI1_8(1.0),A,ITF4,LBIRTHES_FROM2017,TOTAL,Y23,TOTAL,ALL,99,99,ALL,ALL,WORLD,9,2017,614,,,,TIPO_DATO15__LBIRTHES_FROM2017_N1,,,,,,,,,,,,,
IT1:25_74_DF_DCIS_NATI1_8(1.0),A,ITF4,LBIRTHES_FROM2017,TOTAL,Y24,TOTAL,ALL,99,99,ALL,ALL,WORLD,9,2017,792,,,,TIPO_DATO15__LBIRTHES_FROM2017_N1,,,,,,,,,,,,,
IT1:25_74_DF_DCIS_NATI1_8(1.0),A,ITF4,LBIRTHES_FROM2017,TOTAL,Y25,TOTAL,ALL,99,99,ALL,ALL,WORLD,9,2017,964,,,,TIPO_DATO15__LBIRTHES_FROM2017_N1,,,,,,,,,,,,,
IT1:25_74_DF_DCIS_NATI1_8(1.0),A,ITF5,LBIRTHES_FROM2017,FRG,Y_UN17,TOTAL,ALL,99,99,ALL,ALL,WORLD,9,2017,1,,,,TIPO_DATO15__LBIRTHES_FROM2017_N1,,,,,,,,,,,,,
IT1:25_74_DF_DCIS_NATI1_8(1.0),A,ITF5,LBIRTHES_FROM2017,FRG,Y18,TOTAL,ALL,99,99,ALL,ALL,WORLD,9,2017,6,,,,TIPO_DATO15__LBIRTHES_FROM2017_N1,,,,,,,,,,,,,
IT1:25_74_DF_DCIS_NATI1_8(1.0),A,ITF5,LBIRTHES_FROM2017,FRG,Y19,TOTAL,ALL,99,99,ALL,ALL,WORLD,9,2017,3,,,,TIPO_DATO15__LBIRTHES_FROM2017_N1,,,,,,,,,,,,,
IT1:25_74_DF_DCIS_NATI1_8(1.0),A,ITF5,LBIRTHES_FROM2017,FRG,Y20,TOTAL,ALL,99,99,ALL,ALL,WORLD,9,2017,11,,,,TIPO_DATO15__LBIRTHES_FROM2017_N1,,,,,,,,,,,,,
IT1:25_74_DF_DCIS_NATI1_8(1.0),A,ITF5,LBIRTHES_FROM2017,FRG,Y21,TOTAL,ALL,99,99,ALL,ALL,WORLD,9,2017,15,,,,TIPO_DATO15__LBIRTHES_FROM2017_N1,,,,,,,,,,,,,
IT1:25_74_DF_DCIS_NATI1_8(1.0),A,ITF5,LBIRTHES_FROM2017,FRG,Y22,TOTAL,ALL,99,99,ALL,ALL,WORLD,9,2017,16,,,,TIPO_DATO15__LBIRTHES_FROM2017_N1,,,,,,,,,,,,,
IT1:25_74_DF_DCIS_NATI1_8(1.0),A,ITF5,LBIRTHES_FROM2017,FRG,Y23,TOTAL,ALL,99,99,ALL,ALL,WORLD,9,2017,15,,,,TIPO_DATO15__LBIRTHES_FROM2017_N1,,,,,,,,,,,,,
IT1:25_74_DF_DCIS_NATI1_8(1.0),A,ITF5,LBIRTHES_FROM2017,FRG,Y24,TOTAL,ALL,99,99,ALL,ALL,WORLD,9,2017,18,,,,TIPO_DATO15__LBIRTHES_FROM2017_N1,,,,,,,,,,,,,
IT1:25_74_DF_DCIS_NATI1_8(1.0),A,ITF5,LBIRTHES_FROM2017,FRG,Y25,TOTAL,ALL,99,99,ALL,ALL,WORLD,9,2017,27,,,,TIPO_DATO15__LBIRTHES_FROM2017_N1,,,,,,,,,,,,,
IT1:25_74_DF_DCIS_NATI1_8(1.0),A,ITF5,LBIRTHES_FROM2017,ITL,Y_UN17,TOTAL,ALL,99,99,ALL,ALL,WORLD,9,2017,8,,,,TIPO_DATO15__LBIRTHES_FROM2017_N1,,,,,,,,,,,,,
IT1:25_74_DF_DCIS_NATI1_8(1.0),A,ITF5,LBIRTHES_FROM2017,ITL,Y18,TOTAL,ALL,99,99,ALL,ALL,WORLD,9,2017,7,,,,TIPO_DATO15__LBIRTHES_FROM2017_N1,,,,,,,,,,,,,
IT1:25_74_DF_DCIS_NATI1_8(1.0),A,ITF5,LBIRTHES_FROM2017,ITL,Y19,TOTAL,ALL,99,99,ALL,ALL,WORLD,9,2017,12,,,,TIPO_DATO15__LBIRTHES_FROM2017_N1,,,,,,,,,,,,,
IT1:25_74_DF_DCIS_NATI1_8(1.0),A,ITF5,LBIRTHES_FROM2017,ITL,Y20,TOTAL,ALL,99,99,ALL,ALL,WORLD,9,2017,25,,,,TIPO_DATO15__LBIRTHES_FROM2017_N1,,,,,,,,,,,,,
IT1:25_74_DF_DCIS_NATI1_8(1.0),A,ITF5,LBIRTHES_FROM2017,ITL,Y21,TOTAL,ALL,99,99,ALL,ALL,WORLD,9,2017,30,,,,TIPO_DATO15__LBIRTHES_FROM2017_N1,,,,,,,,,,,,,
IT1:25_74_DF_DCIS_NATI1_8(1.0),A,ITF5,LBIRTHES_FROM2017,ITL,Y22,TOTAL,ALL,99,99,ALL,ALL,WORLD,9,2017,28,,,,TIPO_DATO15__LBIRTHES_FROM2017_N1,,,,,,,,,,,,,
IT1:25_74_DF_DCIS_NATI1_8(1.0),A,ITF5,LBIRTHES_FROM2017,ITL,Y23,TOTAL,ALL,99,99,ALL,ALL,WORLD,9,2017,47,,,,TIPO_DATO15__LBIRTHES_FROM2017_N1,,,,,,,,,,,,,
IT1:25_74_DF_DCIS_NATI1_8(1.0),A,ITF5,LBIRTHES_FROM2017,ITL,Y24,TOTAL,ALL,99,99,ALL,ALL,WORLD,9,2017,57,,,,TIPO_DATO15__LBIRTHES_FROM2017_N1,,,,,,,,,,,,,
IT1:25_74_DF_DCIS_NATI1_8(1.0),A,ITF5,LBIRTHES_FROM2017,ITL,Y25,TOTAL,ALL,99,99,ALL,ALL,WORLD,9,2017,83,,,,TIPO_DATO15__LBIRTHES_FROM2017_N1,,,,,,,,,,,,,
IT1:25_74_DF_DCIS_NATI1_8(1.0),A,ITF5,LBIRTHES_FROM2017,TOTAL,Y_UN17,TOTAL,ALL,99,99,ALL,ALL,WORLD,9,2017,9,,,,TIPO_DATO15__LBIRTHES_FROM2017_N1,,,,,,,,,,,,,
IT1:25_74_DF_DCIS_NATI1_8(1.0),A,ITF5,LBIRTHES_FROM2017,TOTAL,Y18,TOTAL,ALL,99,99,ALL,ALL,WORLD,9,2017,13,,,,TIPO_DATO15__LBIRTHES_FROM2017_N1,,,,,,,,,,,,,
IT1:25_74_DF_DCIS_NATI1_8(1.0),A,ITF5,LBIRTHES_FROM2017,TOTAL,Y19,TOTAL,ALL,99,99,ALL,ALL,WORLD,9,2017,15,,,,TIPO_DATO15__LBIRTHES_FROM2017_N1,,,,,,,,,,,,,
IT1:25_74_DF_DCIS_NATI1_8(1.0),A,ITF5,LBIRTHES_FROM2017,TOTAL,Y20,TOTAL,ALL,99,99,ALL,ALL,WORLD,9,2017,36,,,,TIPO_DATO15__LBIRTHES_FROM2017_N1,,,,,,,,,,,,,
IT1:25_74_DF_DCIS_NATI1_8(1.0),A,ITF5,LBIRTHES_FROM2017,TOTAL,Y21,TOTAL,ALL,99,99,ALL,ALL,WORLD,9,2017,45,,,,TIPO_DATO15__LBIRTHES_FROM2017_N1,,,,,,,,,,,,,
IT1:25_74_DF_DCIS_NATI1_8(1.0),A,ITF5,LBIRTHES_FROM2017,TOTAL,Y22,TOTAL,ALL,99,99,ALL,ALL,WORLD,9,2017,44,,,,TIPO_DATO15__LBIRTHES_FROM2017_N1,,,,,,,,,,,,,
IT1:25_74_DF_DCIS_NATI1_8(1.0),A,ITF5,LBIRTHES_FROM2017,TOTAL,Y23,TOTAL,ALL,99,99,ALL,ALL,WORLD,9,2017,62,,,,TIPO_DATO15__LBIRTHES_FROM2017_N1,,,,,,,,,,,,,
IT1:25_74_DF_DCIS_NATI1_8(1.0),A,ITF5,LBIRTHES_FROM2017,TOTAL,Y24,TOTAL,ALL,99,99,ALL,ALL,WORLD,9,2017,75,,,,TIPO_DATO15__LBIRTHES_FROM2017_N1,,,,,,,,,,,,,
IT1:25_74_DF_DCIS_NATI1_8(1.0),A,ITF5,LBIRTHES_FROM2017,TOTAL,Y25,TOTAL,ALL,99,99,ALL,ALL,WORLD,9,2017,110,,,,TIPO_DATO15__LBIRTHES_FROM2017_N1,,,,,,,,,,,,,
IT1:25_74_DF_DCIS_NATI1_8(1.0),A,ITF6,LBIRTHES_FROM2017,FRG,Y_UN17,TOTAL,ALL,99,99,ALL,ALL,WORLD,9,2017,18,,,,TIPO_DATO15__LBIRTHES_FROM2017_N1,,,,,,,,,,,,,
IT1:25_74_DF_DCIS_NATI1_8(1.0),A,ITF6,LBIRTHES_FROM2017,FRG,Y18,TOTAL,ALL,99,99,ALL,ALL,WORLD,9,2017,16,,,,TIPO_DATO15__LBIRTHES_FROM2017_N1,,,,,,,,,,,,,
IT1:25_74_DF_DCIS_NATI1_8(1.0),A,ITF6,LBIRTHES_FROM2017,FRG,Y19,TOTAL,ALL,99,99,ALL,ALL,WORLD,9,2017,19,,,,TIPO_DATO15__LBIRTHES_FROM2017_N1,,,,,,,,,,,,,
IT1:25_74_DF_DCIS_NATI1_8(1.0),A,ITF6,LBIRTHES_FROM2017,FRG,Y20,TOTAL,ALL,99,99,ALL,ALL,WORLD,9,2017,48,,,,TIPO_DATO15__LBIRTHES_FROM2017_N1,,,,,,,,,,,,,
IT1:25_74_DF_DCIS_NATI1_8(1.0),A,ITF6,LBIRTHES_FROM2017,FRG,Y21,TOTAL,ALL,99,99,ALL,ALL,WORLD,9,2017,51,,,,TIPO_DATO15__LBIRTHES_FROM2017_N1,,,,,,,,,,,,,
IT1:25_74_DF_DCIS_NATI1_8(1.0),A,ITF6,LBIRTHES_FROM2017,FRG,Y22,TOTAL,ALL,99,99,ALL,ALL,WORLD,9,2017,54,,,,TIPO_DATO15__LBIRTHES_FROM2017_N1,,,,,,,,,,,,,
IT1:25_74_DF_DCIS_NATI1_8(1.0),A,ITF6,LBIRTHES_FROM2017,FRG,Y23,TOTAL,ALL,99,99,ALL,ALL,WORLD,9,2017,78,,,,TIPO_DATO15__LBIRTHES_FROM2017_N1,,,,,,,,,,,,,
IT1:25_74_DF_DCIS_NATI1_8(1.0),A,ITF6,LBIRTHES_FROM2017,FRG,Y24,TOTAL,ALL,99,99,ALL,ALL,WORLD,9,2017,86,,,,TIPO_DATO15__LBIRTHES_FROM2017_N1,,,,,,,,,,,,,
IT1:25_74_DF_DCIS_NATI1_8(1.0),A,ITF6,LBIRTHES_FROM2017,FRG,Y25,TOTAL,ALL,99,99,ALL,ALL,WORLD,9,2017,73,,,,TIPO_DATO15__LBIRTHES_FROM2017_N1,,,,,,,,,,,,,
IT1:25_74_DF_DCIS_NATI1_8(1.0),A,ITF6,LBIRTHES_FROM2017,ITL,Y_UN17,TOTAL,ALL,99,99,ALL,ALL,WORLD,9,2017,55,,,,TIPO_DATO15__LBIRTHES_FROM2017_N1,,,,,,,,,,,,,
IT1:25_74_DF_DCIS_NATI1_8(1.0),A,ITF6,LBIRTHES_FROM2017,ITL,Y18,TOTAL,ALL,99,99,ALL,ALL,WORLD,9,2017,38,,,,TIPO_DATO15__LBIRTHES_FROM2017_N1,,,,,,,,,,,,,
IT1:25_74_DF_DCIS_NATI1_8(1.0),A,ITF6,LBIRTHES_FROM2017,ITL,Y19,TOTAL,ALL,99,99,ALL,ALL,WORLD,9,2017,86,,,,TIPO_DATO15__LBIRTHES_FROM2017_N1,,,,,,,,,,,,,
IT1:25_74_DF_DCIS_NATI1_8(1.0),A,ITF6,LBIRTHES_FROM2017,ITL,Y20,TOTAL,ALL,99,99,ALL,ALL,WORLD,9,2017,102,,,,TIPO_DATO15__LBIRTHES_FROM2017_N1,,,,,,,,,,,,,
IT1:25_74_DF_DCIS_NATI1_8(1.0),A,ITF6,LBIRTHES_FROM2017,ITL,Y21,TOTAL,ALL,99,99,ALL,ALL,WORLD,9,2017,191,,,,TIPO_DATO15__LBIRTHES_FROM2017_N1,,,,,,,,,,,,,
IT1:25_74_DF_DCIS_NATI1_8(1.0),A,ITF6,LBIRTHES_FROM2017,ITL,Y22,TOTAL,ALL,99,99,ALL,ALL,WORLD,9,2017,208,,,,TIPO_DATO15__LBIRTHES_FROM2017_N1,,,,,,,,,,,,,
IT1:25_74_DF_DCIS_NATI1_8(1.0),A,ITF6,LBIRTHES_FROM2017,ITL,Y23,TOTAL,ALL,99,99,ALL,ALL,WORLD,9,2017,280,,,,TIPO_DATO15__LBIRTHES_FROM2017_N1,,,,,,,,,,,,,
IT1:25_74_DF_DCIS_NATI1_8(1.0),A,ITF6,LBIRTHES_FROM2017,ITL,Y24,TOTAL,ALL,99,99,ALL,ALL,WORLD,9,2017,391,,,,TIPO_DATO15__LBIRTHES_FROM2017_N1,,,,,,,,,,,,,
IT1:25_74_DF_DCIS_NATI1_8(1.0),A,ITF6,LBIRTHES_FROM2017,ITL,Y25,TOTAL,ALL,99,99,ALL,ALL,WORLD,9,2017,469,,,,TIPO_DATO15__LBIRTHES_FROM2017_N1,,,,,,,,,,,,,
IT1:25_74_DF_DCIS_NATI1_8(1.0),A,ITF6,LBIRTHES_FROM2017,TOTAL,Y_UN17,TOTAL,ALL,99,99,ALL,ALL,WORLD,9,2017,73,,,,TIPO_DATO15__LBIRTHES_FROM2017_N1,,,,,,,,,,,,,
IT1:25_74_DF_DCIS_NATI1_8(1.0),A,ITF6,LBIRTHES_FROM2017,TOTAL,Y18,TOTAL,ALL,99,99,ALL,ALL,WORLD,9,2017,54,,,,TIPO_DATO15__LBIRTHES_FROM2017_N1,,,,,,,,,,,,,
IT1:25_74_DF_DCIS_NATI1_8(1.0),A,ITF6,LBIRTHES_FROM2017,TOTAL,Y19,TOTAL,ALL,99,99,ALL,ALL,WORLD,9,2017,105,,,,TIPO_DATO15__LBIRTHES_FROM2017_N1,,,,,,,,,,,,,
IT1:25_74_DF_DCIS_NATI1_8(1.0),A,ITF6,LBIRTHES_FROM2017,TOTAL,Y20,TOTAL,ALL,99,99,ALL,ALL,WORLD,9,2017,150,,,,TIPO_DATO15__LBIRTHES_FROM2017_N1,,,,,,,,,,,,,
IT1:25_74_DF_DCIS_NATI1_8(1.0),A,ITF6,LBIRTHES_FROM2017,TOTAL,Y21,TOTAL,ALL,99,99,ALL,ALL,WORLD,9,2017,242,,,,TIPO_DATO15__LBIRTHES_FROM2017_N1,,,,,,,,,,,,,
IT1:25_74_DF_DCIS_NATI1_8(1.0),A,ITF6,LBIRTHES_FROM2017,TOTAL,Y22,TOTAL,ALL,99,99,ALL,ALL,WORLD,9,2017,262,,,,TIPO_DATO15__LBIRTHES_FROM2017_N1,,,,,,,,,,,,,
IT1:25_74_DF_DCIS_NATI1_8(1.0),A,ITF6,LBIRTHES_FROM2017,TOTAL,Y23,TOTAL,ALL,99,99,ALL,ALL,WORLD,9,2017,358,,,,TIPO_DATO15__LBIRTHES_FROM2017_N1,,,,,,,,,,,,,
IT1:25_74_DF_DCIS_NATI1_8(1.0),A,ITF6,LBIRTHES_FROM2017,TOTAL,Y24,TOTAL,ALL,99,99,ALL,ALL,WORLD,9,2017,477,,,,TIPO_DATO15__LBIRTHES_FROM2017_N1,,,,,,,,,,,,,
IT1:25_74_DF_DCIS_NATI1_8(1.0),A,ITF6,LBIRTHES_FROM2017,TOTAL,Y25,TOTAL,ALL,99,99,ALL,ALL,WORLD,9,2017,542,,,,TIPO_DATO15__LBIRTHES_FROM2017_N1,,,,,,,,,,,,,
IT1:25_74_DF_DCIS_NATI1_8(1.0),A,ITG1,LBIRTHES_FROM2017,FRG,Y_UN17,TOTAL,ALL,99,99,ALL,ALL,WORLD,9,2017,15,,,,TIPO_DATO15__LBIRTHES_FROM2017_N1,,,,,,,,,,,,,
IT1:25_74_DF_DCIS_NATI1_8(1.0),A,ITG1,LBIRTHES_FROM2017,FRG,Y18,TOTAL,ALL,99,99,ALL,ALL,WORLD,9,2017,34,,,,TIPO_DATO15__LBIRTHES_FROM2017_N1,,,,,,,,,,,,,
IT1:25_74_DF_DCIS_NATI1_8(1.0),A,ITG1,LBIRTHES_FROM2017,FRG,Y19,TOTAL,ALL,99,99,ALL,ALL,WORLD,9,2017,73,,,,TIPO_DATO15__LBIRTHES_FROM2017_N1,,,,,,,,,,,,,
IT1:25_74_DF_DCIS_NATI1_8(1.0),A,ITG1,LBIRTHES_FROM2017,FRG,Y20,TOTAL,ALL,99,99,ALL,ALL,WORLD,9,2017,73,,,,TIPO_DATO15__LBIRTHES_FROM2017_N1,,,,,,,,,,,,,
IT1:25_74_DF_DCIS_NATI1_8(1.0),A,ITG1,LBIRTHES_FROM2017,FRG,Y21,TOTAL,ALL,99,99,ALL,ALL,WORLD,9,2017,95,,,,TIPO_DATO15__LBIRTHES_FROM2017_N1,,,,,,,,,,,,,
IT1:25_74_DF_DCIS_NATI1_8(1.0),A,ITG1,LBIRTHES_FROM2017,FRG,Y22,TOTAL,ALL,99,99,ALL,ALL,WORLD,9,2017,128,,,,TIPO_DATO15__LBIRTHES_FROM2017_N1,,,,,,,,,,,,,
IT1:25_74_DF_DCIS_NATI1_8(1.0),A,ITG1,LBIRTHES_FROM2017,FRG,Y23,TOTAL,ALL,99,99,ALL,ALL,WORLD,9,2017,139,,,,TIPO_DATO15__LBIRTHES_FROM2017_N1,,,,,,,,,,,,,
IT1:25_74_DF_DCIS_NATI1_8(1.0),A,ITG1,LBIRTHES_FROM2017,FRG,Y24,TOTAL,ALL,99,99,ALL,ALL,WORLD,9,2017,162,,,,TIPO_DATO15__LBIRTHES_FROM2017_N1,,,,,,,,,,,,,
IT1:25_74_DF_DCIS_NATI1_8(1.0),A,ITG1,LBIRTHES_FROM2017,FRG,Y25,TOTAL,ALL,99,99,ALL,ALL,WORLD,9,2017,174,,,,TIPO_DATO15__LBIRTHES_FROM2017_N1,,,,,,,,,,,,,
IT1:25_74_DF_DCIS_NATI1_8(1.0),A,ITG1,LBIRTHES_FROM2017,ITL,Y_UN17,TOTAL,ALL,99,99,ALL,ALL,WORLD,9,2017,313,,,,TIPO_DATO15__LBIRTHES_FROM2017_N1,,,,,,,,,,,,,
IT1:25_74_DF_DCIS_NATI1_8(1.0),A,ITG1,LBIRTHES_FROM2017,ITL,Y18,TOTAL,ALL,99,99,ALL,ALL,WORLD,9,2017,311,,,,TIPO_DATO15__LBIRTHES_FROM2017_N1,,,,,,,,,,,,,
IT1:25_74_DF_DCIS_NATI1_8(1.0),A,ITG1,LBIRTHES_FROM2017,ITL,Y19,TOTAL,ALL,99,99,ALL,ALL,WORLD,9,2017,436,,,,TIPO_DATO15__LBIRTHES_FROM2017_N1,,,,,,,,,,,,,
IT1:25_74_DF_DCIS_NATI1_8(1.0),A,ITG1,LBIRTHES_FROM2017,ITL,Y20,TOTAL,ALL,99,99,ALL,ALL,WORLD,9,2017,550,,,,TIPO_DATO15__LBIRTHES_FROM2017_N1,,,,,,,,,,,,,
IT1:25_74_DF_DCIS_NATI1_8(1.0),A,ITG1,LBIRTHES_FROM2017,ITL,Y21,TOTAL,ALL,99,99,ALL,ALL,WORLD,9,2017,626,,,,TIPO_DATO15__LBIRTHES_FROM2017_N1,,,,,,,,,,,,,
IT1:25_74_DF_DCIS_NATI1_8(1.0),A,ITG1,LBIRTHES_FROM2017,ITL,Y22,TOTAL,ALL,99,99,ALL,ALL,WORLD,9,2017,806,,,,TIPO_DATO15__LBIRTHES_FROM2017_N1,,,,,,,,,,,,,
IT1:25_74_DF_DCIS_NATI1_8(1.0),A,ITG1,LBIRTHES_FROM2017,ITL,Y23,TOTAL,ALL,99,99,ALL,ALL,WORLD,9,2017,982,,,,TIPO_DATO15__LBIRTHES_FROM2017_N1,,,,,,,,,,,,,
IT1:25_74_DF_DCIS_NATI1_8(1.0),A,ITG1,LBIRTHES_FROM2017,ITL,Y24,TOTAL,ALL,99,99,ALL,ALL,WORLD,9,2017,1210,,,,TIPO_DATO15__LBIRTHES_FROM2017_N1,,,,,,,,,,,,,
IT1:25_74_DF_DCIS_NATI1_8(1.0),A,ITG1,LBIRTHES_FROM2017,ITL,Y25,TOTAL,ALL,99,99,ALL,ALL,WORLD,9,2017,1461,,,,TIPO_DATO15__LBIRTHES_FROM2017_N1,,,,,,,,,,,,,
IT1:25_74_DF_DCIS_NATI1_8(1.0),A,ITG1,LBIRTHES_FROM2017,TOTAL,Y_UN17,TOTAL,ALL,99,99,ALL,ALL,WORLD,9,2017,328,,,,TIPO_DATO15__LBIRTHES_FROM2017_N1,,,,,,,,,,,,,
IT1:25_74_DF_DCIS_NATI1_8(1.0),A,ITG1,LBIRTHES_FROM2017,TOTAL,Y18,TOTAL,ALL,99,99,ALL,ALL,WORLD,9,2017,345,,,,TIPO_DATO15__LBIRTHES_FROM2017_N1,,,,,,,,,,,,,
IT1:25_74_DF_DCIS_NATI1_8(1.0),A,ITG1,LBIRTHES_FROM2017,TOTAL,Y19,TOTAL,ALL,99,99,ALL,ALL,WORLD,9,2017,509,,,,TIPO_DATO15__LBIRTHES_FROM2017_N1,,,,,,,,,,,,,
IT1:25_74_DF_DCIS_NATI1_8(1.0),A,ITG1,LBIRTHES_FROM2017,TOTAL,Y20,TOTAL,ALL,99,99,ALL,ALL,WORLD,9,2017,623,,,,TIPO_DATO15__LBIRTHES_FROM2017_N1,,,,,,,,,,,,,
IT1:25_74_DF_DCIS_NATI1_8(1.0),A,ITG1,LBIRTHES_FROM2017,TOTAL,Y21,TOTAL,ALL,99,99,ALL,ALL,WORLD,9,2017,721,,,,TIPO_DATO15__LBIRTHES_FROM2017_N1,,,,,,,,,,,,,
IT1:25_74_DF_DCIS_NATI1_8(1.0),A,ITG1,LBIRTHES_FROM2017,TOTAL,Y22,TOTAL,ALL,99,99,ALL,ALL,WORLD,9,2017,934,,,,TIPO_DATO15__LBIRTHES_FROM2017_N1,,,,,,,,,,,,,
IT1:25_74_DF_DCIS_NATI1_8(1.0),A,ITG1,LBIRTHES_FROM2017,TOTAL,Y23,TOTAL,ALL,99,99,ALL,ALL,WORLD,9,2017,1121,,,,TIPO_DATO15__LBIRTHES_FROM2017_N1,,,,,,,,,,,,,
IT1:25_74_DF_DCIS_NATI1_8(1.0),A,ITG1,LBIRTHES_FROM2017,TOTAL,Y24,TOTAL,ALL,99,99,ALL,ALL,WORLD,9,2017,1372,,,,TIPO_DATO15__LBIRTHES_FROM2017_N1,,,,,,,,,,,,,
IT1:25_74_DF_DCIS_NATI1_8(1.0),A,ITG1,LBIRTHES_FROM2017,TOTAL,Y25,TOTAL,ALL,99,99,ALL,ALL,WORLD,9,2017,1635,,,,TIPO_DATO15__LBIRTHES_FROM2017_N1,,,,,,,,,,,,,
IT1:25_74_DF_DCIS_NATI1_8(1.0),A,ITG2,LBIRTHES_FROM2017,FRG,Y_UN17,TOTAL,ALL,99,99,ALL,ALL,WORLD,9,2017,4,,,,TIPO_DATO15__LBIRTHES_FROM2017_N1,,,,,,,,,,,,,
IT1:25_74_DF_DCIS_NATI1_8(1.0),A,ITG2,LBIRTHES_FROM2017,FRG,Y18,TOTAL,ALL,99,99,ALL,ALL,WORLD,9,2017,7,,,,TIPO_DATO15__LBIRTHES_FROM2017_N1,,,,,,,,,,,,,
IT1:25_74_DF_DCIS_NATI1_8(1.0),A,ITG2,LBIRTHES_FROM2017,FRG,Y19,TOTAL,ALL,99,99,ALL,ALL,WORLD,9,2017,5,,,,TIPO_DATO15__LBIRTHES_FROM2017_N1,,,,,,,,,,,,,
IT1:25_74_DF_DCIS_NATI1_8(1.0),A,ITG2,LBIRTHES_FROM2017,FRG,Y20,TOTAL,ALL,99,99,ALL,ALL,WORLD,9,2017,12,,,,TIPO_DATO15__LBIRTHES_FROM2017_N1,,,,,,,,,,,,,
IT1:25_74_DF_DCIS_NATI1_8(1.0),A,ITG2,LBIRTHES_FROM2017,FRG,Y21,TOTAL,ALL,99,99,ALL,ALL,WORLD,9,2017,19,,,,TIPO_DATO15__LBIRTHES_FROM2017_N1,,,,,,,,,,,,,
IT1:25_74_DF_DCIS_NATI1_8(1.0),A,ITG2,LBIRTHES_FROM2017,FRG,Y22,TOTAL,ALL,99,99,ALL,ALL,WORLD,9,2017,29,,,,TIPO_DATO15__LBIRTHES_FROM2017_N1,,,,,,,,,,,,,
IT1:25_74_DF_DCIS_NATI1_8(1.0),A,ITG2,LBIRTHES_FROM2017,FRG,Y23,TOTAL,ALL,99,99,ALL,ALL,WORLD,9,2017,26,,,,TIPO_DATO15__LBIRTHES_FROM2017_N1,,,,,,,,,,,,,
IT1:25_74_DF_DCIS_NATI1_8(1.0),A,ITG2,LBIRTHES_FROM2017,FRG,Y24,TOTAL,ALL,99,99,ALL,ALL,WORLD,9,2017,33,,,,TIPO_DATO15__LBIRTHES_FROM2017_N1,,,,,,,,,,,,,
IT1:25_74_DF_DCIS_NATI1_8(1.0),A,ITG2,LBIRTHES_FROM2017,FRG,Y25,TOTAL,ALL,99,99,ALL,ALL,WORLD,9,2017,33,,,,TIPO_DATO15__LBIRTHES_FROM2017_N1,,,,,,,,,,,,,
IT1:25_74_DF_DCIS_NATI1_8(1.0),A,ITG2,LBIRTHES_FROM2017,ITL,Y_UN17,TOTAL,ALL,99,99,ALL,ALL,WORLD,9,2017,25,,,,TIPO_DATO15__LBIRTHES_FROM2017_N1,,,,,,,,,,,,,
IT1:25_74_DF_DCIS_NATI1_8(1.0),A,ITG2,LBIRTHES_FROM2017,ITL,Y18,TOTAL,ALL,99,99,ALL,ALL,WORLD,9,2017,30,,,,TIPO_DATO15__LBIRTHES_FROM2017_N1,,,,,,,,,,,,,
IT1:25_74_DF_DCIS_NATI1_8(1.0),A,ITG2,LBIRTHES_FROM2017,ITL,Y19,TOTAL,ALL,99,99,ALL,ALL,WORLD,9,2017,40,,,,TIPO_DATO15__LBIRTHES_FROM2017_N1,,,,,,,,,,,,,
IT1:25_74_DF_DCIS_NATI1_8(1.0),A,ITG2,LBIRTHES_FROM2017,ITL,Y20,TOTAL,ALL,99,99,ALL,ALL,WORLD,9,2017,58,,,,TIPO_DATO15__LBIRTHES_FROM2017_N1,,,,,,,,,,,,,
IT1:25_74_DF_DCIS_NATI1_8(1.0),A,ITG2,LBIRTHES_FROM2017,ITL,Y21,TOTAL,ALL,99,99,ALL,ALL,WORLD,9,2017,100,,,,TIPO_DATO15__LBIRTHES_FROM2017_N1,,,,,,,,,,,,,
IT1:25_74_DF_DCIS_NATI1_8(1.0),A,ITG2,LBIRTHES_FROM2017,ITL,Y22,TOTAL,ALL,99,99,ALL,ALL,WORLD,9,2017,123,,,,TIPO_DATO15__LBIRTHES_FROM2017_N1,,,,,,,,,,,,,
IT1:25_74_DF_DCIS_NATI1_8(1.0),A,ITG2,LBIRTHES_FROM2017,ITL,Y23,TOTAL,ALL,99,99,ALL,ALL,WORLD,9,2017,164,,,,TIPO_DATO15__LBIRTHES_FROM2017_N1,,,,,,,,,,,,,
IT1:25_74_DF_DCIS_NATI1_8(1.0),A,ITG2,LBIRTHES_FROM2017,ITL,Y24,TOTAL,ALL,99,99,ALL,ALL,WORLD,9,2017,190,,,,TIPO_DATO15__LBIRTHES_FROM2017_N1,,,,,,,,,,,,,
IT1:25_74_DF_DCIS_NATI1_8(1.0),A,ITG2,LBIRTHES_FROM2017,ITL,Y25,TOTAL,ALL,99,99,ALL,ALL,WORLD,9,2017,228,,,,TIPO_DATO15__LBIRTHES_FROM2017_N1,,,,,,,,,,,,,
IT1:25_74_DF_DCIS_NATI1_8(1.0),A,ITG2,LBIRTHES_FROM2017,TOTAL,Y_UN17,TOTAL,ALL,99,99,ALL,ALL,WORLD,9,2017,29,,,,TIPO_DATO15__LBIRTHES_FROM2017_N1,,,,,,,,,,,,,
IT1:25_74_DF_DCIS_NATI1_8(1.0),A,ITG2,LBIRTHES_FROM2017,TOTAL,Y18,TOTAL,ALL,99,99,ALL,ALL,WORLD,9,2017,37,,,,TIPO_DATO15__LBIRTHES_FROM2017_N1,,,,,,,,,,,,,
IT1:25_74_DF_DCIS_NATI1_8(1.0),A,ITG2,LBIRTHES_FROM2017,TOTAL,Y19,TOTAL,ALL,99,99,ALL,ALL,WORLD,9,2017,45,,,,TIPO_DATO15__LBIRTHES_FROM2017_N1,,,,,,,,,,,,,
IT1:25_74_DF_DCIS_NATI1_8(1.0),A,ITG2,LBIRTHES_FROM2017,TOTAL,Y20,TOTAL,ALL,99,99,ALL,ALL,WORLD,9,2017,70,,,,TIPO_DATO15__LBIRTHES_FROM2017_N1,,,,,,,,,,,,,
IT1:25_74_DF_DCIS_NATI1_8(1.0),A,ITG2,LBIRTHES_FROM2017,TOTAL,Y21,TOTAL,ALL,99,99,ALL,ALL,WORLD,9,2017,119,,,,TIPO_DATO15__LBIRTHES_FROM2017_N1,,,,,,,,,,,,,
IT1:25_74_DF_DCIS_NATI1_8(1.0),A,ITG2,LBIRTHES_FROM2017,TOTAL,Y22,TOTAL,ALL,99,99,ALL,ALL,WORLD,9,2017,152,,,,TIPO_DATO15__LBIRTHES_FROM2017_N1,,,,,,,,,,,,,
IT1:25_74_DF_DCIS_NATI1_8(1.0),A,ITG2,LBIRTHES_FROM2017,TOTAL,Y23,TOTAL,ALL,99,99,ALL,ALL,WORLD,9,2017,190,,,,TIPO_DATO15__LBIRTHES_FROM2017_N1,,,,,,,,,,,,,
IT1:25_74_DF_DCIS_NATI1_8(1.0),A,ITG2,LBIRTHES_FROM2017,TOTAL,Y24,TOTAL,ALL,99,99,ALL,ALL,WORLD,9,2017,223,,,,TIPO_DATO15__LBIRTHES_FROM2017_N1,,,,,,,,,,,,,
IT1:25_74_DF_DCIS_NATI1_8(1.0),A,ITG2,LBIRTHES_FROM2017,TOTAL,Y25,TOTAL,ALL,99,99,ALL,ALL,WORLD,9,2017,261,,,,TIPO_DATO15__LBIRTHES_FROM2017_N1,,,,,,,,,,,,,
